84485,1.53668,"15.0, 15.0","785.0, 785.0",Shared MultiHeuristic A*,True,0.3,1545.0179891590074
87970,1.63817,"15.0, 15.0","785.0, 785.0",Shared MultiHeuristic A*,True,0.3,1573.2674517048856
85210,1.53843,"15.0, 15.0","785.0, 785.0",Shared MultiHeuristic A*,True,0.3,1608.4614555097548
84160,1.50637,"15.0, 15.0","785.0, 785.0",Shared MultiHeuristic A*,True,0.3,1607.9081756896987
85845,1.54027,"15.0, 15.0","785.0, 785.0",Shared MultiHeuristic A*,True,0.3,1569.0048687713413
85585,1.53857,"15.0, 15.0","785.0, 785.0",Shared MultiHeuristic A*,True,0.3,1569.9950570406172
84240,1.51309,"15.0, 15.0","785.0, 785.0",Shared MultiHeuristic A*,True,0.3,1593.943269745745
82390,1.45658,"15.0, 15.0","785.0, 785.0",Shared MultiHeuristic A*,True,0.3,1600.9886584432838
79705,1.37593,"15.0, 15.0","785.0, 785.0",Shared MultiHeuristic A*,True,0.3,1536.8277668256296
81475,1.42802,"15.0, 15.0","785.0, 785.0",Shared MultiHeuristic A*,True,0.3,1545.1577882772665
84670,1.50052,"15.0, 15.0","785.0, 785.0",Shared MultiHeuristic A*,True,0.3,1577.333807531929
88580,1.58665,"15.0, 15.0","785.0, 785.0",Shared MultiHeuristic A*,True,0.3,1561.6824479149277
87885,1.49942,"15.0, 15.0","785.0, 785.0",Shared MultiHeuristic A*,True,0.3,1585.1021575529242
87960,1.50629,"15.0, 15.0","785.0, 785.0",Shared MultiHeuristic A*,True,0.3,1603.5318830784915
89710,1.55748,"15.0, 15.0","785.0, 785.0",Shared MultiHeuristic A*,True,0.3,1617.4739375541726
80125,1.30548,"15.0, 15.0","785.0, 785.0",Shared MultiHeuristic A*,True,0.3,1564.2311466683877
86350,1.46461,"15.0, 15.0","785.0, 785.0",Shared MultiHeuristic A*,True,0.3,1553.246183373596
84520,1.40521,"15.0, 15.0","785.0, 785.0",Shared MultiHeuristic A*,True,0.3,1542.013292876284
82715,1.38252,"15.0, 15.0","785.0, 785.0",Shared MultiHeuristic A*,True,0.3,1604.201412867033
86740,1.46996,"15.0, 15.0","785.0, 785.0",Shared MultiHeuristic A*,True,0.3,1560.373067121416
82500,1.37450,"15.0, 15.0","785.0, 785.0",Shared MultiHeuristic A*,True,0.3,1603.2286783660552
84425,1.41488,"15.0, 15.0","785.0, 785.0",Shared MultiHeuristic A*,True,0.3,1568.1676362975913
84180,1.41251,"15.0, 15.0","785.0, 785.0",Shared MultiHeuristic A*,True,0.3,1606.3135798158928
85635,1.44278,"15.0, 15.0","785.0, 785.0",Shared MultiHeuristic A*,True,0.3,1555.6404475853117
83470,1.38042,"15.0, 15.0","785.0, 785.0",Shared MultiHeuristic A*,True,0.3,1543.899879190425
86485,1.50491,"15.0, 15.0","785.0, 785.0",Shared MultiHeuristic A*,True,0.3,1573.6214345506187
88005,1.52140,"15.0, 15.0","785.0, 785.0",Shared MultiHeuristic A*,True,0.3,1588.650230434135
80535,1.35274,"15.0, 15.0","785.0, 785.0",Shared MultiHeuristic A*,True,0.3,1545.3622742407679
89775,1.56439,"15.0, 15.0","785.0, 785.0",Shared MultiHeuristic A*,True,0.3,1590.1333052398982
86455,1.45788,"15.0, 15.0","785.0, 785.0",Shared MultiHeuristic A*,True,0.3,1610.1492457711163
82830,1.36525,"15.0, 15.0","785.0, 785.0",Shared MultiHeuristic A*,True,0.3,1568.5296534511758
85950,1.46139,"15.0, 15.0","785.0, 785.0",Shared MultiHeuristic A*,True,0.3,1566.8209087177356
81040,1.32835,"15.0, 15.0","785.0, 785.0",Shared MultiHeuristic A*,True,0.3,1553.23952572534
85845,1.45935,"15.0, 15.0","785.0, 785.0",Shared MultiHeuristic A*,True,0.3,1552.560027402732
80035,1.29924,"15.0, 15.0","785.0, 785.0",Shared MultiHeuristic A*,True,0.3,1551.543970196121
89365,1.54897,"15.0, 15.0","785.0, 785.0",Shared MultiHeuristic A*,True,0.3,1619.9850377803457
82095,1.36934,"15.0, 15.0","785.0, 785.0",Shared MultiHeuristic A*,True,0.3,1550.941802951223
80985,1.33774,"15.0, 15.0","785.0, 785.0",Shared MultiHeuristic A*,True,0.3,1546.9160129838804
84505,1.43623,"15.0, 15.0","785.0, 785.0",Shared MultiHeuristic A*,True,0.3,1576.8149226781627
85580,1.44935,"15.0, 15.0","785.0, 785.0",Shared MultiHeuristic A*,True,0.3,1575.7755147819478
83395,1.39400,"15.0, 15.0","785.0, 785.0",Shared MultiHeuristic A*,True,0.3,1547.7479589434731
85245,1.44243,"15.0, 15.0","785.0, 785.0",Shared MultiHeuristic A*,True,0.3,1558.1026049261022
82780,1.39628,"15.0, 15.0","785.0, 785.0",Shared MultiHeuristic A*,True,0.3,1578.4760108395187
89345,1.53843,"15.0, 15.0","785.0, 785.0",Shared MultiHeuristic A*,True,0.3,1594.5241727302478
85265,1.45437,"15.0, 15.0","785.0, 785.0",Shared MultiHeuristic A*,True,0.3,1572.6434433088136
82935,1.38173,"15.0, 15.0","785.0, 785.0",Shared MultiHeuristic A*,True,0.3,1562.4040036269262
84350,1.41829,"15.0, 15.0","785.0, 785.0",Shared MultiHeuristic A*,True,0.3,1570.0822424079183
87650,1.49374,"15.0, 15.0","785.0, 785.0",Shared MultiHeuristic A*,True,0.3,1580.8739899982538
82225,1.35212,"15.0, 15.0","785.0, 785.0",Shared MultiHeuristic A*,True,0.3,1554.1163505539173
83070,1.37116,"15.0, 15.0","785.0, 785.0",Shared MultiHeuristic A*,True,0.3,1552.8837521549149
81985,1.35729,"15.0, 15.0","785.0, 785.0",Shared MultiHeuristic A*,True,0.3,1567.60402155441
83490,1.38646,"15.0, 15.0","785.0, 785.0",Shared MultiHeuristic A*,True,0.3,1554.9708816483599
79795,1.29400,"15.0, 15.0","785.0, 785.0",Shared MultiHeuristic A*,True,0.3,1542.3469252907912
84870,1.42742,"15.0, 15.0","785.0, 785.0",Shared MultiHeuristic A*,True,0.3,1555.9686855023924
84015,1.40638,"15.0, 15.0","785.0, 785.0",Shared MultiHeuristic A*,True,0.3,1539.9405662484548
82000,1.33432,"15.0, 15.0","785.0, 785.0",Shared MultiHeuristic A*,True,0.3,1561.607040615863
82270,1.35303,"15.0, 15.0","785.0, 785.0",Shared MultiHeuristic A*,True,0.3,1546.4411963836235
83130,1.37217,"15.0, 15.0","785.0, 785.0",Shared MultiHeuristic A*,True,0.3,1561.2198392326145
85060,1.42037,"15.0, 15.0","785.0, 785.0",Shared MultiHeuristic A*,True,0.3,1570.751570274545
85260,1.43332,"15.0, 15.0","785.0, 785.0",Shared MultiHeuristic A*,True,0.3,1572.7518389258976
85160,1.42411,"15.0, 15.0","785.0, 785.0",Shared MultiHeuristic A*,True,0.3,1622.9704696522006
80925,1.33434,"15.0, 15.0","785.0, 785.0",Shared MultiHeuristic A*,True,0.3,1591.5405246970845
85245,1.43322,"15.0, 15.0","785.0, 785.0",Shared MultiHeuristic A*,True,0.3,1554.765809952342
83440,1.36886,"15.0, 15.0","785.0, 785.0",Shared MultiHeuristic A*,True,0.3,1552.2745678519275
85490,1.42786,"15.0, 15.0","785.0, 785.0",Shared MultiHeuristic A*,True,0.3,1570.34638985588
80330,1.30876,"15.0, 15.0","785.0, 785.0",Shared MultiHeuristic A*,True,0.3,1536.666592616803
79950,1.28801,"15.0, 15.0","785.0, 785.0",Shared MultiHeuristic A*,True,0.3,1540.5365877347278
80955,1.33327,"15.0, 15.0","785.0, 785.0",Shared MultiHeuristic A*,True,0.3,1587.5428718655667
84510,1.42331,"15.0, 15.0","785.0, 785.0",Shared MultiHeuristic A*,True,0.3,1599.9900811373975
83150,1.38137,"15.0, 15.0","785.0, 785.0",Shared MultiHeuristic A*,True,0.3,1608.8106017636153
85435,1.44094,"15.0, 15.0","785.0, 785.0",Shared MultiHeuristic A*,True,0.3,1564.622769415247
83200,1.40710,"15.0, 15.0","785.0, 785.0",Shared MultiHeuristic A*,True,0.3,1559.0359776856258
79030,1.28207,"15.0, 15.0","785.0, 785.0",Shared MultiHeuristic A*,True,0.3,1542.5050517712023
83865,1.42796,"15.0, 15.0","785.0, 785.0",Shared MultiHeuristic A*,True,0.3,1592.6753609737507
86350,1.50307,"15.0, 15.0","785.0, 785.0",Shared MultiHeuristic A*,True,0.3,1575.3749514717986
87990,1.51116,"15.0, 15.0","785.0, 785.0",Shared MultiHeuristic A*,True,0.3,1558.8968308766912
80815,1.30989,"15.0, 15.0","785.0, 785.0",Shared MultiHeuristic A*,True,0.3,1554.864236142226
84780,1.41998,"15.0, 15.0","785.0, 785.0",Shared MultiHeuristic A*,True,0.3,1556.0614338357836
81510,1.33175,"15.0, 15.0","785.0, 785.0",Shared MultiHeuristic A*,True,0.3,1587.7283564618747
86610,1.46297,"15.0, 15.0","785.0, 785.0",Shared MultiHeuristic A*,True,0.3,1567.0448143511012
87955,1.50986,"15.0, 15.0","785.0, 785.0",Shared MultiHeuristic A*,True,0.3,1631.940389869679
85820,1.44551,"15.0, 15.0","785.0, 785.0",Shared MultiHeuristic A*,True,0.3,1569.295507375656
83750,1.40830,"15.0, 15.0","785.0, 785.0",Shared MultiHeuristic A*,True,0.3,1602.0570097216225
84530,1.41056,"15.0, 15.0","785.0, 785.0",Shared MultiHeuristic A*,True,0.3,1547.6569642184395
82865,1.37468,"15.0, 15.0","785.0, 785.0",Shared MultiHeuristic A*,True,0.3,1554.5245264350083
81450,1.33717,"15.0, 15.0","785.0, 785.0",Shared MultiHeuristic A*,True,0.3,1558.8139715235072
88960,1.53910,"15.0, 15.0","785.0, 785.0",Shared MultiHeuristic A*,True,0.3,1568.9865657220928
84190,1.40784,"15.0, 15.0","785.0, 785.0",Shared MultiHeuristic A*,True,0.3,1561.1747651872884
84175,1.41198,"15.0, 15.0","785.0, 785.0",Shared MultiHeuristic A*,True,0.3,1572.5456672233047
83080,1.37644,"15.0, 15.0","785.0, 785.0",Shared MultiHeuristic A*,True,0.3,1541.640569739634
83350,1.38351,"15.0, 15.0","785.0, 785.0",Shared MultiHeuristic A*,True,0.3,1554.8177397868715
87050,1.47895,"15.0, 15.0","785.0, 785.0",Shared MultiHeuristic A*,True,0.3,1564.5902414938032
84625,1.42889,"15.0, 15.0","785.0, 785.0",Shared MultiHeuristic A*,True,0.3,1609.419562334629
87465,1.49730,"15.0, 15.0","785.0, 785.0",Shared MultiHeuristic A*,True,0.3,1570.0073077922675
84635,1.41985,"15.0, 15.0","785.0, 785.0",Shared MultiHeuristic A*,True,0.3,1558.4918197319255
81825,1.33907,"15.0, 15.0","785.0, 785.0",Shared MultiHeuristic A*,True,0.3,1560.090748525656
87235,1.48477,"15.0, 15.0","785.0, 785.0",Shared MultiHeuristic A*,True,0.3,1568.0276477210061
83490,1.38778,"15.0, 15.0","785.0, 785.0",Shared MultiHeuristic A*,True,0.3,1553.0264717798339
88485,1.51904,"15.0, 15.0","785.0, 785.0",Shared MultiHeuristic A*,True,0.3,1610.0644942926963
84535,1.40386,"15.0, 15.0","785.0, 785.0",Shared MultiHeuristic A*,True,0.3,1610.3271176901642
8930,0.09208,"15.0, 15.0","785.0, 785.0",Shared MultiHeuristic Greedy Best First Search,True,0.3,1126574.2662823007
8930,0.09208,"15.0, 15.0","785.0, 785.0",Shared MultiHeuristic Greedy Best First Search,True,0.3,1238023.6549777044
8930,0.09209,"15.0, 15.0","785.0, 785.0",Shared MultiHeuristic Greedy Best First Search,True,0.3,1143631.5369736084
8930,0.08989,"15.0, 15.0","785.0, 785.0",Shared MultiHeuristic Greedy Best First Search,True,0.3,1154300.9669025333
8930,0.09160,"15.0, 15.0","785.0, 785.0",Shared MultiHeuristic Greedy Best First Search,True,0.3,1226166.824917924
8930,0.09109,"15.0, 15.0","785.0, 785.0",Shared MultiHeuristic Greedy Best First Search,True,0.3,1239375.3192233082
8930,0.09109,"15.0, 15.0","785.0, 785.0",Shared MultiHeuristic Greedy Best First Search,True,0.3,1235841.7399082943
8930,0.09009,"15.0, 15.0","785.0, 785.0",Shared MultiHeuristic Greedy Best First Search,True,0.3,1256918.225074269
8930,0.09108,"15.0, 15.0","785.0, 785.0",Shared MultiHeuristic Greedy Best First Search,True,0.3,1202402.6944362225
8930,0.09308,"15.0, 15.0","785.0, 785.0",Shared MultiHeuristic Greedy Best First Search,True,0.3,1226498.3584842577
8930,0.09108,"15.0, 15.0","785.0, 785.0",Shared MultiHeuristic Greedy Best First Search,True,0.3,1139864.3569398539
8930,0.09208,"15.0, 15.0","785.0, 785.0",Shared MultiHeuristic Greedy Best First Search,True,0.3,1207939.986719
8930,0.09308,"15.0, 15.0","785.0, 785.0",Shared MultiHeuristic Greedy Best First Search,True,0.3,1171079.364961526
8930,0.09008,"15.0, 15.0","785.0, 785.0",Shared MultiHeuristic Greedy Best First Search,True,0.3,1235708.7756724784
8930,0.09308,"15.0, 15.0","785.0, 785.0",Shared MultiHeuristic Greedy Best First Search,True,0.3,1187298.1075436415
8930,0.09108,"15.0, 15.0","785.0, 785.0",Shared MultiHeuristic Greedy Best First Search,True,0.3,1254535.6743394649
8930,0.09108,"15.0, 15.0","785.0, 785.0",Shared MultiHeuristic Greedy Best First Search,True,0.3,1233858.120183521
8930,0.09159,"15.0, 15.0","785.0, 785.0",Shared MultiHeuristic Greedy Best First Search,True,0.3,1223428.8683258106
8930,0.09009,"15.0, 15.0","785.0, 785.0",Shared MultiHeuristic Greedy Best First Search,True,0.3,1143242.1147285635
8930,0.09107,"15.0, 15.0","785.0, 785.0",Shared MultiHeuristic Greedy Best First Search,True,0.3,1186833.8626988127
8930,0.09009,"15.0, 15.0","785.0, 785.0",Shared MultiHeuristic Greedy Best First Search,True,0.3,1194563.9915523224
8930,0.09008,"15.0, 15.0","785.0, 785.0",Shared MultiHeuristic Greedy Best First Search,True,0.3,1226181.9294940948
8930,0.09208,"15.0, 15.0","785.0, 785.0",Shared MultiHeuristic Greedy Best First Search,True,0.3,1228397.8724594857
8930,0.09209,"15.0, 15.0","785.0, 785.0",Shared MultiHeuristic Greedy Best First Search,True,0.3,1237242.3870357254
8930,0.09208,"15.0, 15.0","785.0, 785.0",Shared MultiHeuristic Greedy Best First Search,True,0.3,1134252.3959568003
8930,0.09108,"15.0, 15.0","785.0, 785.0",Shared MultiHeuristic Greedy Best First Search,True,0.3,1223053.4051812838
8930,0.09008,"15.0, 15.0","785.0, 785.0",Shared MultiHeuristic Greedy Best First Search,True,0.3,1184088.7929855809
8930,0.09150,"15.0, 15.0","785.0, 785.0",Shared MultiHeuristic Greedy Best First Search,True,0.3,1156223.5188620994
8930,0.09708,"15.0, 15.0","785.0, 785.0",Shared MultiHeuristic Greedy Best First Search,True,0.3,1167657.2361077694
8930,0.09159,"15.0, 15.0","785.0, 785.0",Shared MultiHeuristic Greedy Best First Search,True,0.3,1266399.73982165
8930,0.09008,"15.0, 15.0","785.0, 785.0",Shared MultiHeuristic Greedy Best First Search,True,0.3,1182481.1409802556
8930,0.09161,"15.0, 15.0","785.0, 785.0",Shared MultiHeuristic Greedy Best First Search,True,0.3,1251430.9491972604
8930,0.09208,"15.0, 15.0","785.0, 785.0",Shared MultiHeuristic Greedy Best First Search,True,0.3,1172856.5167040725
8930,0.09134,"15.0, 15.0","785.0, 785.0",Shared MultiHeuristic Greedy Best First Search,True,0.3,1224420.7492984561
8930,0.09009,"15.0, 15.0","785.0, 785.0",Shared MultiHeuristic Greedy Best First Search,True,0.3,1180688.53091827
8930,0.09008,"15.0, 15.0","785.0, 785.0",Shared MultiHeuristic Greedy Best First Search,True,0.3,1209950.2819473557
8930,0.09208,"15.0, 15.0","785.0, 785.0",Shared MultiHeuristic Greedy Best First Search,True,0.3,1288338.4966772841
8930,0.09109,"15.0, 15.0","785.0, 785.0",Shared MultiHeuristic Greedy Best First Search,True,0.3,1215684.4518676493
8930,0.09009,"15.0, 15.0","785.0, 785.0",Shared MultiHeuristic Greedy Best First Search,True,0.3,1229690.724256698
8930,0.09007,"15.0, 15.0","785.0, 785.0",Shared MultiHeuristic Greedy Best First Search,True,0.3,1228266.389134046
8930,0.09009,"15.0, 15.0","785.0, 785.0",Shared MultiHeuristic Greedy Best First Search,True,0.3,1235463.0924290097
8930,0.09108,"15.0, 15.0","785.0, 785.0",Shared MultiHeuristic Greedy Best First Search,True,0.3,1213745.407022453
8930,0.09008,"15.0, 15.0","785.0, 785.0",Shared MultiHeuristic Greedy Best First Search,True,0.3,1146227.30693581
8930,0.09208,"15.0, 15.0","785.0, 785.0",Shared MultiHeuristic Greedy Best First Search,True,0.3,1196760.0183623943
8930,0.09108,"15.0, 15.0","785.0, 785.0",Shared MultiHeuristic Greedy Best First Search,True,0.3,1284372.5431417008
8930,0.09122,"15.0, 15.0","785.0, 785.0",Shared MultiHeuristic Greedy Best First Search,True,0.3,1264508.6841851806
8930,0.09009,"15.0, 15.0","785.0, 785.0",Shared MultiHeuristic Greedy Best First Search,True,0.3,1192133.3271643636
8930,0.09108,"15.0, 15.0","785.0, 785.0",Shared MultiHeuristic Greedy Best First Search,True,0.3,1238427.1757386823
8930,0.09108,"15.0, 15.0","785.0, 785.0",Shared MultiHeuristic Greedy Best First Search,True,0.3,1187148.3172628116
8930,0.09007,"15.0, 15.0","785.0, 785.0",Shared MultiHeuristic Greedy Best First Search,True,0.3,1249428.0670338534
8930,0.09008,"15.0, 15.0","785.0, 785.0",Shared MultiHeuristic Greedy Best First Search,True,0.3,1221674.5492872489
8930,0.09108,"15.0, 15.0","785.0, 785.0",Shared MultiHeuristic Greedy Best First Search,True,0.3,1234359.4687453276
8930,0.09109,"15.0, 15.0","785.0, 785.0",Shared MultiHeuristic Greedy Best First Search,True,0.3,1196706.1640447276
8930,0.09308,"15.0, 15.0","785.0, 785.0",Shared MultiHeuristic Greedy Best First Search,True,0.3,1206470.669497603
8930,0.09107,"15.0, 15.0","785.0, 785.0",Shared MultiHeuristic Greedy Best First Search,True,0.3,1198378.8466297912
8930,0.09058,"15.0, 15.0","785.0, 785.0",Shared MultiHeuristic Greedy Best First Search,True,0.3,1282576.3863445888
8930,0.11220,"15.0, 15.0","785.0, 785.0",Shared MultiHeuristic Greedy Best First Search,True,0.3,1157555.9646078842
8930,0.10810,"15.0, 15.0","785.0, 785.0",Shared MultiHeuristic Greedy Best First Search,True,0.3,1201345.810261987
8930,0.09373,"15.0, 15.0","785.0, 785.0",Shared MultiHeuristic Greedy Best First Search,True,0.3,1226888.4200480024
8930,0.09809,"15.0, 15.0","785.0, 785.0",Shared MultiHeuristic Greedy Best First Search,True,0.3,1216353.268352666
8930,0.09409,"15.0, 15.0","785.0, 785.0",Shared MultiHeuristic Greedy Best First Search,True,0.3,1240486.7430385991
8930,0.09709,"15.0, 15.0","785.0, 785.0",Shared MultiHeuristic Greedy Best First Search,True,0.3,1158894.7819008224
8930,0.11010,"15.0, 15.0","785.0, 785.0",Shared MultiHeuristic Greedy Best First Search,True,0.3,1180059.87794869
8930,0.09409,"15.0, 15.0","785.0, 785.0",Shared MultiHeuristic Greedy Best First Search,True,0.3,1245060.441812984
8930,0.09008,"15.0, 15.0","785.0, 785.0",Shared MultiHeuristic Greedy Best First Search,True,0.3,1151200.1802961319
8930,0.09008,"15.0, 15.0","785.0, 785.0",Shared MultiHeuristic Greedy Best First Search,True,0.3,1203291.4283819161
8930,0.09008,"15.0, 15.0","785.0, 785.0",Shared MultiHeuristic Greedy Best First Search,True,0.3,1209782.163446867
8930,0.09009,"15.0, 15.0","785.0, 785.0",Shared MultiHeuristic Greedy Best First Search,True,0.3,1133478.5697020486
8930,0.09109,"15.0, 15.0","785.0, 785.0",Shared MultiHeuristic Greedy Best First Search,True,0.3,1226198.0268428097
8930,0.09091,"15.0, 15.0","785.0, 785.0",Shared MultiHeuristic Greedy Best First Search,True,0.3,1157811.3062359758
8930,0.10210,"15.0, 15.0","785.0, 785.0",Shared MultiHeuristic Greedy Best First Search,True,0.3,1153041.6628101857
8930,0.10910,"15.0, 15.0","785.0, 785.0",Shared MultiHeuristic Greedy Best First Search,True,0.3,1201839.516615079
8930,0.09109,"15.0, 15.0","785.0, 785.0",Shared MultiHeuristic Greedy Best First Search,True,0.3,1196613.1078591724
8930,0.09309,"15.0, 15.0","785.0, 785.0",Shared MultiHeuristic Greedy Best First Search,True,0.3,1269598.5242614506
8930,0.09242,"15.0, 15.0","785.0, 785.0",Shared MultiHeuristic Greedy Best First Search,True,0.3,1180378.6435833282
8930,0.09311,"15.0, 15.0","785.0, 785.0",Shared MultiHeuristic Greedy Best First Search,True,0.3,1185416.6262429215
8930,0.10710,"15.0, 15.0","785.0, 785.0",Shared MultiHeuristic Greedy Best First Search,True,0.3,1161225.4330165335
8930,0.10009,"15.0, 15.0","785.0, 785.0",Shared MultiHeuristic Greedy Best First Search,True,0.3,1078774.8442030435
8930,0.09059,"15.0, 15.0","785.0, 785.0",Shared MultiHeuristic Greedy Best First Search,True,0.3,1223963.212664107
8930,0.09059,"15.0, 15.0","785.0, 785.0",Shared MultiHeuristic Greedy Best First Search,True,0.3,1190259.7427537567
8930,0.09108,"15.0, 15.0","785.0, 785.0",Shared MultiHeuristic Greedy Best First Search,True,0.3,1168901.3552063557
8930,0.09208,"15.0, 15.0","785.0, 785.0",Shared MultiHeuristic Greedy Best First Search,True,0.3,1175994.1777878243
8930,0.09308,"15.0, 15.0","785.0, 785.0",Shared MultiHeuristic Greedy Best First Search,True,0.3,1236747.4268676506
8930,0.09409,"15.0, 15.0","785.0, 785.0",Shared MultiHeuristic Greedy Best First Search,True,0.3,1196359.0497209018
8930,0.09208,"15.0, 15.0","785.0, 785.0",Shared MultiHeuristic Greedy Best First Search,True,0.3,1202285.663306972
8930,0.10909,"15.0, 15.0","785.0, 785.0",Shared MultiHeuristic Greedy Best First Search,True,0.3,1230747.321080579
8930,0.09709,"15.0, 15.0","785.0, 785.0",Shared MultiHeuristic Greedy Best First Search,True,0.3,1202021.9809571516
8930,0.09208,"15.0, 15.0","785.0, 785.0",Shared MultiHeuristic Greedy Best First Search,True,0.3,1190135.2489258975
8930,0.09108,"15.0, 15.0","785.0, 785.0",Shared MultiHeuristic Greedy Best First Search,True,0.3,1238220.1416878346
8930,0.09408,"15.0, 15.0","785.0, 785.0",Shared MultiHeuristic Greedy Best First Search,True,0.3,1242798.0334192568
8930,0.09308,"15.0, 15.0","785.0, 785.0",Shared MultiHeuristic Greedy Best First Search,True,0.3,1203585.1456858795
8930,0.09108,"15.0, 15.0","785.0, 785.0",Shared MultiHeuristic Greedy Best First Search,True,0.3,1220747.093418865
8930,0.09609,"15.0, 15.0","785.0, 785.0",Shared MultiHeuristic Greedy Best First Search,True,0.3,1203218.746169673
8930,0.09208,"15.0, 15.0","785.0, 785.0",Shared MultiHeuristic Greedy Best First Search,True,0.3,1253461.3050216679
8930,0.09409,"15.0, 15.0","785.0, 785.0",Shared MultiHeuristic Greedy Best First Search,True,0.3,1180026.163967759
8930,0.09409,"15.0, 15.0","785.0, 785.0",Shared MultiHeuristic Greedy Best First Search,True,0.3,1258540.4276427394
8930,0.09208,"15.0, 15.0","785.0, 785.0",Shared MultiHeuristic Greedy Best First Search,True,0.3,1237817.8632088085
8930,0.09709,"15.0, 15.0","785.0, 785.0",Shared MultiHeuristic Greedy Best First Search,True,0.3,1132592.1341043112
8930,0.08409,"15.0, 15.0","785.0, 785.0",Shared MultiHeuristic Greedy Best First Search,True,0.3,1257361.0003327557
8930,0.08208,"15.0, 15.0","785.0, 785.0",Shared MultiHeuristic Greedy Best First Search,True,0.3,1192139.7908326078
2612,0.09709,"15.0, 15.0","785.0, 785.0",Individual Greedy DTS,True,0.3,785908.4388408703
2277,0.08708,"15.0, 15.0","785.0, 785.0",Individual Greedy DTS,True,0.3,793308.0605748796
2277,0.08708,"15.0, 15.0","785.0, 785.0",Individual Greedy DTS,True,0.3,838258.135652614
2277,0.08608,"15.0, 15.0","785.0, 785.0",Individual Greedy DTS,True,0.3,835412.5908214765
2277,0.08808,"15.0, 15.0","785.0, 785.0",Individual Greedy DTS,True,0.3,782260.9298925508
2277,0.08708,"15.0, 15.0","785.0, 785.0",Individual Greedy DTS,True,0.3,831888.8305675099
2277,0.08908,"15.0, 15.0","785.0, 785.0",Individual Greedy DTS,True,0.3,840645.1638360637
2277,0.08708,"15.0, 15.0","785.0, 785.0",Individual Greedy DTS,True,0.3,821390.479313997
2277,0.08708,"15.0, 15.0","785.0, 785.0",Individual Greedy DTS,True,0.3,840628.2792681006
2277,0.08608,"15.0, 15.0","785.0, 785.0",Individual Greedy DTS,True,0.3,734341.3716224474
2277,0.09107,"15.0, 15.0","785.0, 785.0",Individual Greedy DTS,True,0.3,786752.1305171557
2277,0.08808,"15.0, 15.0","785.0, 785.0",Individual Greedy DTS,True,0.3,855733.3196450124
2277,0.08808,"15.0, 15.0","785.0, 785.0",Individual Greedy DTS,True,0.3,845773.6037881915
2277,0.08608,"15.0, 15.0","785.0, 785.0",Individual Greedy DTS,True,0.3,782671.6955346606
2277,0.08808,"15.0, 15.0","785.0, 785.0",Individual Greedy DTS,True,0.3,742284.0137480252
2277,0.08808,"15.0, 15.0","785.0, 785.0",Individual Greedy DTS,True,0.3,792523.2604904702
2277,0.08709,"15.0, 15.0","785.0, 785.0",Individual Greedy DTS,True,0.3,807644.6593110157
2277,0.08608,"15.0, 15.0","785.0, 785.0",Individual Greedy DTS,True,0.3,768934.0750541822
2277,0.08708,"15.0, 15.0","785.0, 785.0",Individual Greedy DTS,True,0.3,825887.2634916682
2277,0.08808,"15.0, 15.0","785.0, 785.0",Individual Greedy DTS,True,0.3,775991.2382213761
2277,0.08758,"15.0, 15.0","785.0, 785.0",Individual Greedy DTS,True,0.3,757346.2971500428
2277,0.08760,"15.0, 15.0","785.0, 785.0",Individual Greedy DTS,True,0.3,794123.0046325568
2277,0.08809,"15.0, 15.0","785.0, 785.0",Individual Greedy DTS,True,0.3,806000.8296968219
2277,0.08908,"15.0, 15.0","785.0, 785.0",Individual Greedy DTS,True,0.3,824859.6224378252
2277,0.08708,"15.0, 15.0","785.0, 785.0",Individual Greedy DTS,True,0.3,833768.4207404866
2277,0.08708,"15.0, 15.0","785.0, 785.0",Individual Greedy DTS,True,0.3,795816.4860321884
2277,0.08808,"15.0, 15.0","785.0, 785.0",Individual Greedy DTS,True,0.3,779723.2433878598
2277,0.08708,"15.0, 15.0","785.0, 785.0",Individual Greedy DTS,True,0.3,828913.8851929294
2277,0.08707,"15.0, 15.0","785.0, 785.0",Individual Greedy DTS,True,0.3,795552.6364821853
2277,0.08745,"15.0, 15.0","785.0, 785.0",Individual Greedy DTS,True,0.3,834760.4808808117
2277,0.08771,"15.0, 15.0","785.0, 785.0",Individual Greedy DTS,True,0.3,780980.1716587908
2277,0.08808,"15.0, 15.0","785.0, 785.0",Individual Greedy DTS,True,0.3,802804.9417410207
2277,0.08708,"15.0, 15.0","785.0, 785.0",Individual Greedy DTS,True,0.3,844467.7002848933
2277,0.08708,"15.0, 15.0","785.0, 785.0",Individual Greedy DTS,True,0.3,752122.2350076258
2277,0.08855,"15.0, 15.0","785.0, 785.0",Individual Greedy DTS,True,0.3,824861.8500427261
2277,0.08708,"15.0, 15.0","785.0, 785.0",Individual Greedy DTS,True,0.3,795979.3545488823
2277,0.08738,"15.0, 15.0","785.0, 785.0",Individual Greedy DTS,True,0.3,794511.4611542763
2277,0.08609,"15.0, 15.0","785.0, 785.0",Individual Greedy DTS,True,0.3,793255.8853845822
2277,0.08708,"15.0, 15.0","785.0, 785.0",Individual Greedy DTS,True,0.3,829139.6525629839
2277,0.09007,"15.0, 15.0","785.0, 785.0",Individual Greedy DTS,True,0.3,794119.8568587754
2277,0.08808,"15.0, 15.0","785.0, 785.0",Individual Greedy DTS,True,0.3,816292.4753721448
2277,0.08840,"15.0, 15.0","785.0, 785.0",Individual Greedy DTS,True,0.3,813505.6692862884
2277,0.08808,"15.0, 15.0","785.0, 785.0",Individual Greedy DTS,True,0.3,754815.5482375704
2277,0.08708,"15.0, 15.0","785.0, 785.0",Individual Greedy DTS,True,0.3,800380.235177966
2277,0.09208,"15.0, 15.0","785.0, 785.0",Individual Greedy DTS,True,0.3,782932.5389339839
2277,0.08608,"15.0, 15.0","785.0, 785.0",Individual Greedy DTS,True,0.3,769650.6361015905
2277,0.08609,"15.0, 15.0","785.0, 785.0",Individual Greedy DTS,True,0.3,793106.7892913193
2277,0.08908,"15.0, 15.0","785.0, 785.0",Individual Greedy DTS,True,0.3,824673.7998602381
2277,0.08608,"15.0, 15.0","785.0, 785.0",Individual Greedy DTS,True,0.3,795490.1290610629
2277,0.08708,"15.0, 15.0","785.0, 785.0",Individual Greedy DTS,True,0.3,878035.0439166308
2277,0.08807,"15.0, 15.0","785.0, 785.0",Individual Greedy DTS,True,0.3,793146.3626771382
2277,0.08708,"15.0, 15.0","785.0, 785.0",Individual Greedy DTS,True,0.3,829782.8006353871
2277,0.08708,"15.0, 15.0","785.0, 785.0",Individual Greedy DTS,True,0.3,770898.2906702842
2277,0.08708,"15.0, 15.0","785.0, 785.0",Individual Greedy DTS,True,0.3,736546.1847136942
2277,0.08709,"15.0, 15.0","785.0, 785.0",Individual Greedy DTS,True,0.3,752703.1857387798
2277,0.09008,"15.0, 15.0","785.0, 785.0",Individual Greedy DTS,True,0.3,840423.444792785
2277,0.08708,"15.0, 15.0","785.0, 785.0",Individual Greedy DTS,True,0.3,809668.5557843951
2277,0.08708,"15.0, 15.0","785.0, 785.0",Individual Greedy DTS,True,0.3,785611.3379282007
2277,0.08908,"15.0, 15.0","785.0, 785.0",Individual Greedy DTS,True,0.3,793954.1528131771
2277,0.08708,"15.0, 15.0","785.0, 785.0",Individual Greedy DTS,True,0.3,836601.087247156
2277,0.08707,"15.0, 15.0","785.0, 785.0",Individual Greedy DTS,True,0.3,795088.3113773748
2277,0.08709,"15.0, 15.0","785.0, 785.0",Individual Greedy DTS,True,0.3,806726.6490803991
2277,0.08608,"15.0, 15.0","785.0, 785.0",Individual Greedy DTS,True,0.3,795984.269440977
2277,0.08808,"15.0, 15.0","785.0, 785.0",Individual Greedy DTS,True,0.3,747729.0200837966
2277,0.08611,"15.0, 15.0","785.0, 785.0",Individual Greedy DTS,True,0.3,817015.6125467418
2277,0.08707,"15.0, 15.0","785.0, 785.0",Individual Greedy DTS,True,0.3,804201.2930965468
2277,0.08609,"15.0, 15.0","785.0, 785.0",Individual Greedy DTS,True,0.3,837935.9719081576
2277,0.08709,"15.0, 15.0","785.0, 785.0",Individual Greedy DTS,True,0.3,824902.3717102009
2277,0.08708,"15.0, 15.0","785.0, 785.0",Individual Greedy DTS,True,0.3,779337.5494009652
2277,0.08708,"15.0, 15.0","785.0, 785.0",Individual Greedy DTS,True,0.3,814122.5580467618
2277,0.08808,"15.0, 15.0","785.0, 785.0",Individual Greedy DTS,True,0.3,821390.5034976291
2277,0.08709,"15.0, 15.0","785.0, 785.0",Individual Greedy DTS,True,0.3,823566.5338262032
2277,0.08808,"15.0, 15.0","785.0, 785.0",Individual Greedy DTS,True,0.3,816875.8391828876
2277,0.08608,"15.0, 15.0","785.0, 785.0",Individual Greedy DTS,True,0.3,829980.6639011867
2277,0.08708,"15.0, 15.0","785.0, 785.0",Individual Greedy DTS,True,0.3,775814.8333102694
2277,0.08726,"15.0, 15.0","785.0, 785.0",Individual Greedy DTS,True,0.3,824043.6852950886
2277,0.08709,"15.0, 15.0","785.0, 785.0",Individual Greedy DTS,True,0.3,813483.0185089168
2277,0.08708,"15.0, 15.0","785.0, 785.0",Individual Greedy DTS,True,0.3,810301.7745815498
2277,0.09007,"15.0, 15.0","785.0, 785.0",Individual Greedy DTS,True,0.3,793720.1430373694
2277,0.08609,"15.0, 15.0","785.0, 785.0",Individual Greedy DTS,True,0.3,764480.8438380756
2277,0.08808,"15.0, 15.0","785.0, 785.0",Individual Greedy DTS,True,0.3,801485.5723817601
2277,0.08708,"15.0, 15.0","785.0, 785.0",Individual Greedy DTS,True,0.3,790013.6184350711
2277,0.08708,"15.0, 15.0","785.0, 785.0",Individual Greedy DTS,True,0.3,856042.4860451467
2277,0.08608,"15.0, 15.0","785.0, 785.0",Individual Greedy DTS,True,0.3,786180.2986662629
2277,0.08608,"15.0, 15.0","785.0, 785.0",Individual Greedy DTS,True,0.3,842612.6578620807
2277,0.08608,"15.0, 15.0","785.0, 785.0",Individual Greedy DTS,True,0.3,847522.2314144108
2277,0.08659,"15.0, 15.0","785.0, 785.0",Individual Greedy DTS,True,0.3,847798.4286008471
2277,0.08708,"15.0, 15.0","785.0, 785.0",Individual Greedy DTS,True,0.3,820827.5709956368
2277,0.08808,"15.0, 15.0","785.0, 785.0",Individual Greedy DTS,True,0.3,864727.8846705398
2277,0.08808,"15.0, 15.0","785.0, 785.0",Individual Greedy DTS,True,0.3,807121.0783076064
2277,0.08708,"15.0, 15.0","785.0, 785.0",Individual Greedy DTS,True,0.3,752282.0900162546
2277,0.08707,"15.0, 15.0","785.0, 785.0",Individual Greedy DTS,True,0.3,795306.1581720511
2277,0.08609,"15.0, 15.0","785.0, 785.0",Individual Greedy DTS,True,0.3,768772.6984278465
2277,0.08608,"15.0, 15.0","785.0, 785.0",Individual Greedy DTS,True,0.3,777022.0750525474
2277,0.08709,"15.0, 15.0","785.0, 785.0",Individual Greedy DTS,True,0.3,763110.7672661596
2277,0.08707,"15.0, 15.0","785.0, 785.0",Individual Greedy DTS,True,0.3,846035.7634902216
2277,0.08708,"15.0, 15.0","785.0, 785.0",Individual Greedy DTS,True,0.3,760191.5129149368
2277,0.08760,"15.0, 15.0","785.0, 785.0",Individual Greedy DTS,True,0.3,817835.5250962613
2277,0.08608,"15.0, 15.0","785.0, 785.0",Individual Greedy DTS,True,0.3,781462.0347532635
2277,0.08608,"15.0, 15.0","785.0, 785.0",Individual Greedy DTS,True,0.3,818566.3762206098
16642,1.28469,"15.0, 15.0","785.0, 785.0",Individual A* DTS,True,0.3,2009.748903041378
16637,1.27216,"15.0, 15.0","785.0, 785.0",Individual A* DTS,True,0.3,1976.7611364874815
15857,1.18412,"15.0, 15.0","785.0, 785.0",Individual A* DTS,True,0.3,2008.8917420075784
12209,0.79125,"15.0, 15.0","785.0, 785.0",Individual A* DTS,True,0.3,2075.8508220750728
13106,0.89921,"15.0, 15.0","785.0, 785.0",Individual A* DTS,True,0.3,2031.5191527736918
13437,0.93198,"15.0, 15.0","785.0, 785.0",Individual A* DTS,True,0.3,2087.8905983228915
12614,0.83476,"15.0, 15.0","785.0, 785.0",Individual A* DTS,True,0.3,1939.6000271531009
12856,0.87380,"15.0, 15.0","785.0, 785.0",Individual A* DTS,True,0.3,1861.3323826392918
13583,0.93588,"15.0, 15.0","785.0, 785.0",Individual A* DTS,True,0.3,2135.7803718798455
10885,0.67511,"15.0, 15.0","785.0, 785.0",Individual A* DTS,True,0.3,1969.610634549464
15642,1.17712,"15.0, 15.0","785.0, 785.0",Individual A* DTS,True,0.3,1867.0210929945058
15659,1.16608,"15.0, 15.0","785.0, 785.0",Individual A* DTS,True,0.3,1961.7638167636055
12136,0.78774,"15.0, 15.0","785.0, 785.0",Individual A* DTS,True,0.3,2033.9838920542682
10910,0.66961,"15.0, 15.0","785.0, 785.0",Individual A* DTS,True,0.3,1950.7076232355244
12721,0.83378,"15.0, 15.0","785.0, 785.0",Individual A* DTS,True,0.3,2008.3714021531566
10308,0.60905,"15.0, 15.0","785.0, 785.0",Individual A* DTS,True,0.3,1928.1595214536553
13337,0.90583,"15.0, 15.0","785.0, 785.0",Individual A* DTS,True,0.3,2100.7588875932947
16312,1.25039,"15.0, 15.0","785.0, 785.0",Individual A* DTS,True,0.3,1922.1679564427461
12311,0.79199,"15.0, 15.0","785.0, 785.0",Individual A* DTS,True,0.3,2030.1078353426035
15177,1.10291,"15.0, 15.0","785.0, 785.0",Individual A* DTS,True,0.3,1897.4804866377508
12535,0.81572,"15.0, 15.0","785.0, 785.0",Individual A* DTS,True,0.3,2049.794195891625
16425,1.28420,"15.0, 15.0","785.0, 785.0",Individual A* DTS,True,0.3,1982.8204462306467
12392,0.81875,"15.0, 15.0","785.0, 785.0",Individual A* DTS,True,0.3,2034.7248135634047
12814,0.86579,"15.0, 15.0","785.0, 785.0",Individual A* DTS,True,0.3,2074.469784483588
16196,1.24513,"15.0, 15.0","785.0, 785.0",Individual A* DTS,True,0.3,1933.5848787316977
16838,1.31775,"15.0, 15.0","785.0, 785.0",Individual A* DTS,True,0.3,1902.8228766640664
15585,1.15122,"15.0, 15.0","785.0, 785.0",Individual A* DTS,True,0.3,2027.8411236730108
13226,0.91656,"15.0, 15.0","785.0, 785.0",Individual A* DTS,True,0.3,2182.811233688943
16385,1.28418,"15.0, 15.0","785.0, 785.0",Individual A* DTS,True,0.3,1965.3581941100642
12339,0.83025,"15.0, 15.0","785.0, 785.0",Individual A* DTS,True,0.3,2008.8416724952012
13252,0.90954,"15.0, 15.0","785.0, 785.0",Individual A* DTS,True,0.3,2031.600767415417
12789,0.85840,"15.0, 15.0","785.0, 785.0",Individual A* DTS,True,0.3,2040.9680553273472
14578,1.04360,"15.0, 15.0","785.0, 785.0",Individual A* DTS,True,0.3,1984.9048157073282
16567,1.28034,"15.0, 15.0","785.0, 785.0",Individual A* DTS,True,0.3,1936.7914994995265
16517,1.26567,"15.0, 15.0","785.0, 785.0",Individual A* DTS,True,0.3,1961.6256016819077
13055,0.87331,"15.0, 15.0","785.0, 785.0",Individual A* DTS,True,0.3,1983.7609263622194
15211,1.15205,"15.0, 15.0","785.0, 785.0",Individual A* DTS,True,0.3,1933.4076589933554
16322,1.28968,"15.0, 15.0","785.0, 785.0",Individual A* DTS,True,0.3,1903.6776442545474
12136,0.80039,"15.0, 15.0","785.0, 785.0",Individual A* DTS,True,0.3,2036.388527497713
13134,0.89558,"15.0, 15.0","785.0, 785.0",Individual A* DTS,True,0.3,1909.4618710525112
16967,1.32824,"15.0, 15.0","785.0, 785.0",Individual A* DTS,True,0.3,1946.1593315445564
16130,1.22712,"15.0, 15.0","785.0, 785.0",Individual A* DTS,True,0.3,1928.0101261070272
9383,0.53950,"15.0, 15.0","785.0, 785.0",Individual A* DTS,True,0.3,2023.102992003499
17063,1.33530,"15.0, 15.0","785.0, 785.0",Individual A* DTS,True,0.3,1968.195074600667
16589,1.27398,"15.0, 15.0","785.0, 785.0",Individual A* DTS,True,0.3,2022.1285289726757
12912,0.86818,"15.0, 15.0","785.0, 785.0",Individual A* DTS,True,0.3,1953.8689905661988
13789,0.94259,"15.0, 15.0","785.0, 785.0",Individual A* DTS,True,0.3,2012.698283653621
11061,0.67846,"15.0, 15.0","785.0, 785.0",Individual A* DTS,True,0.3,1941.8146597546743
13412,0.90082,"15.0, 15.0","785.0, 785.0",Individual A* DTS,True,0.3,2086.6111812356494
9139,0.51998,"15.0, 15.0","785.0, 785.0",Individual A* DTS,True,0.3,1989.693224429828
15741,1.17511,"15.0, 15.0","785.0, 785.0",Individual A* DTS,True,0.3,1973.521637476941
16250,1.23842,"15.0, 15.0","785.0, 785.0",Individual A* DTS,True,0.3,1918.738494784078
16265,1.25446,"15.0, 15.0","785.0, 785.0",Individual A* DTS,True,0.3,1957.6936526350196
11598,0.74171,"15.0, 15.0","785.0, 785.0",Individual A* DTS,True,0.3,1978.8978938074893
16365,1.27768,"15.0, 15.0","785.0, 785.0",Individual A* DTS,True,0.3,1975.9397808512208
13316,0.90582,"15.0, 15.0","785.0, 785.0",Individual A* DTS,True,0.3,2086.343935233165
12569,0.82375,"15.0, 15.0","785.0, 785.0",Individual A* DTS,True,0.3,2020.385869278574
15848,1.18907,"15.0, 15.0","785.0, 785.0",Individual A* DTS,True,0.3,1954.9186361539112
17209,1.34453,"15.0, 15.0","785.0, 785.0",Individual A* DTS,True,0.3,1954.5920449549317
12087,0.77070,"15.0, 15.0","785.0, 785.0",Individual A* DTS,True,0.3,1991.3829157826722
14016,0.97465,"15.0, 15.0","785.0, 785.0",Individual A* DTS,True,0.3,2092.1110619950687
12358,0.79772,"15.0, 15.0","785.0, 785.0",Individual A* DTS,True,0.3,2012.3565786836978
15437,1.13522,"15.0, 15.0","785.0, 785.0",Individual A* DTS,True,0.3,1968.085549040429
15559,1.15728,"15.0, 15.0","785.0, 785.0",Individual A* DTS,True,0.3,1920.6542300805875
15620,1.17231,"15.0, 15.0","785.0, 785.0",Individual A* DTS,True,0.3,1912.7725551760104
16110,1.21736,"15.0, 15.0","785.0, 785.0",Individual A* DTS,True,0.3,1932.8795922892564
14876,1.07081,"15.0, 15.0","785.0, 785.0",Individual A* DTS,True,0.3,1990.8728056415457
11846,0.75471,"15.0, 15.0","785.0, 785.0",Individual A* DTS,True,0.3,1992.4235620327413
14004,0.98847,"15.0, 15.0","785.0, 785.0",Individual A* DTS,True,0.3,2111.637618376054
12401,0.82086,"15.0, 15.0","785.0, 785.0",Individual A* DTS,True,0.3,2105.516295793404
12194,0.79673,"15.0, 15.0","785.0, 785.0",Individual A* DTS,True,0.3,1993.9887246879664
16884,1.31288,"15.0, 15.0","785.0, 785.0",Individual A* DTS,True,0.3,1983.6574580390375
12855,0.86280,"15.0, 15.0","785.0, 785.0",Individual A* DTS,True,0.3,2001.7388024544316
13693,0.93229,"15.0, 15.0","785.0, 785.0",Individual A* DTS,True,0.3,2143.087664716356
16123,1.23170,"15.0, 15.0","785.0, 785.0",Individual A* DTS,True,0.3,1923.0819771818533
12732,0.83277,"15.0, 15.0","785.0, 785.0",Individual A* DTS,True,0.3,1980.2957483002492
14840,1.07298,"15.0, 15.0","785.0, 785.0",Individual A* DTS,True,0.3,2146.4505524363676
13013,0.86193,"15.0, 15.0","785.0, 785.0",Individual A* DTS,True,0.3,2039.923941427512
13398,0.91084,"15.0, 15.0","785.0, 785.0",Individual A* DTS,True,0.3,2086.258915404272
17032,1.32827,"15.0, 15.0","785.0, 785.0",Individual A* DTS,True,0.3,2021.6230616450505
17444,1.37762,"15.0, 15.0","785.0, 785.0",Individual A* DTS,True,0.3,2028.8872750466164
12348,0.80525,"15.0, 15.0","785.0, 785.0",Individual A* DTS,True,0.3,2044.5569942639213
14579,1.04348,"15.0, 15.0","785.0, 785.0",Individual A* DTS,True,0.3,1917.410274224897
16823,1.31610,"15.0, 15.0","785.0, 785.0",Individual A* DTS,True,0.3,1935.4525377545026
15052,1.10735,"15.0, 15.0","785.0, 785.0",Individual A* DTS,True,0.3,1917.9719686091232
15964,1.23015,"15.0, 15.0","785.0, 785.0",Individual A* DTS,True,0.3,1889.5913182841725
15592,1.16444,"15.0, 15.0","785.0, 785.0",Individual A* DTS,True,0.3,1934.2905609537331
12517,0.82323,"15.0, 15.0","785.0, 785.0",Individual A* DTS,True,0.3,2086.0229714138795
9097,0.51899,"15.0, 15.0","785.0, 785.0",Individual A* DTS,True,0.3,1956.1466333346496
13311,0.92083,"15.0, 15.0","785.0, 785.0",Individual A* DTS,True,0.3,2088.012860816005
11011,0.70669,"15.0, 15.0","785.0, 785.0",Individual A* DTS,True,0.3,1956.819672884512
12918,0.87979,"15.0, 15.0","785.0, 785.0",Individual A* DTS,True,0.3,1992.0740766795307
15829,1.21243,"15.0, 15.0","785.0, 785.0",Individual A* DTS,True,0.3,1941.2956128430376
12168,0.78472,"15.0, 15.0","785.0, 785.0",Individual A* DTS,True,0.3,1964.6135376032478
11566,0.75061,"15.0, 15.0","785.0, 785.0",Individual A* DTS,True,0.3,1901.6608077042667
15548,1.15173,"15.0, 15.0","785.0, 785.0",Individual A* DTS,True,0.3,1898.662608799819
15852,1.18610,"15.0, 15.0","785.0, 785.0",Individual A* DTS,True,0.3,1908.5440801244438
16282,1.23766,"15.0, 15.0","785.0, 785.0",Individual A* DTS,True,0.3,1924.5400722386341
13894,0.96640,"15.0, 15.0","785.0, 785.0",Individual A* DTS,True,0.3,2062.9729640297205
12614,0.84420,"15.0, 15.0","785.0, 785.0",Individual A* DTS,True,0.3,2005.5939184763308
9867,0.65212,"15.0, 15.0","785.0, 785.0",EISMHA,True,0.0,1657.4724369148457
9825,0.64960,"15.0, 15.0","785.0, 785.0",EISMHA,True,0.0,1661.3315069007656
9716,0.63675,"15.0, 15.0","785.0, 785.0",EISMHA,True,0.0,1664.7234157719827
9991,0.66862,"15.0, 15.0","785.0, 785.0",EISMHA,True,0.0,1657.6252813779079
9576,0.62009,"15.0, 15.0","785.0, 785.0",EISMHA,True,0.0,1642.8362023222048
10003,0.66162,"15.0, 15.0","785.0, 785.0",EISMHA,True,0.0,1682.2862477597018
9758,0.63858,"15.0, 15.0","785.0, 785.0",EISMHA,True,0.0,1651.7975106744036
10100,0.67089,"15.0, 15.0","785.0, 785.0",EISMHA,True,0.0,1677.1389751817555
9622,0.62259,"15.0, 15.0","785.0, 785.0",EISMHA,True,0.0,1616.3957823970877
10068,0.67462,"15.0, 15.0","785.0, 785.0",EISMHA,True,0.0,1673.4231931591437
9816,0.64319,"15.0, 15.0","785.0, 785.0",EISMHA,True,0.0,1654.8503495364569
9657,0.62377,"15.0, 15.0","785.0, 785.0",EISMHA,True,0.0,1648.203100642995
9822,0.64559,"15.0, 15.0","785.0, 785.0",EISMHA,True,0.0,1629.0431636652877
10244,0.68177,"15.0, 15.0","785.0, 785.0",EISMHA,True,0.0,1657.0898728095863
9648,0.62309,"15.0, 15.0","785.0, 785.0",EISMHA,True,0.0,1657.0461409034008
9885,0.65010,"15.0, 15.0","785.0, 785.0",EISMHA,True,0.0,1649.6007987365065
9404,0.61156,"15.0, 15.0","785.0, 785.0",EISMHA,True,0.0,1620.2974865615477
10172,0.67357,"15.0, 15.0","785.0, 785.0",EISMHA,True,0.0,1661.973153650887
9847,0.64812,"15.0, 15.0","785.0, 785.0",EISMHA,True,0.0,1659.24510637126
9961,0.67471,"15.0, 15.0","785.0, 785.0",EISMHA,True,0.0,1656.7415177040966
9638,0.63490,"15.0, 15.0","785.0, 785.0",EISMHA,True,0.0,1648.5197219309875
9850,0.65561,"15.0, 15.0","785.0, 785.0",EISMHA,True,0.0,1661.7983699780746
9707,0.64258,"15.0, 15.0","785.0, 785.0",EISMHA,True,0.0,1632.0676608262909
9633,0.63174,"15.0, 15.0","785.0, 785.0",EISMHA,True,0.0,1628.4541950946682
9711,0.64959,"15.0, 15.0","785.0, 785.0",EISMHA,True,0.0,1641.8130845548808
9780,0.64477,"15.0, 15.0","785.0, 785.0",EISMHA,True,0.0,1654.947822410988
9656,0.62858,"15.0, 15.0","785.0, 785.0",EISMHA,True,0.0,1656.6328892477447
9510,0.61510,"15.0, 15.0","785.0, 785.0",EISMHA,True,0.0,1643.1756434077545
9811,0.64259,"15.0, 15.0","785.0, 785.0",EISMHA,True,0.0,1655.5702485680958
9966,0.66319,"15.0, 15.0","785.0, 785.0",EISMHA,True,0.0,1683.0882262651364
9780,0.64260,"15.0, 15.0","785.0, 785.0",EISMHA,True,0.0,1649.3759234713596
9670,0.63158,"15.0, 15.0","785.0, 785.0",EISMHA,True,0.0,1648.1698336484815
9551,0.61715,"15.0, 15.0","785.0, 785.0",EISMHA,True,0.0,1653.597783841866
9663,0.62758,"15.0, 15.0","785.0, 785.0",EISMHA,True,0.0,1639.926345846007
9688,0.62757,"15.0, 15.0","785.0, 785.0",EISMHA,True,0.0,1657.9077896702763
9763,0.64459,"15.0, 15.0","785.0, 785.0",EISMHA,True,0.0,1652.0767582024753
9848,0.65381,"15.0, 15.0","785.0, 785.0",EISMHA,True,0.0,1655.847876726797
10113,0.67361,"15.0, 15.0","785.0, 785.0",EISMHA,True,0.0,1672.9394499428292
9487,0.61815,"15.0, 15.0","785.0, 785.0",EISMHA,True,0.0,1648.4471947610418
10167,0.68264,"15.0, 15.0","785.0, 785.0",EISMHA,True,0.0,1654.803621421093
9911,0.65448,"15.0, 15.0","785.0, 785.0",EISMHA,True,0.0,1650.9240368825695
9774,0.65743,"15.0, 15.0","785.0, 785.0",EISMHA,True,0.0,1622.7451852405104
10279,0.76771,"15.0, 15.0","785.0, 785.0",EISMHA,True,0.0,1658.8967831512516
10035,0.70767,"15.0, 15.0","785.0, 785.0",EISMHA,True,0.0,1682.6295134336951
10201,0.71266,"15.0, 15.0","785.0, 785.0",EISMHA,True,0.0,1632.8496317754698
9952,0.66761,"15.0, 15.0","785.0, 785.0",EISMHA,True,0.0,1641.7434384002456
9828,0.66911,"15.0, 15.0","785.0, 785.0",EISMHA,True,0.0,1652.8788703812202
9939,0.66784,"15.0, 15.0","785.0, 785.0",EISMHA,True,0.0,1680.7581067982335
9887,0.66960,"15.0, 15.0","785.0, 785.0",EISMHA,True,0.0,1662.4928360999884
9910,0.66712,"15.0, 15.0","785.0, 785.0",EISMHA,True,0.0,1666.0196270242766
9793,0.64509,"15.0, 15.0","785.0, 785.0",EISMHA,True,0.0,1666.5783088413302
10118,0.69363,"15.0, 15.0","785.0, 785.0",EISMHA,True,0.0,1647.7724661332347
9940,0.68264,"15.0, 15.0","785.0, 785.0",EISMHA,True,0.0,1670.363478321024
9825,0.65210,"15.0, 15.0","785.0, 785.0",EISMHA,True,0.0,1640.505602332604
9950,0.68402,"15.0, 15.0","785.0, 785.0",EISMHA,True,0.0,1640.1713373316704
9770,0.66625,"15.0, 15.0","785.0, 785.0",EISMHA,True,0.0,1631.8233794033197
9266,0.59255,"15.0, 15.0","785.0, 785.0",EISMHA,True,0.0,1619.1327465842485
10103,0.69737,"15.0, 15.0","785.0, 785.0",EISMHA,True,0.0,1672.6391490063027
10056,0.70415,"15.0, 15.0","785.0, 785.0",EISMHA,True,0.0,1648.420495486093
9940,0.65711,"15.0, 15.0","785.0, 785.0",EISMHA,True,0.0,1660.7786633701883
9955,0.65650,"15.0, 15.0","785.0, 785.0",EISMHA,True,0.0,1633.1324810018075
10027,0.65959,"15.0, 15.0","785.0, 785.0",EISMHA,True,0.0,1655.3986902404515
9979,0.65166,"15.0, 15.0","785.0, 785.0",EISMHA,True,0.0,1653.2303123851016
9923,0.65716,"15.0, 15.0","785.0, 785.0",EISMHA,True,0.0,1669.4934253705887
9966,0.65569,"15.0, 15.0","785.0, 785.0",EISMHA,True,0.0,1680.9229716455422
9805,0.64259,"15.0, 15.0","785.0, 785.0",EISMHA,True,0.0,1649.4446816564932
10062,0.67299,"15.0, 15.0","785.0, 785.0",EISMHA,True,0.0,1691.4554457548495
10023,0.66761,"15.0, 15.0","785.0, 785.0",EISMHA,True,0.0,1672.5198426245704
9429,0.61560,"15.0, 15.0","785.0, 785.0",EISMHA,True,0.0,1595.5833305329106
10154,0.69564,"15.0, 15.0","785.0, 785.0",EISMHA,True,0.0,1663.3737358720355
9549,0.62994,"15.0, 15.0","785.0, 785.0",EISMHA,True,0.0,1640.5294702905887
9959,0.67562,"15.0, 15.0","785.0, 785.0",EISMHA,True,0.0,1653.3661706040532
9807,0.66610,"15.0, 15.0","785.0, 785.0",EISMHA,True,0.0,1644.458432385441
9964,0.67763,"15.0, 15.0","785.0, 785.0",EISMHA,True,0.0,1661.72435542466
9993,0.67121,"15.0, 15.0","785.0, 785.0",EISMHA,True,0.0,1650.9508613082237
9912,0.65634,"15.0, 15.0","785.0, 785.0",EISMHA,True,0.0,1659.8577457112026
9928,0.66249,"15.0, 15.0","785.0, 785.0",EISMHA,True,0.0,1649.2776003610927
9665,0.63608,"15.0, 15.0","785.0, 785.0",EISMHA,True,0.0,1671.4229116855718
9580,0.62656,"15.0, 15.0","785.0, 785.0",EISMHA,True,0.0,1620.51140191455
9830,0.64958,"15.0, 15.0","785.0, 785.0",EISMHA,True,0.0,1621.5597315418318
9607,0.62408,"15.0, 15.0","785.0, 785.0",EISMHA,True,0.0,1680.657080142124
9647,0.63009,"15.0, 15.0","785.0, 785.0",EISMHA,True,0.0,1651.7365813297545
10239,0.69165,"15.0, 15.0","785.0, 785.0",EISMHA,True,0.0,1676.694973625547
9832,0.64762,"15.0, 15.0","785.0, 785.0",EISMHA,True,0.0,1655.243943392267
9631,0.63162,"15.0, 15.0","785.0, 785.0",EISMHA,True,0.0,1635.7982565978907
9652,0.63158,"15.0, 15.0","785.0, 785.0",EISMHA,True,0.0,1658.3281369778424
10019,0.66399,"15.0, 15.0","785.0, 785.0",EISMHA,True,0.0,1644.6666618607517
9803,0.65608,"15.0, 15.0","785.0, 785.0",EISMHA,True,0.0,1645.3110357466185
10040,0.67464,"15.0, 15.0","785.0, 785.0",EISMHA,True,0.0,1658.2733322641611
9621,0.62439,"15.0, 15.0","785.0, 785.0",EISMHA,True,0.0,1655.334030251814
9668,0.61684,"15.0, 15.0","785.0, 785.0",EISMHA,True,0.0,1655.6034199755713
9971,0.63863,"15.0, 15.0","785.0, 785.0",EISMHA,True,0.0,1624.6215239658275
10094,0.65059,"15.0, 15.0","785.0, 785.0",EISMHA,True,0.0,1646.585565848458
10073,0.65889,"15.0, 15.0","785.0, 785.0",EISMHA,True,0.0,1660.5590124947887
9930,0.63057,"15.0, 15.0","785.0, 785.0",EISMHA,True,0.0,1677.9837914172774
9848,0.62560,"15.0, 15.0","785.0, 785.0",EISMHA,True,0.0,1667.3815329276135
10081,0.64960,"15.0, 15.0","785.0, 785.0",EISMHA,True,0.0,1664.3226317182543
9666,0.61010,"15.0, 15.0","785.0, 785.0",EISMHA,True,0.0,1643.2265436712094
9748,0.62388,"15.0, 15.0","785.0, 785.0",EISMHA,True,0.0,1648.3020934303447
9414,0.59003,"15.0, 15.0","785.0, 785.0",EISMHA,True,0.0,1638.6133342373748
14349,1.09304,"15.0, 15.0","785.0, 785.0",EISMHA,True,0.25,1849.2325978105878
14443,1.09900,"15.0, 15.0","785.0, 785.0",EISMHA,True,0.25,1799.8246709700031
12288,0.86492,"15.0, 15.0","785.0, 785.0",EISMHA,True,0.25,1785.7494318622316
12573,0.89209,"15.0, 15.0","785.0, 785.0",EISMHA,True,0.25,1736.408363814916
14397,1.08779,"15.0, 15.0","785.0, 785.0",EISMHA,True,0.25,1770.6090872787913
13151,0.96623,"15.0, 15.0","785.0, 785.0",EISMHA,True,0.25,1777.9539147474632
13929,1.04682,"15.0, 15.0","785.0, 785.0",EISMHA,True,0.25,1796.7873483333146
12258,0.86689,"15.0, 15.0","785.0, 785.0",EISMHA,True,0.25,1781.89263434253
14968,1.16409,"15.0, 15.0","785.0, 785.0",EISMHA,True,0.25,1854.9159314970382
15570,1.27516,"15.0, 15.0","785.0, 785.0",EISMHA,True,0.25,1837.6416527894096
11931,0.85430,"15.0, 15.0","785.0, 785.0",EISMHA,True,0.25,1731.9383005017157
12957,0.95747,"15.0, 15.0","785.0, 785.0",EISMHA,True,0.25,1690.3060642069938
12227,0.88478,"15.0, 15.0","785.0, 785.0",EISMHA,True,0.25,1841.7841690606183
12305,0.88180,"15.0, 15.0","785.0, 785.0",EISMHA,True,0.25,1774.2876272775504
13473,0.99550,"15.0, 15.0","785.0, 785.0",EISMHA,True,0.25,1828.993682178862
13975,1.04799,"15.0, 15.0","785.0, 785.0",EISMHA,True,0.25,1755.2554960821365
15264,1.19449,"15.0, 15.0","785.0, 785.0",EISMHA,True,0.25,1797.9502512490785
14456,1.10169,"15.0, 15.0","785.0, 785.0",EISMHA,True,0.25,1800.2192403663585
13989,1.04495,"15.0, 15.0","785.0, 785.0",EISMHA,True,0.25,1778.9776525528719
13505,1.00491,"15.0, 15.0","785.0, 785.0",EISMHA,True,0.25,1789.8828725982312
14046,1.05407,"15.0, 15.0","785.0, 785.0",EISMHA,True,0.25,1761.5231437802472
13081,0.95249,"15.0, 15.0","785.0, 785.0",EISMHA,True,0.25,1668.424912900696
14243,1.08637,"15.0, 15.0","785.0, 785.0",EISMHA,True,0.25,1807.544013928927
14669,1.13957,"15.0, 15.0","785.0, 785.0",EISMHA,True,0.25,1747.443432647746
14099,1.06717,"15.0, 15.0","785.0, 785.0",EISMHA,True,0.25,1765.7389225410675
14041,1.05071,"15.0, 15.0","785.0, 785.0",EISMHA,True,0.25,1787.9084975630083
13200,0.96739,"15.0, 15.0","785.0, 785.0",EISMHA,True,0.25,1809.1656437562285
14977,1.17035,"15.0, 15.0","785.0, 785.0",EISMHA,True,0.25,1841.0405243260564
13446,0.98651,"15.0, 15.0","785.0, 785.0",EISMHA,True,0.25,1789.6681598789767
12784,0.92137,"15.0, 15.0","785.0, 785.0",EISMHA,True,0.25,1747.4868920154531
14624,1.12904,"15.0, 15.0","785.0, 785.0",EISMHA,True,0.25,1819.6228261644633
12590,0.89398,"15.0, 15.0","785.0, 785.0",EISMHA,True,0.25,1749.1393063955354
13796,1.02045,"15.0, 15.0","785.0, 785.0",EISMHA,True,0.25,1855.7697590824416
14225,1.06497,"15.0, 15.0","785.0, 785.0",EISMHA,True,0.25,1873.1867431176067
12966,0.94340,"15.0, 15.0","785.0, 785.0",EISMHA,True,0.25,1769.0493239251318
13436,0.98597,"15.0, 15.0","785.0, 785.0",EISMHA,True,0.25,1777.6024716969
12214,0.86876,"15.0, 15.0","785.0, 785.0",EISMHA,True,0.25,1797.8911932779188
11826,0.82825,"15.0, 15.0","785.0, 785.0",EISMHA,True,0.25,1771.0598407954033
14917,1.17060,"15.0, 15.0","785.0, 785.0",EISMHA,True,0.25,1876.0486529552
14022,1.05548,"15.0, 15.0","785.0, 785.0",EISMHA,True,0.25,1762.9923836027428
13101,0.96187,"15.0, 15.0","785.0, 785.0",EISMHA,True,0.25,1788.6817569163077
12310,0.87080,"15.0, 15.0","785.0, 785.0",EISMHA,True,0.25,1769.6646683915346
12323,0.88180,"15.0, 15.0","785.0, 785.0",EISMHA,True,0.25,1776.3238204193328
14625,1.12234,"15.0, 15.0","785.0, 785.0",EISMHA,True,0.25,1820.4861274106897
13712,1.02163,"15.0, 15.0","785.0, 785.0",EISMHA,True,0.25,1773.7021079736269
12814,0.89922,"15.0, 15.0","785.0, 785.0",EISMHA,True,0.25,1821.3537626349978
13542,0.97441,"15.0, 15.0","785.0, 785.0",EISMHA,True,0.25,1757.8436074251267
12257,0.83778,"15.0, 15.0","785.0, 785.0",EISMHA,True,0.25,1782.0813952142792
13411,0.94929,"15.0, 15.0","785.0, 785.0",EISMHA,True,0.25,1773.719332347997
13045,0.92772,"15.0, 15.0","785.0, 785.0",EISMHA,True,0.25,1781.7489158382846
13645,0.98961,"15.0, 15.0","785.0, 785.0",EISMHA,True,0.25,1819.8935449659227
13198,0.94386,"15.0, 15.0","785.0, 785.0",EISMHA,True,0.25,1702.0847101235324
15420,1.17412,"15.0, 15.0","785.0, 785.0",EISMHA,True,0.25,1849.2401747752826
14103,1.03198,"15.0, 15.0","785.0, 785.0",EISMHA,True,0.25,1807.5381789279957
12544,0.86819,"15.0, 15.0","785.0, 785.0",EISMHA,True,0.25,1752.4339830420693
13375,0.95962,"15.0, 15.0","785.0, 785.0",EISMHA,True,0.25,1744.2430361271213
13442,0.96268,"15.0, 15.0","785.0, 785.0",EISMHA,True,0.25,1694.3364079797798
12947,0.91133,"15.0, 15.0","785.0, 785.0",EISMHA,True,0.25,1845.222684026451
13005,0.91584,"15.0, 15.0","785.0, 785.0",EISMHA,True,0.25,1740.0166590564181
14480,1.08490,"15.0, 15.0","785.0, 785.0",EISMHA,True,0.25,1860.236559500481
13183,0.93293,"15.0, 15.0","785.0, 785.0",EISMHA,True,0.25,1922.5166773962692
12753,0.88696,"15.0, 15.0","785.0, 785.0",EISMHA,True,0.25,1725.9318551327237
13279,0.95086,"15.0, 15.0","785.0, 785.0",EISMHA,True,0.25,1806.3888870603598
14206,1.04336,"15.0, 15.0","785.0, 785.0",EISMHA,True,0.25,1791.3854841161212
12103,0.82139,"15.0, 15.0","785.0, 785.0",EISMHA,True,0.25,1705.4203836160502
13647,0.97808,"15.0, 15.0","785.0, 785.0",EISMHA,True,0.25,1766.8476009800447
15094,1.14632,"15.0, 15.0","785.0, 785.0",EISMHA,True,0.25,1794.9000771123958
12575,0.86792,"15.0, 15.0","785.0, 785.0",EISMHA,True,0.25,1853.2565543514515
12416,0.85244,"15.0, 15.0","785.0, 785.0",EISMHA,True,0.25,1748.5839835554589
12968,0.91959,"15.0, 15.0","785.0, 785.0",EISMHA,True,0.25,1858.2855043367244
13227,0.94602,"15.0, 15.0","785.0, 785.0",EISMHA,True,0.25,1795.0527040388088
14039,1.02193,"15.0, 15.0","785.0, 785.0",EISMHA,True,0.25,1776.8461103452264
13779,0.99593,"15.0, 15.0","785.0, 785.0",EISMHA,True,0.25,1772.6114411041326
14114,1.02895,"15.0, 15.0","785.0, 785.0",EISMHA,True,0.25,1792.8803743249591
11875,0.81283,"15.0, 15.0","785.0, 785.0",EISMHA,True,0.25,1771.713615135795
13874,1.04051,"15.0, 15.0","785.0, 785.0",EISMHA,True,0.25,1795.4276618012882
12712,0.90972,"15.0, 15.0","785.0, 785.0",EISMHA,True,0.25,1775.1492676632377
14597,1.10553,"15.0, 15.0","785.0, 785.0",EISMHA,True,0.25,1816.5073280306622
14258,1.08404,"15.0, 15.0","785.0, 785.0",EISMHA,True,0.25,1819.5630422789072
14963,1.13403,"15.0, 15.0","785.0, 785.0",EISMHA,True,0.25,1807.151797959773
12178,0.82696,"15.0, 15.0","785.0, 785.0",EISMHA,True,0.25,1753.2353825157666
11988,0.80624,"15.0, 15.0","785.0, 785.0",EISMHA,True,0.25,1703.9788927346322
13603,0.98561,"15.0, 15.0","785.0, 785.0",EISMHA,True,0.25,1756.4888481134615
15332,1.16410,"15.0, 15.0","785.0, 785.0",EISMHA,True,0.25,1797.5060191937741
11535,0.76771,"15.0, 15.0","785.0, 785.0",EISMHA,True,0.25,1744.699010243674
13063,0.91701,"15.0, 15.0","785.0, 785.0",EISMHA,True,0.25,1756.2979166284067
13329,0.95386,"15.0, 15.0","785.0, 785.0",EISMHA,True,0.25,1772.7611056351682
13595,0.96717,"15.0, 15.0","785.0, 785.0",EISMHA,True,0.25,1868.6269923612115
14411,1.06256,"15.0, 15.0","785.0, 785.0",EISMHA,True,0.25,1818.7722153982459
13210,0.93361,"15.0, 15.0","785.0, 785.0",EISMHA,True,0.25,1749.6215187942569
13019,0.91487,"15.0, 15.0","785.0, 785.0",EISMHA,True,0.25,1790.287418054167
12943,0.90034,"15.0, 15.0","785.0, 785.0",EISMHA,True,0.25,1798.775732302162
14881,1.11724,"15.0, 15.0","785.0, 785.0",EISMHA,True,0.25,1824.5127707278305
13126,0.92696,"15.0, 15.0","785.0, 785.0",EISMHA,True,0.25,1706.3509662662245
12964,0.90957,"15.0, 15.0","785.0, 785.0",EISMHA,True,0.25,1802.916923336199
13734,0.98555,"15.0, 15.0","785.0, 785.0",EISMHA,True,0.25,1723.0027940028524
13767,0.99341,"15.0, 15.0","785.0, 785.0",EISMHA,True,0.25,1784.7065888543261
12410,0.85685,"15.0, 15.0","785.0, 785.0",EISMHA,True,0.25,1707.8622351645643
11997,0.81830,"15.0, 15.0","785.0, 785.0",EISMHA,True,0.25,1812.627501035413
14740,1.10919,"15.0, 15.0","785.0, 785.0",EISMHA,True,0.25,1800.4163954708704
17118,1.42934,"15.0, 15.0","785.0, 785.0",EISMHA,True,0.5,1916.4955667785753
15886,1.27827,"15.0, 15.0","785.0, 785.0",EISMHA,True,0.5,1943.7628160418476
15236,1.20008,"15.0, 15.0","785.0, 785.0",EISMHA,True,0.5,1857.9926494201713
15693,1.25767,"15.0, 15.0","785.0, 785.0",EISMHA,True,0.5,1885.810764218201
14883,1.16015,"15.0, 15.0","785.0, 785.0",EISMHA,True,0.5,1795.4249884616747
16074,1.29168,"15.0, 15.0","785.0, 785.0",EISMHA,True,0.5,1901.789495781321
16212,1.33723,"15.0, 15.0","785.0, 785.0",EISMHA,True,0.5,1986.475621033395
16887,1.39511,"15.0, 15.0","785.0, 785.0",EISMHA,True,0.5,1902.5562527659608
14491,1.10553,"15.0, 15.0","785.0, 785.0",EISMHA,True,0.5,1811.4340417293415
17248,1.44135,"15.0, 15.0","785.0, 785.0",EISMHA,True,0.5,1890.1010857996305
16447,1.34607,"15.0, 15.0","785.0, 785.0",EISMHA,True,0.5,1930.9676833359335
15038,1.16782,"15.0, 15.0","785.0, 785.0",EISMHA,True,0.5,1905.1738890529014
16969,1.40435,"15.0, 15.0","785.0, 785.0",EISMHA,True,0.5,1969.5525955793264
17819,1.52796,"15.0, 15.0","785.0, 785.0",EISMHA,True,0.5,1950.404523229354
18286,1.58269,"15.0, 15.0","785.0, 785.0",EISMHA,True,0.5,1995.4197951704064
16660,1.37215,"15.0, 15.0","785.0, 785.0",EISMHA,True,0.5,1833.7871420412102
16774,1.39130,"15.0, 15.0","785.0, 785.0",EISMHA,True,0.5,1905.707997974806
17141,1.42610,"15.0, 15.0","785.0, 785.0",EISMHA,True,0.5,1893.089718150011
15925,1.27548,"15.0, 15.0","785.0, 785.0",EISMHA,True,0.5,1889.3938159270413
16498,1.33860,"15.0, 15.0","785.0, 785.0",EISMHA,True,0.5,1932.4574857036005
15681,1.24622,"15.0, 15.0","785.0, 785.0",EISMHA,True,0.5,1886.5976335522962
15505,1.22319,"15.0, 15.0","785.0, 785.0",EISMHA,True,0.5,1849.5095598504977
17570,1.47801,"15.0, 15.0","785.0, 785.0",EISMHA,True,0.5,1941.0360758706295
13587,0.99992,"15.0, 15.0","785.0, 785.0",EISMHA,True,0.5,1838.788705102381
17998,1.53196,"15.0, 15.0","785.0, 785.0",EISMHA,True,0.5,1928.7992120769843
17753,1.52898,"15.0, 15.0","785.0, 785.0",EISMHA,True,0.5,1893.203974067811
17617,1.51019,"15.0, 15.0","785.0, 785.0",EISMHA,True,0.5,1903.3520557910535
15620,1.25713,"15.0, 15.0","785.0, 785.0",EISMHA,True,0.5,1841.5348436628656
16563,1.39591,"15.0, 15.0","785.0, 785.0",EISMHA,True,0.5,1893.2813497824918
16667,1.40364,"15.0, 15.0","785.0, 785.0",EISMHA,True,0.5,1971.4240734092189
15983,1.30244,"15.0, 15.0","785.0, 785.0",EISMHA,True,0.5,1924.1810249592868
17098,1.45212,"15.0, 15.0","785.0, 785.0",EISMHA,True,0.5,1926.342926171811
16976,1.41001,"15.0, 15.0","785.0, 785.0",EISMHA,True,0.5,1943.4390824174548
17525,1.47034,"15.0, 15.0","785.0, 785.0",EISMHA,True,0.5,1977.5501240930932
18030,1.53508,"15.0, 15.0","785.0, 785.0",EISMHA,True,0.5,1931.4459176057758
17495,1.47535,"15.0, 15.0","785.0, 785.0",EISMHA,True,0.5,1925.335546127613
18128,1.57782,"15.0, 15.0","785.0, 785.0",EISMHA,True,0.5,1886.9319827678034
18397,1.59753,"15.0, 15.0","785.0, 785.0",EISMHA,True,0.5,1986.9397619255005
18605,1.62832,"15.0, 15.0","785.0, 785.0",EISMHA,True,0.5,1950.1738329519962
12022,0.84377,"15.0, 15.0","785.0, 785.0",EISMHA,True,0.5,1776.3713053597476
17400,1.46590,"15.0, 15.0","785.0, 785.0",EISMHA,True,0.5,1952.6777647833185
15876,1.27503,"15.0, 15.0","785.0, 785.0",EISMHA,True,0.5,1912.9731007156493
14447,1.10256,"15.0, 15.0","785.0, 785.0",EISMHA,True,0.5,1895.4849182171222
16724,1.34076,"15.0, 15.0","785.0, 785.0",EISMHA,True,0.5,1923.5714204783364
11119,0.72886,"15.0, 15.0","785.0, 785.0",EISMHA,True,0.5,1714.5581060932489
14420,1.08117,"15.0, 15.0","785.0, 785.0",EISMHA,True,0.5,1866.6174097235353
16988,1.39779,"15.0, 15.0","785.0, 785.0",EISMHA,True,0.5,1847.2210253564072
17300,1.43436,"15.0, 15.0","785.0, 785.0",EISMHA,True,0.5,1946.8080881068809
15865,1.25317,"15.0, 15.0","785.0, 785.0",EISMHA,True,0.5,1911.8302648046035
16629,1.33548,"15.0, 15.0","785.0, 785.0",EISMHA,True,0.5,1951.5178010322647
14148,1.04245,"15.0, 15.0","785.0, 785.0",EISMHA,True,0.5,1843.3233369104698
15136,1.17429,"15.0, 15.0","785.0, 785.0",EISMHA,True,0.5,1800.9806599347985
16810,1.35266,"15.0, 15.0","785.0, 785.0",EISMHA,True,0.5,1867.3971419560155
16853,1.35768,"15.0, 15.0","785.0, 785.0",EISMHA,True,0.5,1897.6483036993136
17351,1.42505,"15.0, 15.0","785.0, 785.0",EISMHA,True,0.5,1890.939208227751
16905,1.35879,"15.0, 15.0","785.0, 785.0",EISMHA,True,0.5,1969.1033493729271
16914,1.36025,"15.0, 15.0","785.0, 785.0",EISMHA,True,0.5,1878.73244665348
17540,1.45900,"15.0, 15.0","785.0, 785.0",EISMHA,True,0.5,1892.6071717317673
15018,1.13285,"15.0, 15.0","785.0, 785.0",EISMHA,True,0.5,1804.416126003303
16902,1.36309,"15.0, 15.0","785.0, 785.0",EISMHA,True,0.5,1897.6054468756508
18017,1.50791,"15.0, 15.0","785.0, 785.0",EISMHA,True,0.5,2018.7312554712612
17624,1.45913,"15.0, 15.0","785.0, 785.0",EISMHA,True,0.5,1909.0646931986719
12756,0.88895,"15.0, 15.0","785.0, 785.0",EISMHA,True,0.5,1746.6177421070786
17424,1.44681,"15.0, 15.0","785.0, 785.0",EISMHA,True,0.5,1936.0795877347005
16670,1.32292,"15.0, 15.0","785.0, 785.0",EISMHA,True,0.5,1864.423758152965
14730,1.09593,"15.0, 15.0","785.0, 785.0",EISMHA,True,0.5,1852.8416002395222
16432,1.29938,"15.0, 15.0","785.0, 785.0",EISMHA,True,0.5,1999.3469293909177
17721,1.47199,"15.0, 15.0","785.0, 785.0",EISMHA,True,0.5,1937.8290024907692
16008,1.25067,"15.0, 15.0","785.0, 785.0",EISMHA,True,0.5,1867.9579576387896
16111,1.28240,"15.0, 15.0","785.0, 785.0",EISMHA,True,0.5,1888.8141534967817
17410,1.41770,"15.0, 15.0","785.0, 785.0",EISMHA,True,0.5,1985.190522270224
16740,1.33932,"15.0, 15.0","785.0, 785.0",EISMHA,True,0.5,1902.1712034040054
16724,1.34446,"15.0, 15.0","785.0, 785.0",EISMHA,True,0.5,1842.6158940541654
17061,1.38515,"15.0, 15.0","785.0, 785.0",EISMHA,True,0.5,1930.8101322541002
15546,1.19815,"15.0, 15.0","785.0, 785.0",EISMHA,True,0.5,1957.3901415322193
18500,1.58237,"15.0, 15.0","785.0, 785.0",EISMHA,True,0.5,1928.2111608569319
15090,1.14905,"15.0, 15.0","785.0, 785.0",EISMHA,True,0.5,1831.81766224594
17034,1.40229,"15.0, 15.0","785.0, 785.0",EISMHA,True,0.5,1960.7608523753374
18291,1.60028,"15.0, 15.0","785.0, 785.0",EISMHA,True,0.5,1932.4539556845261
15713,1.23139,"15.0, 15.0","785.0, 785.0",EISMHA,True,0.5,1879.2073871658256
17352,1.45073,"15.0, 15.0","785.0, 785.0",EISMHA,True,0.5,1890.426013693957
16876,1.37689,"15.0, 15.0","785.0, 785.0",EISMHA,True,0.5,1933.738223153808
17064,1.39076,"15.0, 15.0","785.0, 785.0",EISMHA,True,0.5,1919.0084451356784
16069,1.26824,"15.0, 15.0","785.0, 785.0",EISMHA,True,0.5,1916.0675558406576
14026,1.02439,"15.0, 15.0","785.0, 785.0",EISMHA,True,0.5,1877.698944092705
15375,1.17459,"15.0, 15.0","785.0, 785.0",EISMHA,True,0.5,1922.289784212561
14192,1.04584,"15.0, 15.0","785.0, 785.0",EISMHA,True,0.5,1796.0664337403707
13101,0.93318,"15.0, 15.0","785.0, 785.0",EISMHA,True,0.5,1778.8714326718723
16703,1.34263,"15.0, 15.0","785.0, 785.0",EISMHA,True,0.5,1857.9770109946246
14043,1.03018,"15.0, 15.0","785.0, 785.0",EISMHA,True,0.5,1813.321280918081
16188,1.27576,"15.0, 15.0","785.0, 785.0",EISMHA,True,0.5,1842.196254035172
15575,1.19856,"15.0, 15.0","785.0, 785.0",EISMHA,True,0.5,1890.79915221646
17670,1.45866,"15.0, 15.0","785.0, 785.0",EISMHA,True,0.5,1998.4905606470134
14966,1.14508,"15.0, 15.0","785.0, 785.0",EISMHA,True,0.5,1849.2503652174516
15750,1.21863,"15.0, 15.0","785.0, 785.0",EISMHA,True,0.5,1827.620997345998
14698,1.09761,"15.0, 15.0","785.0, 785.0",EISMHA,True,0.5,1862.0765909735883
16859,1.35878,"15.0, 15.0","785.0, 785.0",EISMHA,True,0.5,1934.3149575538453
16915,1.37256,"15.0, 15.0","785.0, 785.0",EISMHA,True,0.5,1941.2802536322395
14264,1.05372,"15.0, 15.0","785.0, 785.0",EISMHA,True,0.5,1866.758360907304
14375,1.06536,"15.0, 15.0","785.0, 785.0",EISMHA,True,0.5,1863.6944081783195
17011,1.42103,"15.0, 15.0","785.0, 785.0",EISMHA,True,0.75,1803.6286139670967
13819,1.04447,"15.0, 15.0","785.0, 785.0",EISMHA,True,0.75,1690.7877258851493
15526,1.22653,"15.0, 15.0","785.0, 785.0",EISMHA,True,0.75,1770.6491035860483
17867,1.52639,"15.0, 15.0","785.0, 785.0",EISMHA,True,0.75,1855.3681496528068
17844,1.50875,"15.0, 15.0","785.0, 785.0",EISMHA,True,0.75,1876.868279742122
17747,1.48849,"15.0, 15.0","785.0, 785.0",EISMHA,True,0.75,1798.52904230526
16949,1.40893,"15.0, 15.0","785.0, 785.0",EISMHA,True,0.75,1828.9738767203141
11329,0.78223,"15.0, 15.0","785.0, 785.0",EISMHA,True,0.75,1715.3256063580238
15791,1.27022,"15.0, 15.0","785.0, 785.0",EISMHA,True,0.75,1721.9250753728222
16111,1.33073,"15.0, 15.0","785.0, 785.0",EISMHA,True,0.75,1775.8731737488406
16719,1.39018,"15.0, 15.0","785.0, 785.0",EISMHA,True,0.75,1775.4552880645426
15903,1.27397,"15.0, 15.0","785.0, 785.0",EISMHA,True,0.75,1803.7251920260887
16975,1.42382,"15.0, 15.0","785.0, 785.0",EISMHA,True,0.75,1834.3703919886018
15993,1.29303,"15.0, 15.0","785.0, 785.0",EISMHA,True,0.75,1774.7284054890274
16233,1.30818,"15.0, 15.0","785.0, 785.0",EISMHA,True,0.75,1830.8255440398916
15556,1.23971,"15.0, 15.0","785.0, 785.0",EISMHA,True,0.75,1797.1006259799367
18045,1.54015,"15.0, 15.0","785.0, 785.0",EISMHA,True,0.75,1765.2497005055795
18412,1.59389,"15.0, 15.0","785.0, 785.0",EISMHA,True,0.75,1821.528986767254
14460,1.10506,"15.0, 15.0","785.0, 785.0",EISMHA,True,0.75,1721.31296750845
17282,1.46119,"15.0, 15.0","785.0, 785.0",EISMHA,True,0.75,1763.7391954994541
16999,1.47473,"15.0, 15.0","785.0, 785.0",EISMHA,True,0.75,1826.9714559467604
15463,1.24241,"15.0, 15.0","785.0, 785.0",EISMHA,True,0.75,1737.5991101772315
16419,1.36111,"15.0, 15.0","785.0, 785.0",EISMHA,True,0.75,1888.2721862252488
16081,1.33871,"15.0, 15.0","785.0, 785.0",EISMHA,True,0.75,1833.1259157762966
16661,1.36934,"15.0, 15.0","785.0, 785.0",EISMHA,True,0.75,1749.1861478484116
16860,1.37390,"15.0, 15.0","785.0, 785.0",EISMHA,True,0.75,1805.4864699662833
12739,0.92898,"15.0, 15.0","785.0, 785.0",EISMHA,True,0.75,1696.5024293888496
17390,1.46422,"15.0, 15.0","785.0, 785.0",EISMHA,True,0.75,1756.8029472046508
18093,1.54452,"15.0, 15.0","785.0, 785.0",EISMHA,True,0.75,1884.5934698588
15082,1.18991,"15.0, 15.0","785.0, 785.0",EISMHA,True,0.75,1732.4852206525325
15644,1.26312,"15.0, 15.0","785.0, 785.0",EISMHA,True,0.75,1854.6689264969802
14470,1.13865,"15.0, 15.0","785.0, 785.0",EISMHA,True,0.75,1742.1621033184665
17959,1.56044,"15.0, 15.0","785.0, 785.0",EISMHA,True,0.75,1845.395479148727
17150,1.42370,"15.0, 15.0","785.0, 785.0",EISMHA,True,0.75,1831.7857276549655
17360,1.46185,"15.0, 15.0","785.0, 785.0",EISMHA,True,0.75,1780.2886125419925
16479,1.34623,"15.0, 15.0","785.0, 785.0",EISMHA,True,0.75,1778.627498710559
16966,1.40632,"15.0, 15.0","785.0, 785.0",EISMHA,True,0.75,1781.8031903078586
16044,1.29217,"15.0, 15.0","785.0, 785.0",EISMHA,True,0.75,1834.5133687925584
12721,0.92874,"15.0, 15.0","785.0, 785.0",EISMHA,True,0.75,1694.7162615711131
17099,1.41682,"15.0, 15.0","785.0, 785.0",EISMHA,True,0.75,1781.5988803365346
16507,1.34628,"15.0, 15.0","785.0, 785.0",EISMHA,True,0.75,1779.4271511386346
17280,1.45591,"15.0, 15.0","785.0, 785.0",EISMHA,True,0.75,1747.1358436784517
15881,1.27567,"15.0, 15.0","785.0, 785.0",EISMHA,True,0.75,1721.82582577253
15878,1.28117,"15.0, 15.0","785.0, 785.0",EISMHA,True,0.75,1788.4254573694573
17658,1.50194,"15.0, 15.0","785.0, 785.0",EISMHA,True,0.75,1821.8710235604597
13409,0.96800,"15.0, 15.0","785.0, 785.0",EISMHA,True,0.75,1691.813083956885
15232,1.16960,"15.0, 15.0","785.0, 785.0",EISMHA,True,0.75,1728.999289841051
18007,1.51514,"15.0, 15.0","785.0, 785.0",EISMHA,True,0.75,1852.261589431397
13953,1.03514,"15.0, 15.0","785.0, 785.0",EISMHA,True,0.75,1731.489476341652
11735,0.80215,"15.0, 15.0","785.0, 785.0",EISMHA,True,0.75,1734.599111913358
11412,0.77184,"15.0, 15.0","785.0, 785.0",EISMHA,True,0.75,1690.4023789530756
16222,1.29119,"15.0, 15.0","785.0, 785.0",EISMHA,True,0.75,1708.7617448049762
17847,1.47347,"15.0, 15.0","785.0, 785.0",EISMHA,True,0.75,1798.3778765286447
16828,1.37585,"15.0, 15.0","785.0, 785.0",EISMHA,True,0.75,1831.493133981193
16862,1.37808,"15.0, 15.0","785.0, 785.0",EISMHA,True,0.75,1805.3864848971984
16434,1.31722,"15.0, 15.0","785.0, 785.0",EISMHA,True,0.75,1871.739440010381
17126,1.39105,"15.0, 15.0","785.0, 785.0",EISMHA,True,0.75,1859.8485178505143
15000,1.16118,"15.0, 15.0","785.0, 785.0",EISMHA,True,0.75,1733.2062675971067
17531,1.44650,"15.0, 15.0","785.0, 785.0",EISMHA,True,0.75,1801.629408174205
17316,1.40414,"15.0, 15.0","785.0, 785.0",EISMHA,True,0.75,1794.4007616962233
15771,1.23743,"15.0, 15.0","785.0, 785.0",EISMHA,True,0.75,1773.5790482676873
13820,1.02035,"15.0, 15.0","785.0, 785.0",EISMHA,True,0.75,1748.5140808027736
15885,1.23363,"15.0, 15.0","785.0, 785.0",EISMHA,True,0.75,1783.6909858881163
15727,1.24165,"15.0, 15.0","785.0, 785.0",EISMHA,True,0.75,1725.3487148323857
16644,1.34523,"15.0, 15.0","785.0, 785.0",EISMHA,True,0.75,1805.825608069982
17075,1.37740,"15.0, 15.0","785.0, 785.0",EISMHA,True,0.75,1785.2376362230677
14344,1.08243,"15.0, 15.0","785.0, 785.0",EISMHA,True,0.75,1726.5170125410589
15004,1.14921,"15.0, 15.0","785.0, 785.0",EISMHA,True,0.75,1772.3510831188987
18219,1.52049,"15.0, 15.0","785.0, 785.0",EISMHA,True,0.75,1812.3986814611355
16704,1.35106,"15.0, 15.0","785.0, 785.0",EISMHA,True,0.75,1775.8442306366596
15900,1.25530,"15.0, 15.0","785.0, 785.0",EISMHA,True,0.75,1848.8641501857462
14102,1.07602,"15.0, 15.0","785.0, 785.0",EISMHA,True,0.75,1723.4915168403252
17486,1.46081,"15.0, 15.0","785.0, 785.0",EISMHA,True,0.75,1802.6067059696888
18021,1.53064,"15.0, 15.0","785.0, 785.0",EISMHA,True,0.75,1784.3726520596188
13784,1.02300,"15.0, 15.0","785.0, 785.0",EISMHA,True,0.75,1744.7711124144798
16892,1.37125,"15.0, 15.0","785.0, 785.0",EISMHA,True,0.75,1765.7973162156954
15354,1.17511,"15.0, 15.0","785.0, 785.0",EISMHA,True,0.75,1778.1922636270679
13108,0.94254,"15.0, 15.0","785.0, 785.0",EISMHA,True,0.75,1665.808965377718
15032,1.15871,"15.0, 15.0","785.0, 785.0",EISMHA,True,0.75,1745.1483546216252
15485,1.18932,"15.0, 15.0","785.0, 785.0",EISMHA,True,0.75,1795.783580568444
15301,1.17487,"15.0, 15.0","785.0, 785.0",EISMHA,True,0.75,1749.9807926308142
16724,1.33776,"15.0, 15.0","785.0, 785.0",EISMHA,True,0.75,1795.1381884416119
16602,1.34232,"15.0, 15.0","785.0, 785.0",EISMHA,True,0.75,1832.6436985758776
15897,1.25102,"15.0, 15.0","785.0, 785.0",EISMHA,True,0.75,1812.0296396580404
16604,1.32274,"15.0, 15.0","785.0, 785.0",EISMHA,True,0.75,1785.87868215827
14111,1.05562,"15.0, 15.0","785.0, 785.0",EISMHA,True,0.75,1656.6662132469107
17618,1.46911,"15.0, 15.0","785.0, 785.0",EISMHA,True,0.75,1863.194302437271
18535,1.58895,"15.0, 15.0","785.0, 785.0",EISMHA,True,0.75,1810.833719640175
11492,0.78504,"15.0, 15.0","785.0, 785.0",EISMHA,True,0.75,1662.125124899408
15859,1.25162,"15.0, 15.0","785.0, 785.0",EISMHA,True,0.75,1715.4651555925009
16739,1.34324,"15.0, 15.0","785.0, 785.0",EISMHA,True,0.75,1849.7955205292706
17313,1.42009,"15.0, 15.0","785.0, 785.0",EISMHA,True,0.75,1794.5243771013943
16291,1.30255,"15.0, 15.0","785.0, 785.0",EISMHA,True,0.75,1813.1155531405454
14770,1.10715,"15.0, 15.0","785.0, 785.0",EISMHA,True,0.75,1776.5620342722857
16528,1.32223,"15.0, 15.0","785.0, 785.0",EISMHA,True,0.75,1887.0640209412193
18169,1.53092,"15.0, 15.0","785.0, 785.0",EISMHA,True,0.75,1795.5823591491444
16952,1.36122,"15.0, 15.0","785.0, 785.0",EISMHA,True,0.75,1845.0905327748578
16097,1.28906,"15.0, 15.0","785.0, 785.0",EISMHA,True,0.75,1777.0697777089383
17383,1.43575,"15.0, 15.0","785.0, 785.0",EISMHA,True,0.75,1817.6814009830928
18588,1.58973,"15.0, 15.0","785.0, 785.0",EISMHA,True,0.75,1848.460409496313
10732,0.71800,"15.0, 15.0","785.0, 785.0",EISMHA,True,1.0,1597.359197748951
9887,0.65098,"15.0, 15.0","785.0, 785.0",EISMHA,True,1.0,1582.9943396743827
9566,0.61101,"15.0, 15.0","785.0, 785.0",EISMHA,True,1.0,1581.2477383331354
10173,0.66961,"15.0, 15.0","785.0, 785.0",EISMHA,True,1.0,1593.0641869080057
9456,0.60858,"15.0, 15.0","785.0, 785.0",EISMHA,True,1.0,1570.591492091739
10448,0.69115,"15.0, 15.0","785.0, 785.0",EISMHA,True,1.0,1555.2503321227275
13626,1.01926,"15.0, 15.0","785.0, 785.0",EISMHA,True,1.0,1646.8511357162279
13078,0.95512,"15.0, 15.0","785.0, 785.0",EISMHA,True,1.0,1742.0481025571646
10619,0.70532,"15.0, 15.0","785.0, 785.0",EISMHA,True,1.0,1598.6678167194782
12969,0.93699,"15.0, 15.0","785.0, 785.0",EISMHA,True,1.0,1744.7810409691942
11829,0.82075,"15.0, 15.0","785.0, 785.0",EISMHA,True,1.0,1622.4701178986245
10467,0.70316,"15.0, 15.0","785.0, 785.0",EISMHA,True,1.0,1588.604841644633
11584,0.80125,"15.0, 15.0","785.0, 785.0",EISMHA,True,1.0,1596.834127532819
9373,0.59164,"15.0, 15.0","785.0, 785.0",EISMHA,True,1.0,1555.20536667919
10583,0.69267,"15.0, 15.0","785.0, 785.0",EISMHA,True,1.0,1613.9672636675011
12709,0.91034,"15.0, 15.0","785.0, 785.0",EISMHA,True,1.0,1577.3190258198465
13091,0.96752,"15.0, 15.0","785.0, 785.0",EISMHA,True,1.0,1690.7691843066464
11130,0.75521,"15.0, 15.0","785.0, 785.0",EISMHA,True,1.0,1609.8754320192193
11305,0.76613,"15.0, 15.0","785.0, 785.0",EISMHA,True,1.0,1608.9261023906554
12569,0.90790,"15.0, 15.0","785.0, 785.0",EISMHA,True,1.0,1692.9407223031344
13449,1.00892,"15.0, 15.0","785.0, 785.0",EISMHA,True,1.0,1733.1285776590614
9146,0.57553,"15.0, 15.0","785.0, 785.0",EISMHA,True,1.0,1577.755586302753
11863,0.84106,"15.0, 15.0","785.0, 785.0",EISMHA,True,1.0,1611.0414226450205
10662,0.74920,"15.0, 15.0","785.0, 785.0",EISMHA,True,1.0,1588.8310672197615
10680,0.72219,"15.0, 15.0","785.0, 785.0",EISMHA,True,1.0,1601.1458208128272
10633,0.73417,"15.0, 15.0","785.0, 785.0",EISMHA,True,1.0,1607.3516416798893
12165,0.88313,"15.0, 15.0","785.0, 785.0",EISMHA,True,1.0,1605.038405171853
10076,0.67697,"15.0, 15.0","785.0, 785.0",EISMHA,True,1.0,1579.108963318172
11173,0.77872,"15.0, 15.0","785.0, 785.0",EISMHA,True,1.0,1574.8440037649484
11725,0.81108,"15.0, 15.0","785.0, 785.0",EISMHA,True,1.0,1572.638880845379
11681,0.81281,"15.0, 15.0","785.0, 785.0",EISMHA,True,1.0,1624.4051520294715
11327,0.77324,"15.0, 15.0","785.0, 785.0",EISMHA,True,1.0,1599.9015948763179
11150,0.75669,"15.0, 15.0","785.0, 785.0",EISMHA,True,1.0,1613.881901198495
10578,0.69062,"15.0, 15.0","785.0, 785.0",EISMHA,True,1.0,1587.6615831827164
11444,0.78472,"15.0, 15.0","785.0, 785.0",EISMHA,True,1.0,1616.807207587591
10818,0.71685,"15.0, 15.0","785.0, 785.0",EISMHA,True,1.0,1570.3079859180154
10960,0.74525,"15.0, 15.0","785.0, 785.0",EISMHA,True,1.0,1617.233434862025
10464,0.69269,"15.0, 15.0","785.0, 785.0",EISMHA,True,1.0,1587.7825051666182
10398,0.68591,"15.0, 15.0","785.0, 785.0",EISMHA,True,1.0,1593.0176642373135
10704,0.71717,"15.0, 15.0","785.0, 785.0",EISMHA,True,1.0,1617.3820082738255
11076,0.74393,"15.0, 15.0","785.0, 785.0",EISMHA,True,1.0,1590.911622211006
11607,0.81474,"15.0, 15.0","785.0, 785.0",EISMHA,True,1.0,1705.3297680522444
13993,1.06338,"15.0, 15.0","785.0, 785.0",EISMHA,True,1.0,1694.2547045429158
11421,0.78166,"15.0, 15.0","785.0, 785.0",EISMHA,True,1.0,1596.2343222801746
12192,0.87444,"15.0, 15.0","785.0, 785.0",EISMHA,True,1.0,1683.6443210957882
10226,0.67816,"15.0, 15.0","785.0, 785.0",EISMHA,True,1.0,1584.5001014689842
13549,1.03470,"15.0, 15.0","785.0, 785.0",EISMHA,True,1.0,1739.5488277501436
11520,0.79625,"15.0, 15.0","785.0, 785.0",EISMHA,True,1.0,1606.9277702560719
10083,0.65160,"15.0, 15.0","785.0, 785.0",EISMHA,True,1.0,1564.647026484831
10102,0.65860,"15.0, 15.0","785.0, 785.0",EISMHA,True,1.0,1571.995298872527
11459,0.79622,"15.0, 15.0","785.0, 785.0",EISMHA,True,1.0,1615.357154327819
9735,0.62458,"15.0, 15.0","785.0, 785.0",EISMHA,True,1.0,1586.9014105905949
12152,0.86959,"15.0, 15.0","785.0, 785.0",EISMHA,True,1.0,1718.719189962042
10750,0.71280,"15.0, 15.0","785.0, 785.0",EISMHA,True,1.0,1597.2992374843157
11311,0.76464,"15.0, 15.0","785.0, 785.0",EISMHA,True,1.0,1596.4233124129257
10273,0.66962,"15.0, 15.0","785.0, 785.0",EISMHA,True,1.0,1562.1891983855758
12597,0.90068,"15.0, 15.0","785.0, 785.0",EISMHA,True,1.0,1710.8802631835813
10430,0.68831,"15.0, 15.0","785.0, 785.0",EISMHA,True,1.0,1584.1559314942194
9327,0.59006,"15.0, 15.0","785.0, 785.0",EISMHA,True,1.0,1567.9044039245123
10613,0.69516,"15.0, 15.0","785.0, 785.0",EISMHA,True,1.0,1584.2704835528127
10858,0.72868,"15.0, 15.0","785.0, 785.0",EISMHA,True,1.0,1601.635914631004
13272,0.97740,"15.0, 15.0","785.0, 785.0",EISMHA,True,1.0,1683.3101997599829
10294,0.67462,"15.0, 15.0","785.0, 785.0",EISMHA,True,1.0,1592.7490180586283
10803,0.71873,"15.0, 15.0","785.0, 785.0",EISMHA,True,1.0,1574.5791352148613
9160,0.57391,"15.0, 15.0","785.0, 785.0",EISMHA,True,1.0,1552.0065638674823
10426,0.69814,"15.0, 15.0","785.0, 785.0",EISMHA,True,1.0,1602.0557936431567
9115,0.56802,"15.0, 15.0","785.0, 785.0",EISMHA,True,1.0,1584.8196296835895
8900,0.56303,"15.0, 15.0","785.0, 785.0",EISMHA,True,1.0,1569.1796938923808
11467,0.78471,"15.0, 15.0","785.0, 785.0",EISMHA,True,1.0,1599.4741876924368
10456,0.69015,"15.0, 15.0","785.0, 785.0",EISMHA,True,1.0,1594.3398911458848
12633,0.91483,"15.0, 15.0","785.0, 785.0",EISMHA,True,1.0,1656.6093996767636
11124,0.76626,"15.0, 15.0","785.0, 785.0",EISMHA,True,1.0,1581.0982217135784
11720,0.81476,"15.0, 15.0","785.0, 785.0",EISMHA,True,1.0,1711.8081945443773
10130,0.66207,"15.0, 15.0","785.0, 785.0",EISMHA,True,1.0,1570.9476081984374
11265,0.76650,"15.0, 15.0","785.0, 785.0",EISMHA,True,1.0,1608.374122585454
12529,0.89782,"15.0, 15.0","785.0, 785.0",EISMHA,True,1.0,1689.529095463158
10828,0.74067,"15.0, 15.0","785.0, 785.0",EISMHA,True,1.0,1599.9358081545254
10992,0.74720,"15.0, 15.0","785.0, 785.0",EISMHA,True,1.0,1603.5722950139514
10869,0.71741,"15.0, 15.0","785.0, 785.0",EISMHA,True,1.0,1599.9463925853004
11237,0.74718,"15.0, 15.0","785.0, 785.0",EISMHA,True,1.0,1603.2305245645218
9785,0.60912,"15.0, 15.0","785.0, 785.0",EISMHA,True,1.0,1585.4622308860223
14001,1.03295,"15.0, 15.0","785.0, 785.0",EISMHA,True,1.0,1723.1590521586907
10398,0.66764,"15.0, 15.0","785.0, 785.0",EISMHA,True,1.0,1591.0120513703948
12631,0.88624,"15.0, 15.0","785.0, 785.0",EISMHA,True,1.0,1653.959275191303
10289,0.65359,"15.0, 15.0","785.0, 785.0",EISMHA,True,1.0,1570.626809529381
11685,0.80411,"15.0, 15.0","785.0, 785.0",EISMHA,True,1.0,1610.7184817442776
9896,0.62220,"15.0, 15.0","785.0, 785.0",EISMHA,True,1.0,1573.660664645949
9523,0.58997,"15.0, 15.0","785.0, 785.0",EISMHA,True,1.0,1570.2081340499872
13096,0.93588,"15.0, 15.0","785.0, 785.0",EISMHA,True,1.0,1733.7401092770478
10910,0.72326,"15.0, 15.0","785.0, 785.0",EISMHA,True,1.0,1622.5235987250574
12389,0.84938,"15.0, 15.0","785.0, 785.0",EISMHA,True,1.0,1676.936741443148
9902,0.61587,"15.0, 15.0","785.0, 785.0",EISMHA,True,1.0,1597.5185458347503
12690,0.89204,"15.0, 15.0","785.0, 785.0",EISMHA,True,1.0,1693.1206791289403
10474,0.67509,"15.0, 15.0","785.0, 785.0",EISMHA,True,1.0,1577.8065343135172
12158,0.84337,"15.0, 15.0","785.0, 785.0",EISMHA,True,1.0,1673.585313668559
10393,0.66360,"15.0, 15.0","785.0, 785.0",EISMHA,True,1.0,1625.0491093600453
13963,1.02036,"15.0, 15.0","785.0, 785.0",EISMHA,True,1.0,1726.7562675885106
10792,0.70466,"15.0, 15.0","785.0, 785.0",EISMHA,True,1.0,1580.1248498667208
11320,0.76070,"15.0, 15.0","785.0, 785.0",EISMHA,True,1.0,1588.0238031884774
11307,0.75371,"15.0, 15.0","785.0, 785.0",EISMHA,True,1.0,1619.423485386434
