70780,1.18460,"15.0, 15.0","785.0, 785.0",Shared MultiHeuristic A*,True,0.3,1609.9148999080892
72025,1.22149,"15.0, 15.0","785.0, 785.0",Shared MultiHeuristic A*,True,0.3,1626.8687320930596
70265,1.17460,"15.0, 15.0","785.0, 785.0",Shared MultiHeuristic A*,True,0.3,1597.4948034332358
71825,1.20262,"15.0, 15.0","785.0, 785.0",Shared MultiHeuristic A*,True,0.3,1618.0223510174822
72500,1.22062,"15.0, 15.0","785.0, 785.0",Shared MultiHeuristic A*,True,0.3,1620.949385819003
72500,1.22211,"15.0, 15.0","785.0, 785.0",Shared MultiHeuristic A*,True,0.3,1622.313349921073
72350,1.20988,"15.0, 15.0","785.0, 785.0",Shared MultiHeuristic A*,True,0.3,1628.867116209363
70425,1.15283,"15.0, 15.0","785.0, 785.0",Shared MultiHeuristic A*,True,0.3,1605.1714016491876
72260,1.20393,"15.0, 15.0","785.0, 785.0",Shared MultiHeuristic A*,True,0.3,1625.946240307615
71545,1.18108,"15.0, 15.0","785.0, 785.0",Shared MultiHeuristic A*,True,0.3,1619.631360701424
72415,1.19509,"15.0, 15.0","785.0, 785.0",Shared MultiHeuristic A*,True,0.3,1621.0515491448377
72220,1.19409,"15.0, 15.0","785.0, 785.0",Shared MultiHeuristic A*,True,0.3,1627.1446771979327
76310,1.28723,"15.0, 15.0","785.0, 785.0",Shared MultiHeuristic A*,True,0.3,1648.8808175976374
73255,1.20929,"15.0, 15.0","785.0, 785.0",Shared MultiHeuristic A*,True,0.3,1651.5088425796805
71645,1.10933,"15.0, 15.0","785.0, 785.0",Shared MultiHeuristic A*,True,0.3,1634.2244171154052
70890,1.07655,"15.0, 15.0","785.0, 785.0",Shared MultiHeuristic A*,True,0.3,1606.479136966569
72335,1.11944,"15.0, 15.0","785.0, 785.0",Shared MultiHeuristic A*,True,0.3,1627.8324476648256
71525,1.10405,"15.0, 15.0","785.0, 785.0",Shared MultiHeuristic A*,True,0.3,1637.744918670004
71485,1.10144,"15.0, 15.0","785.0, 785.0",Shared MultiHeuristic A*,True,0.3,1600.7627798220367
72755,1.13295,"15.0, 15.0","785.0, 785.0",Shared MultiHeuristic A*,True,0.3,1623.6280836837757
76995,1.22183,"15.0, 15.0","785.0, 785.0",Shared MultiHeuristic A*,True,0.3,1638.6271978973098
72260,1.13791,"15.0, 15.0","785.0, 785.0",Shared MultiHeuristic A*,True,0.3,1629.8290177478948
71425,1.10508,"15.0, 15.0","785.0, 785.0",Shared MultiHeuristic A*,True,0.3,1601.1500757504905
71745,1.11772,"15.0, 15.0","785.0, 785.0",Shared MultiHeuristic A*,True,0.3,1633.887482153805
70730,1.10350,"15.0, 15.0","785.0, 785.0",Shared MultiHeuristic A*,True,0.3,1601.974212775451
70135,1.08531,"15.0, 15.0","785.0, 785.0",Shared MultiHeuristic A*,True,0.3,1603.3133357274883
72070,1.10152,"15.0, 15.0","785.0, 785.0",Shared MultiHeuristic A*,True,0.3,1626.0209944086114
71940,1.10250,"15.0, 15.0","785.0, 785.0",Shared MultiHeuristic A*,True,0.3,1606.2414513193737
73225,1.13382,"15.0, 15.0","785.0, 785.0",Shared MultiHeuristic A*,True,0.3,1616.9196766726534
71910,1.11414,"15.0, 15.0","785.0, 785.0",Shared MultiHeuristic A*,True,0.3,1605.5457542734391
71375,1.09351,"15.0, 15.0","785.0, 785.0",Shared MultiHeuristic A*,True,0.3,1606.9203863279772
72100,1.10552,"15.0, 15.0","785.0, 785.0",Shared MultiHeuristic A*,True,0.3,1634.5413359822035
71925,1.10533,"15.0, 15.0","785.0, 785.0",Shared MultiHeuristic A*,True,0.3,1615.4525904668258
72390,1.11624,"15.0, 15.0","785.0, 785.0",Shared MultiHeuristic A*,True,0.3,1616.1364564699875
72045,1.11810,"15.0, 15.0","785.0, 785.0",Shared MultiHeuristic A*,True,0.3,1627.9814626757234
70930,1.08999,"15.0, 15.0","785.0, 785.0",Shared MultiHeuristic A*,True,0.3,1612.2272949539447
72270,1.11539,"15.0, 15.0","785.0, 785.0",Shared MultiHeuristic A*,True,0.3,1631.1383197238779
73425,1.13479,"15.0, 15.0","785.0, 785.0",Shared MultiHeuristic A*,True,0.3,1626.5172064510805
72815,1.12367,"15.0, 15.0","785.0, 785.0",Shared MultiHeuristic A*,True,0.3,1634.4454139457137
71570,1.09154,"15.0, 15.0","785.0, 785.0",Shared MultiHeuristic A*,True,0.3,1607.6292291101965
71225,1.09829,"15.0, 15.0","785.0, 785.0",Shared MultiHeuristic A*,True,0.3,1621.8050513134506
72185,1.11388,"15.0, 15.0","785.0, 785.0",Shared MultiHeuristic A*,True,0.3,1619.2303493063916
71285,1.09499,"15.0, 15.0","785.0, 785.0",Shared MultiHeuristic A*,True,0.3,1607.8065868291817
71315,1.08808,"15.0, 15.0","785.0, 785.0",Shared MultiHeuristic A*,True,0.3,1621.7851474448064
72090,1.10514,"15.0, 15.0","785.0, 785.0",Shared MultiHeuristic A*,True,0.3,1630.4707198681247
74305,1.16158,"15.0, 15.0","785.0, 785.0",Shared MultiHeuristic A*,True,0.3,1648.0471521088864
70345,1.06740,"15.0, 15.0","785.0, 785.0",Shared MultiHeuristic A*,True,0.3,1606.5470962736938
71260,1.09609,"15.0, 15.0","785.0, 785.0",Shared MultiHeuristic A*,True,0.3,1609.2957519859813
71100,1.08214,"15.0, 15.0","785.0, 785.0",Shared MultiHeuristic A*,True,0.3,1606.9529830459194
71385,1.10251,"15.0, 15.0","785.0, 785.0",Shared MultiHeuristic A*,True,0.3,1612.123644101614
72060,1.11066,"15.0, 15.0","785.0, 785.0",Shared MultiHeuristic A*,True,0.3,1621.4111004714393
72210,1.11043,"15.0, 15.0","785.0, 785.0",Shared MultiHeuristic A*,True,0.3,1626.0275075685388
71880,1.10431,"15.0, 15.0","785.0, 785.0",Shared MultiHeuristic A*,True,0.3,1621.4898649115587
71955,1.10842,"15.0, 15.0","785.0, 785.0",Shared MultiHeuristic A*,True,0.3,1615.6045099130556
73280,1.13506,"15.0, 15.0","785.0, 785.0",Shared MultiHeuristic A*,True,0.3,1636.5071315633743
71210,1.08664,"15.0, 15.0","785.0, 785.0",Shared MultiHeuristic A*,True,0.3,1619.9375035337907
69540,1.06394,"15.0, 15.0","785.0, 785.0",Shared MultiHeuristic A*,True,0.3,1583.0182171746674
72870,1.12813,"15.0, 15.0","785.0, 785.0",Shared MultiHeuristic A*,True,0.3,1629.565886608238
70040,1.08148,"15.0, 15.0","785.0, 785.0",Shared MultiHeuristic A*,True,0.3,1595.0082532450242
72090,1.12554,"15.0, 15.0","785.0, 785.0",Shared MultiHeuristic A*,True,0.3,1626.90600478862
72965,1.22865,"15.0, 15.0","785.0, 785.0",Shared MultiHeuristic A*,True,0.3,1638.7388603537702
73100,1.21623,"15.0, 15.0","785.0, 785.0",Shared MultiHeuristic A*,True,0.3,1635.7080200410896
71405,1.09367,"15.0, 15.0","785.0, 785.0",Shared MultiHeuristic A*,True,0.3,1614.6741911599759
73195,1.14004,"15.0, 15.0","785.0, 785.0",Shared MultiHeuristic A*,True,0.3,1630.1869270800505
72655,1.11653,"15.0, 15.0","785.0, 785.0",Shared MultiHeuristic A*,True,0.3,1617.5811648562562
71635,1.09153,"15.0, 15.0","785.0, 785.0",Shared MultiHeuristic A*,True,0.3,1622.4274583496308
71085,1.08848,"15.0, 15.0","785.0, 785.0",Shared MultiHeuristic A*,True,0.3,1606.9278226756178
70725,1.08733,"15.0, 15.0","785.0, 785.0",Shared MultiHeuristic A*,True,0.3,1598.590014844291
72320,1.11215,"15.0, 15.0","785.0, 785.0",Shared MultiHeuristic A*,True,0.3,1620.121479773682
72075,1.10500,"15.0, 15.0","785.0, 785.0",Shared MultiHeuristic A*,True,0.3,1622.0955275792426
72080,1.11251,"15.0, 15.0","785.0, 785.0",Shared MultiHeuristic A*,True,0.3,1628.9133590035976
73050,1.12738,"15.0, 15.0","785.0, 785.0",Shared MultiHeuristic A*,True,0.3,1628.790883641095
71500,1.09772,"15.0, 15.0","785.0, 785.0",Shared MultiHeuristic A*,True,0.3,1609.991722941875
73075,1.13276,"15.0, 15.0","785.0, 785.0",Shared MultiHeuristic A*,True,0.3,1629.5750733987388
72485,1.12069,"15.0, 15.0","785.0, 785.0",Shared MultiHeuristic A*,True,0.3,1632.579125573238
71470,1.09500,"15.0, 15.0","785.0, 785.0",Shared MultiHeuristic A*,True,0.3,1611.733026767583
73200,1.13023,"15.0, 15.0","785.0, 785.0",Shared MultiHeuristic A*,True,0.3,1624.6804846104187
70485,1.07371,"15.0, 15.0","785.0, 785.0",Shared MultiHeuristic A*,True,0.3,1594.5751333269218
75960,1.18876,"15.0, 15.0","785.0, 785.0",Shared MultiHeuristic A*,True,0.3,1615.500965388642
76150,1.19212,"15.0, 15.0","785.0, 785.0",Shared MultiHeuristic A*,True,0.3,1626.9976575019818
71740,1.14536,"15.0, 15.0","785.0, 785.0",Shared MultiHeuristic A*,True,0.3,1627.4790766255396
72200,1.12454,"15.0, 15.0","785.0, 785.0",Shared MultiHeuristic A*,True,0.3,1626.808950330343
72350,1.14484,"15.0, 15.0","785.0, 785.0",Shared MultiHeuristic A*,True,0.3,1623.2149862531473
72970,1.15014,"15.0, 15.0","785.0, 785.0",Shared MultiHeuristic A*,True,0.3,1637.4508073036695
72315,1.10671,"15.0, 15.0","785.0, 785.0",Shared MultiHeuristic A*,True,0.3,1624.06652064385
72125,1.11435,"15.0, 15.0","785.0, 785.0",Shared MultiHeuristic A*,True,0.3,1633.3445226264125
78440,1.24317,"15.0, 15.0","785.0, 785.0",Shared MultiHeuristic A*,True,0.3,1639.2383708272037
71595,1.09990,"15.0, 15.0","785.0, 785.0",Shared MultiHeuristic A*,True,0.3,1623.689926536021
72230,1.10752,"15.0, 15.0","785.0, 785.0",Shared MultiHeuristic A*,True,0.3,1637.2083397806332
73220,1.14106,"15.0, 15.0","785.0, 785.0",Shared MultiHeuristic A*,True,0.3,1641.2242830837238
72420,1.11501,"15.0, 15.0","785.0, 785.0",Shared MultiHeuristic A*,True,0.3,1620.5942581585819
71800,1.10882,"15.0, 15.0","785.0, 785.0",Shared MultiHeuristic A*,True,0.3,1616.7921071102396
72495,1.11612,"15.0, 15.0","785.0, 785.0",Shared MultiHeuristic A*,True,0.3,1610.2414825841938
71900,1.11500,"15.0, 15.0","785.0, 785.0",Shared MultiHeuristic A*,True,0.3,1626.1990616825055
71625,1.09741,"15.0, 15.0","785.0, 785.0",Shared MultiHeuristic A*,True,0.3,1618.2887155586088
70700,1.08308,"15.0, 15.0","785.0, 785.0",Shared MultiHeuristic A*,True,0.3,1600.074897477442
72160,1.11324,"15.0, 15.0","785.0, 785.0",Shared MultiHeuristic A*,True,0.3,1625.7929524369933
71600,1.09755,"15.0, 15.0","785.0, 785.0",Shared MultiHeuristic A*,True,0.3,1616.8590825141891
71815,1.10328,"15.0, 15.0","785.0, 785.0",Shared MultiHeuristic A*,True,0.3,1617.298888236527
72660,1.12017,"15.0, 15.0","785.0, 785.0",Shared MultiHeuristic A*,True,0.3,1633.8771592604758
5955,0.06005,"15.0, 15.0","785.0, 785.0",Shared MultiHeuristic Greedy Best First Search,True,0.3,1951.6067210744552
5955,0.06206,"15.0, 15.0","785.0, 785.0",Shared MultiHeuristic Greedy Best First Search,True,0.3,1982.5433707588845
5955,0.06206,"15.0, 15.0","785.0, 785.0",Shared MultiHeuristic Greedy Best First Search,True,0.3,1974.7480883893838
5955,0.06005,"15.0, 15.0","785.0, 785.0",Shared MultiHeuristic Greedy Best First Search,True,0.3,1967.5319022320757
5955,0.06005,"15.0, 15.0","785.0, 785.0",Shared MultiHeuristic Greedy Best First Search,True,0.3,1948.3974799165433
5955,0.06006,"15.0, 15.0","785.0, 785.0",Shared MultiHeuristic Greedy Best First Search,True,0.3,1968.651364759948
5955,0.06106,"15.0, 15.0","785.0, 785.0",Shared MultiHeuristic Greedy Best First Search,True,0.3,1936.8624329020013
5955,0.06058,"15.0, 15.0","785.0, 785.0",Shared MultiHeuristic Greedy Best First Search,True,0.3,1966.6291780327908
5955,0.06205,"15.0, 15.0","785.0, 785.0",Shared MultiHeuristic Greedy Best First Search,True,0.3,1917.4528078263918
5955,0.06005,"15.0, 15.0","785.0, 785.0",Shared MultiHeuristic Greedy Best First Search,True,0.3,1962.870580306605
5955,0.06005,"15.0, 15.0","785.0, 785.0",Shared MultiHeuristic Greedy Best First Search,True,0.3,1980.3274356471509
5955,0.06106,"15.0, 15.0","785.0, 785.0",Shared MultiHeuristic Greedy Best First Search,True,0.3,1975.223084726944
5955,0.06005,"15.0, 15.0","785.0, 785.0",Shared MultiHeuristic Greedy Best First Search,True,0.3,1925.0756185968874
5955,0.06005,"15.0, 15.0","785.0, 785.0",Shared MultiHeuristic Greedy Best First Search,True,0.3,2007.4283023121018
5955,0.06005,"15.0, 15.0","785.0, 785.0",Shared MultiHeuristic Greedy Best First Search,True,0.3,1951.2923649927955
5955,0.06005,"15.0, 15.0","785.0, 785.0",Shared MultiHeuristic Greedy Best First Search,True,0.3,1947.6053026078448
5955,0.06005,"15.0, 15.0","785.0, 785.0",Shared MultiHeuristic Greedy Best First Search,True,0.3,1944.8208720592822
5955,0.06005,"15.0, 15.0","785.0, 785.0",Shared MultiHeuristic Greedy Best First Search,True,0.3,1934.9125074051813
5955,0.06205,"15.0, 15.0","785.0, 785.0",Shared MultiHeuristic Greedy Best First Search,True,0.3,1917.5566311887774
5955,0.06106,"15.0, 15.0","785.0, 785.0",Shared MultiHeuristic Greedy Best First Search,True,0.3,1977.8475707464154
5955,0.06005,"15.0, 15.0","785.0, 785.0",Shared MultiHeuristic Greedy Best First Search,True,0.3,1927.7199704262428
5955,0.06106,"15.0, 15.0","785.0, 785.0",Shared MultiHeuristic Greedy Best First Search,True,0.3,1955.8820998400342
5955,0.06106,"15.0, 15.0","785.0, 785.0",Shared MultiHeuristic Greedy Best First Search,True,0.3,1943.9518935685805
5955,0.06105,"15.0, 15.0","785.0, 785.0",Shared MultiHeuristic Greedy Best First Search,True,0.3,1956.771026852058
5955,0.06006,"15.0, 15.0","785.0, 785.0",Shared MultiHeuristic Greedy Best First Search,True,0.3,1943.0009432095949
5955,0.06206,"15.0, 15.0","785.0, 785.0",Shared MultiHeuristic Greedy Best First Search,True,0.3,1958.7446227124203
5955,0.06006,"15.0, 15.0","785.0, 785.0",Shared MultiHeuristic Greedy Best First Search,True,0.3,1971.4432686279888
5955,0.06058,"15.0, 15.0","785.0, 785.0",Shared MultiHeuristic Greedy Best First Search,True,0.3,1974.743541179592
5955,0.05905,"15.0, 15.0","785.0, 785.0",Shared MultiHeuristic Greedy Best First Search,True,0.3,1935.513883017632
5955,0.06106,"15.0, 15.0","785.0, 785.0",Shared MultiHeuristic Greedy Best First Search,True,0.3,1941.1024648594992
5955,0.06005,"15.0, 15.0","785.0, 785.0",Shared MultiHeuristic Greedy Best First Search,True,0.3,1978.9633830597547
5955,0.05905,"15.0, 15.0","785.0, 785.0",Shared MultiHeuristic Greedy Best First Search,True,0.3,1934.1333730386298
5955,0.06005,"15.0, 15.0","785.0, 785.0",Shared MultiHeuristic Greedy Best First Search,True,0.3,2009.8435582114603
5955,0.06705,"15.0, 15.0","785.0, 785.0",Shared MultiHeuristic Greedy Best First Search,True,0.3,1984.3233440535641
5955,0.06056,"15.0, 15.0","785.0, 785.0",Shared MultiHeuristic Greedy Best First Search,True,0.3,1980.859317261822
5955,0.06206,"15.0, 15.0","785.0, 785.0",Shared MultiHeuristic Greedy Best First Search,True,0.3,1935.0337383655674
5955,0.06106,"15.0, 15.0","785.0, 785.0",Shared MultiHeuristic Greedy Best First Search,True,0.3,1981.4127823975582
5955,0.06106,"15.0, 15.0","785.0, 785.0",Shared MultiHeuristic Greedy Best First Search,True,0.3,1954.3003412597075
5955,0.06113,"15.0, 15.0","785.0, 785.0",Shared MultiHeuristic Greedy Best First Search,True,0.3,1993.5395985029677
5955,0.06106,"15.0, 15.0","785.0, 785.0",Shared MultiHeuristic Greedy Best First Search,True,0.3,1958.7795552014647
5955,0.06007,"15.0, 15.0","785.0, 785.0",Shared MultiHeuristic Greedy Best First Search,True,0.3,1966.6100380029693
5955,0.06107,"15.0, 15.0","785.0, 785.0",Shared MultiHeuristic Greedy Best First Search,True,0.3,1985.5666174804715
5955,0.06005,"15.0, 15.0","785.0, 785.0",Shared MultiHeuristic Greedy Best First Search,True,0.3,1970.2836125536219
5955,0.06107,"15.0, 15.0","785.0, 785.0",Shared MultiHeuristic Greedy Best First Search,True,0.3,1946.0629993394693
5955,0.06068,"15.0, 15.0","785.0, 785.0",Shared MultiHeuristic Greedy Best First Search,True,0.3,1958.5376348884704
5955,0.06106,"15.0, 15.0","785.0, 785.0",Shared MultiHeuristic Greedy Best First Search,True,0.3,1935.3801213185725
5955,0.06005,"15.0, 15.0","785.0, 785.0",Shared MultiHeuristic Greedy Best First Search,True,0.3,1948.5983177064406
5955,0.06005,"15.0, 15.0","785.0, 785.0",Shared MultiHeuristic Greedy Best First Search,True,0.3,1980.399769218834
5955,0.06206,"15.0, 15.0","785.0, 785.0",Shared MultiHeuristic Greedy Best First Search,True,0.3,1957.2817297497693
5955,0.06106,"15.0, 15.0","785.0, 785.0",Shared MultiHeuristic Greedy Best First Search,True,0.3,1976.1080457534576
5955,0.06105,"15.0, 15.0","785.0, 785.0",Shared MultiHeuristic Greedy Best First Search,True,0.3,1977.3285655802986
5955,0.06005,"15.0, 15.0","785.0, 785.0",Shared MultiHeuristic Greedy Best First Search,True,0.3,1955.4759479330182
5955,0.06005,"15.0, 15.0","785.0, 785.0",Shared MultiHeuristic Greedy Best First Search,True,0.3,1943.1160672176063
5955,0.06306,"15.0, 15.0","785.0, 785.0",Shared MultiHeuristic Greedy Best First Search,True,0.3,1962.3713874948871
5955,0.06006,"15.0, 15.0","785.0, 785.0",Shared MultiHeuristic Greedy Best First Search,True,0.3,1993.2373401418292
5955,0.06006,"15.0, 15.0","785.0, 785.0",Shared MultiHeuristic Greedy Best First Search,True,0.3,1950.7110796872394
5955,0.06106,"15.0, 15.0","785.0, 785.0",Shared MultiHeuristic Greedy Best First Search,True,0.3,1920.6462565187821
5955,0.06006,"15.0, 15.0","785.0, 785.0",Shared MultiHeuristic Greedy Best First Search,True,0.3,1955.4615294842301
5955,0.06106,"15.0, 15.0","785.0, 785.0",Shared MultiHeuristic Greedy Best First Search,True,0.3,1973.03192209578
5955,0.06107,"15.0, 15.0","785.0, 785.0",Shared MultiHeuristic Greedy Best First Search,True,0.3,1943.4755117792897
5955,0.06107,"15.0, 15.0","785.0, 785.0",Shared MultiHeuristic Greedy Best First Search,True,0.3,1985.4801656696632
5955,0.06305,"15.0, 15.0","785.0, 785.0",Shared MultiHeuristic Greedy Best First Search,True,0.3,1955.0573146103586
5955,0.06306,"15.0, 15.0","785.0, 785.0",Shared MultiHeuristic Greedy Best First Search,True,0.3,1922.4421894999703
5955,0.06106,"15.0, 15.0","785.0, 785.0",Shared MultiHeuristic Greedy Best First Search,True,0.3,1951.8500676292515
5955,0.06110,"15.0, 15.0","785.0, 785.0",Shared MultiHeuristic Greedy Best First Search,True,0.3,1941.0526188628605
5955,0.06206,"15.0, 15.0","785.0, 785.0",Shared MultiHeuristic Greedy Best First Search,True,0.3,1975.884859680163
5955,0.06106,"15.0, 15.0","785.0, 785.0",Shared MultiHeuristic Greedy Best First Search,True,0.3,1992.9299457641607
5955,0.06056,"15.0, 15.0","785.0, 785.0",Shared MultiHeuristic Greedy Best First Search,True,0.3,1966.4190480513184
5955,0.06206,"15.0, 15.0","785.0, 785.0",Shared MultiHeuristic Greedy Best First Search,True,0.3,1954.1345384225322
5955,0.06106,"15.0, 15.0","785.0, 785.0",Shared MultiHeuristic Greedy Best First Search,True,0.3,1929.1103660852427
5955,0.06206,"15.0, 15.0","785.0, 785.0",Shared MultiHeuristic Greedy Best First Search,True,0.3,1953.6288814788256
5955,0.06205,"15.0, 15.0","785.0, 785.0",Shared MultiHeuristic Greedy Best First Search,True,0.3,1965.9506510161689
5955,0.06105,"15.0, 15.0","785.0, 785.0",Shared MultiHeuristic Greedy Best First Search,True,0.3,1926.7458708801096
5955,0.06106,"15.0, 15.0","785.0, 785.0",Shared MultiHeuristic Greedy Best First Search,True,0.3,1951.3951837969773
5955,0.06306,"15.0, 15.0","785.0, 785.0",Shared MultiHeuristic Greedy Best First Search,True,0.3,1948.8541889505427
5955,0.06106,"15.0, 15.0","785.0, 785.0",Shared MultiHeuristic Greedy Best First Search,True,0.3,1951.6092244581573
5955,0.06205,"15.0, 15.0","785.0, 785.0",Shared MultiHeuristic Greedy Best First Search,True,0.3,1978.5990875782898
5955,0.06206,"15.0, 15.0","785.0, 785.0",Shared MultiHeuristic Greedy Best First Search,True,0.3,1995.8983766602053
5955,0.06206,"15.0, 15.0","785.0, 785.0",Shared MultiHeuristic Greedy Best First Search,True,0.3,1942.6393542345625
5955,0.06106,"15.0, 15.0","785.0, 785.0",Shared MultiHeuristic Greedy Best First Search,True,0.3,1961.695215009016
5955,0.06106,"15.0, 15.0","785.0, 785.0",Shared MultiHeuristic Greedy Best First Search,True,0.3,1944.76646187829
5955,0.06105,"15.0, 15.0","785.0, 785.0",Shared MultiHeuristic Greedy Best First Search,True,0.3,1932.9370516969889
5955,0.06106,"15.0, 15.0","785.0, 785.0",Shared MultiHeuristic Greedy Best First Search,True,0.3,1970.1686222813569
5955,0.06206,"15.0, 15.0","785.0, 785.0",Shared MultiHeuristic Greedy Best First Search,True,0.3,1953.983163643487
5955,0.06005,"15.0, 15.0","785.0, 785.0",Shared MultiHeuristic Greedy Best First Search,True,0.3,1943.3962708756153
5955,0.06106,"15.0, 15.0","785.0, 785.0",Shared MultiHeuristic Greedy Best First Search,True,0.3,1953.4282165018724
5955,0.06206,"15.0, 15.0","785.0, 785.0",Shared MultiHeuristic Greedy Best First Search,True,0.3,1933.4508250823214
5955,0.06133,"15.0, 15.0","785.0, 785.0",Shared MultiHeuristic Greedy Best First Search,True,0.3,1957.0481470981642
5955,0.06106,"15.0, 15.0","785.0, 785.0",Shared MultiHeuristic Greedy Best First Search,True,0.3,1929.2930920898982
5955,0.06206,"15.0, 15.0","785.0, 785.0",Shared MultiHeuristic Greedy Best First Search,True,0.3,1917.3075062581936
5955,0.06206,"15.0, 15.0","785.0, 785.0",Shared MultiHeuristic Greedy Best First Search,True,0.3,1980.7698024143442
5955,0.06205,"15.0, 15.0","785.0, 785.0",Shared MultiHeuristic Greedy Best First Search,True,0.3,1965.8269513478563
5955,0.06606,"15.0, 15.0","785.0, 785.0",Shared MultiHeuristic Greedy Best First Search,True,0.3,1915.4243409567068
5955,0.06206,"15.0, 15.0","785.0, 785.0",Shared MultiHeuristic Greedy Best First Search,True,0.3,1942.5440285870486
5955,0.06606,"15.0, 15.0","785.0, 785.0",Shared MultiHeuristic Greedy Best First Search,True,0.3,1980.1335248292733
5955,0.06106,"15.0, 15.0","785.0, 785.0",Shared MultiHeuristic Greedy Best First Search,True,0.3,1966.4478845836554
5955,0.06106,"15.0, 15.0","785.0, 785.0",Shared MultiHeuristic Greedy Best First Search,True,0.3,1925.733560128977
5955,0.06106,"15.0, 15.0","785.0, 785.0",Shared MultiHeuristic Greedy Best First Search,True,0.3,1940.5227871865202
5955,0.06306,"15.0, 15.0","785.0, 785.0",Shared MultiHeuristic Greedy Best First Search,True,0.3,1977.3989899866729
5955,0.06206,"15.0, 15.0","785.0, 785.0",Shared MultiHeuristic Greedy Best First Search,True,0.3,1943.2455262089618
727,0.02506,"15.0, 15.0","785.0, 785.0",Individual Greedy DTS,True,0.3,1046329.222561351
737,0.02402,"15.0, 15.0","785.0, 785.0",Individual Greedy DTS,True,0.3,999737.1171076227
737,0.02402,"15.0, 15.0","785.0, 785.0",Individual Greedy DTS,True,0.3,998373.9846446657
737,0.02402,"15.0, 15.0","785.0, 785.0",Individual Greedy DTS,True,0.3,1021408.7482773389
737,0.02502,"15.0, 15.0","785.0, 785.0",Individual Greedy DTS,True,0.3,1004885.5665044436
737,0.02502,"15.0, 15.0","785.0, 785.0",Individual Greedy DTS,True,0.3,985684.4133133334
737,0.02502,"15.0, 15.0","785.0, 785.0",Individual Greedy DTS,True,0.3,974304.9949703964
737,0.02403,"15.0, 15.0","785.0, 785.0",Individual Greedy DTS,True,0.3,952296.6623077521
737,0.02602,"15.0, 15.0","785.0, 785.0",Individual Greedy DTS,True,0.3,1028335.9734903568
737,0.02402,"15.0, 15.0","785.0, 785.0",Individual Greedy DTS,True,0.3,1030214.3856504988
737,0.03003,"15.0, 15.0","785.0, 785.0",Individual Greedy DTS,True,0.3,1043800.8704539076
737,0.02402,"15.0, 15.0","785.0, 785.0",Individual Greedy DTS,True,0.3,1071130.0134102844
737,0.02602,"15.0, 15.0","785.0, 785.0",Individual Greedy DTS,True,0.3,976928.447961455
737,0.02402,"15.0, 15.0","785.0, 785.0",Individual Greedy DTS,True,0.3,990635.8460287843
737,0.02403,"15.0, 15.0","785.0, 785.0",Individual Greedy DTS,True,0.3,1011371.7263523642
737,0.02502,"15.0, 15.0","785.0, 785.0",Individual Greedy DTS,True,0.3,1005675.820682981
737,0.02402,"15.0, 15.0","785.0, 785.0",Individual Greedy DTS,True,0.3,1000223.7063963788
737,0.02402,"15.0, 15.0","785.0, 785.0",Individual Greedy DTS,True,0.3,1009485.714179275
737,0.02444,"15.0, 15.0","785.0, 785.0",Individual Greedy DTS,True,0.3,991089.8885605986
737,0.02502,"15.0, 15.0","785.0, 785.0",Individual Greedy DTS,True,0.3,1015534.7162921408
737,0.02502,"15.0, 15.0","785.0, 785.0",Individual Greedy DTS,True,0.3,973587.0489732537
737,0.02402,"15.0, 15.0","785.0, 785.0",Individual Greedy DTS,True,0.3,1043223.6290476917
737,0.02402,"15.0, 15.0","785.0, 785.0",Individual Greedy DTS,True,0.3,1006204.9991301408
737,0.02502,"15.0, 15.0","785.0, 785.0",Individual Greedy DTS,True,0.3,989985.9427058649
737,0.02501,"15.0, 15.0","785.0, 785.0",Individual Greedy DTS,True,0.3,1040640.2662680919
737,0.02502,"15.0, 15.0","785.0, 785.0",Individual Greedy DTS,True,0.3,948422.6265590284
737,0.02502,"15.0, 15.0","785.0, 785.0",Individual Greedy DTS,True,0.3,989469.3249959985
737,0.02502,"15.0, 15.0","785.0, 785.0",Individual Greedy DTS,True,0.3,1036665.7579793063
737,0.02402,"15.0, 15.0","785.0, 785.0",Individual Greedy DTS,True,0.3,1065058.9659662498
737,0.02402,"15.0, 15.0","785.0, 785.0",Individual Greedy DTS,True,0.3,1033387.5929389142
737,0.02502,"15.0, 15.0","785.0, 785.0",Individual Greedy DTS,True,0.3,1000484.2063113095
737,0.02402,"15.0, 15.0","785.0, 785.0",Individual Greedy DTS,True,0.3,1017647.1685841589
737,0.02502,"15.0, 15.0","785.0, 785.0",Individual Greedy DTS,True,0.3,1005872.8119266253
737,0.02502,"15.0, 15.0","785.0, 785.0",Individual Greedy DTS,True,0.3,927655.4392471344
737,0.02502,"15.0, 15.0","785.0, 785.0",Individual Greedy DTS,True,0.3,944949.4150685604
737,0.02402,"15.0, 15.0","785.0, 785.0",Individual Greedy DTS,True,0.3,953725.7187848758
737,0.02402,"15.0, 15.0","785.0, 785.0",Individual Greedy DTS,True,0.3,1022798.043108734
737,0.02501,"15.0, 15.0","785.0, 785.0",Individual Greedy DTS,True,0.3,1019797.2684991015
737,0.02402,"15.0, 15.0","785.0, 785.0",Individual Greedy DTS,True,0.3,994428.9468790889
737,0.02502,"15.0, 15.0","785.0, 785.0",Individual Greedy DTS,True,0.3,996864.7582191699
737,0.02502,"15.0, 15.0","785.0, 785.0",Individual Greedy DTS,True,0.3,994297.292931936
737,0.02502,"15.0, 15.0","785.0, 785.0",Individual Greedy DTS,True,0.3,1051254.1940869435
737,0.02602,"15.0, 15.0","785.0, 785.0",Individual Greedy DTS,True,0.3,1027124.8123230193
737,0.02402,"15.0, 15.0","785.0, 785.0",Individual Greedy DTS,True,0.3,1036392.4286225871
737,0.02502,"15.0, 15.0","785.0, 785.0",Individual Greedy DTS,True,0.3,991706.8664029008
737,0.02402,"15.0, 15.0","785.0, 785.0",Individual Greedy DTS,True,0.3,1082682.0264561344
737,0.02502,"15.0, 15.0","785.0, 785.0",Individual Greedy DTS,True,0.3,987681.0023295367
737,0.02403,"15.0, 15.0","785.0, 785.0",Individual Greedy DTS,True,0.3,1031641.6515478722
737,0.02502,"15.0, 15.0","785.0, 785.0",Individual Greedy DTS,True,0.3,995412.6311236069
737,0.02502,"15.0, 15.0","785.0, 785.0",Individual Greedy DTS,True,0.3,1066518.8177806032
737,0.02502,"15.0, 15.0","785.0, 785.0",Individual Greedy DTS,True,0.3,1045771.1304606986
737,0.02501,"15.0, 15.0","785.0, 785.0",Individual Greedy DTS,True,0.3,1018087.0064225302
737,0.02401,"15.0, 15.0","785.0, 785.0",Individual Greedy DTS,True,0.3,1023201.136489041
737,0.02502,"15.0, 15.0","785.0, 785.0",Individual Greedy DTS,True,0.3,984859.0306796316
737,0.02502,"15.0, 15.0","785.0, 785.0",Individual Greedy DTS,True,0.3,1054616.1526753053
737,0.02402,"15.0, 15.0","785.0, 785.0",Individual Greedy DTS,True,0.3,941065.006603434
737,0.02402,"15.0, 15.0","785.0, 785.0",Individual Greedy DTS,True,0.3,942993.2812020229
737,0.02402,"15.0, 15.0","785.0, 785.0",Individual Greedy DTS,True,0.3,944610.212095768
737,0.02502,"15.0, 15.0","785.0, 785.0",Individual Greedy DTS,True,0.3,968936.1405879925
737,0.02402,"15.0, 15.0","785.0, 785.0",Individual Greedy DTS,True,0.3,984868.111226725
737,0.02453,"15.0, 15.0","785.0, 785.0",Individual Greedy DTS,True,0.3,941984.3616963914
737,0.02402,"15.0, 15.0","785.0, 785.0",Individual Greedy DTS,True,0.3,940619.7983934951
737,0.02502,"15.0, 15.0","785.0, 785.0",Individual Greedy DTS,True,0.3,950941.0756642934
737,0.02403,"15.0, 15.0","785.0, 785.0",Individual Greedy DTS,True,0.3,1026752.0050983651
737,0.02402,"15.0, 15.0","785.0, 785.0",Individual Greedy DTS,True,0.3,953099.7690348217
737,0.02402,"15.0, 15.0","785.0, 785.0",Individual Greedy DTS,True,0.3,1037616.9397084289
737,0.02402,"15.0, 15.0","785.0, 785.0",Individual Greedy DTS,True,0.3,979360.7807848849
737,0.02502,"15.0, 15.0","785.0, 785.0",Individual Greedy DTS,True,0.3,1027094.5052188103
737,0.02403,"15.0, 15.0","785.0, 785.0",Individual Greedy DTS,True,0.3,991166.9205420427
737,0.02402,"15.0, 15.0","785.0, 785.0",Individual Greedy DTS,True,0.3,1064163.3503149822
737,0.02402,"15.0, 15.0","785.0, 785.0",Individual Greedy DTS,True,0.3,1017005.7446628159
737,0.02502,"15.0, 15.0","785.0, 785.0",Individual Greedy DTS,True,0.3,1064374.800468313
737,0.02402,"15.0, 15.0","785.0, 785.0",Individual Greedy DTS,True,0.3,1024823.87363702
737,0.02502,"15.0, 15.0","785.0, 785.0",Individual Greedy DTS,True,0.3,1028343.2489052237
737,0.02501,"15.0, 15.0","785.0, 785.0",Individual Greedy DTS,True,0.3,1024152.8649139911
737,0.02502,"15.0, 15.0","785.0, 785.0",Individual Greedy DTS,True,0.3,1019182.4369393882
737,0.02502,"15.0, 15.0","785.0, 785.0",Individual Greedy DTS,True,0.3,994032.5594622104
737,0.02402,"15.0, 15.0","785.0, 785.0",Individual Greedy DTS,True,0.3,974786.74542863
737,0.02502,"15.0, 15.0","785.0, 785.0",Individual Greedy DTS,True,0.3,975895.559831719
737,0.02502,"15.0, 15.0","785.0, 785.0",Individual Greedy DTS,True,0.3,1033801.8247203595
737,0.02402,"15.0, 15.0","785.0, 785.0",Individual Greedy DTS,True,0.3,1041028.3536216067
737,0.02502,"15.0, 15.0","785.0, 785.0",Individual Greedy DTS,True,0.3,977908.4134768061
737,0.02502,"15.0, 15.0","785.0, 785.0",Individual Greedy DTS,True,0.3,1038447.186180096
737,0.02402,"15.0, 15.0","785.0, 785.0",Individual Greedy DTS,True,0.3,995960.7966876982
737,0.02402,"15.0, 15.0","785.0, 785.0",Individual Greedy DTS,True,0.3,1008423.9455075156
737,0.02402,"15.0, 15.0","785.0, 785.0",Individual Greedy DTS,True,0.3,973264.3352031793
737,0.02453,"15.0, 15.0","785.0, 785.0",Individual Greedy DTS,True,0.3,1050868.6513142798
737,0.02402,"15.0, 15.0","785.0, 785.0",Individual Greedy DTS,True,0.3,1064163.5729909868
737,0.02502,"15.0, 15.0","785.0, 785.0",Individual Greedy DTS,True,0.3,1028696.5057774959
737,0.02502,"15.0, 15.0","785.0, 785.0",Individual Greedy DTS,True,0.3,1029218.2487747192
737,0.02402,"15.0, 15.0","785.0, 785.0",Individual Greedy DTS,True,0.3,1005143.8846050877
737,0.02402,"15.0, 15.0","785.0, 785.0",Individual Greedy DTS,True,0.3,1060871.5518162886
737,0.02402,"15.0, 15.0","785.0, 785.0",Individual Greedy DTS,True,0.3,924405.1505408516
737,0.02502,"15.0, 15.0","785.0, 785.0",Individual Greedy DTS,True,0.3,1017009.6799582355
737,0.02402,"15.0, 15.0","785.0, 785.0",Individual Greedy DTS,True,0.3,1017964.7753601724
737,0.02402,"15.0, 15.0","785.0, 785.0",Individual Greedy DTS,True,0.3,978492.9223016229
737,0.02502,"15.0, 15.0","785.0, 785.0",Individual Greedy DTS,True,0.3,1005102.378875857
737,0.02402,"15.0, 15.0","785.0, 785.0",Individual Greedy DTS,True,0.3,997080.8033760696
737,0.02453,"15.0, 15.0","785.0, 785.0",Individual Greedy DTS,True,0.3,991343.2404790475
737,0.02402,"15.0, 15.0","785.0, 785.0",Individual Greedy DTS,True,0.3,1015479.5612963707
12917,0.89979,"15.0, 15.0","785.0, 785.0",Individual A* DTS,True,0.3,1857.687688994403
13099,0.94595,"15.0, 15.0","785.0, 785.0",Individual A* DTS,True,0.3,1841.3275010877533
13022,0.93886,"15.0, 15.0","785.0, 785.0",Individual A* DTS,True,0.3,1829.7814448163663
12435,0.87429,"15.0, 15.0","785.0, 785.0",Individual A* DTS,True,0.3,1794.367202385759
12925,0.91785,"15.0, 15.0","785.0, 785.0",Individual A* DTS,True,0.3,1838.7942454085094
13150,0.93200,"15.0, 15.0","785.0, 785.0",Individual A* DTS,True,0.3,1877.7121474752928
12514,0.87232,"15.0, 15.0","785.0, 785.0",Individual A* DTS,True,0.3,1802.4222331951794
13040,0.92666,"15.0, 15.0","785.0, 785.0",Individual A* DTS,True,0.3,1904.1705384846898
12639,0.88332,"15.0, 15.0","785.0, 785.0",Individual A* DTS,True,0.3,1850.3197288147226
12920,0.90534,"15.0, 15.0","785.0, 785.0",Individual A* DTS,True,0.3,1864.0302906875336
13104,0.92034,"15.0, 15.0","785.0, 785.0",Individual A* DTS,True,0.3,1878.9579180496137
13388,0.95787,"15.0, 15.0","785.0, 785.0",Individual A* DTS,True,0.3,1902.1358554506776
13053,0.91984,"15.0, 15.0","785.0, 785.0",Individual A* DTS,True,0.3,1850.0134292278597
12836,0.89281,"15.0, 15.0","785.0, 785.0",Individual A* DTS,True,0.3,1820.4071884433483
13178,0.93637,"15.0, 15.0","785.0, 785.0",Individual A* DTS,True,0.3,1841.1975635248357
12682,0.87979,"15.0, 15.0","785.0, 785.0",Individual A* DTS,True,0.3,1883.5118522680104
13110,0.92090,"15.0, 15.0","785.0, 785.0",Individual A* DTS,True,0.3,1861.3132419016977
13473,0.97257,"15.0, 15.0","785.0, 785.0",Individual A* DTS,True,0.3,1892.8200724530586
12538,0.87888,"15.0, 15.0","785.0, 785.0",Individual A* DTS,True,0.3,1827.057321997898
12706,0.90072,"15.0, 15.0","785.0, 785.0",Individual A* DTS,True,0.3,1846.6831728869115
13351,0.97589,"15.0, 15.0","785.0, 785.0",Individual A* DTS,True,0.3,1895.715528250062
12223,0.85082,"15.0, 15.0","785.0, 785.0",Individual A* DTS,True,0.3,1800.4610265619567
12478,0.87423,"15.0, 15.0","785.0, 785.0",Individual A* DTS,True,0.3,1844.8664676012963
12710,0.89202,"15.0, 15.0","785.0, 785.0",Individual A* DTS,True,0.3,1851.351617616566
12853,0.91341,"15.0, 15.0","785.0, 785.0",Individual A* DTS,True,0.3,1857.320510978093
12762,0.90312,"15.0, 15.0","785.0, 785.0",Individual A* DTS,True,0.3,1900.9901028625297
13063,0.94036,"15.0, 15.0","785.0, 785.0",Individual A* DTS,True,0.3,1832.7946886368925
12554,0.87480,"15.0, 15.0","785.0, 785.0",Individual A* DTS,True,0.3,1794.0860898201668
12572,0.87430,"15.0, 15.0","785.0, 785.0",Individual A* DTS,True,0.3,1903.414294282184
13361,0.95092,"15.0, 15.0","785.0, 785.0",Individual A* DTS,True,0.3,1909.089617858946
12603,0.87689,"15.0, 15.0","785.0, 785.0",Individual A* DTS,True,0.3,1839.6243821038008
13411,0.95206,"15.0, 15.0","785.0, 785.0",Individual A* DTS,True,0.3,1907.4510246655555
12823,0.89621,"15.0, 15.0","785.0, 785.0",Individual A* DTS,True,0.3,1858.2360155507006
13057,0.92083,"15.0, 15.0","785.0, 785.0",Individual A* DTS,True,0.3,1883.1166924606423
12741,0.89691,"15.0, 15.0","785.0, 785.0",Individual A* DTS,True,0.3,1864.0802795845407
13046,0.93883,"15.0, 15.0","785.0, 785.0",Individual A* DTS,True,0.3,1927.2302628856398
12949,0.93421,"15.0, 15.0","785.0, 785.0",Individual A* DTS,True,0.3,1847.9990592069491
12872,0.91734,"15.0, 15.0","785.0, 785.0",Individual A* DTS,True,0.3,1854.92590928369
12825,0.90910,"15.0, 15.0","785.0, 785.0",Individual A* DTS,True,0.3,1855.7040564335666
13188,0.93985,"15.0, 15.0","785.0, 785.0",Individual A* DTS,True,0.3,1866.528320940681
13074,0.93034,"15.0, 15.0","785.0, 785.0",Individual A* DTS,True,0.3,1855.4082772420816
13007,0.92135,"15.0, 15.0","785.0, 785.0",Individual A* DTS,True,0.3,1858.8810013355123
12002,0.81846,"15.0, 15.0","785.0, 785.0",Individual A* DTS,True,0.3,1790.607160285999
12984,0.91483,"15.0, 15.0","785.0, 785.0",Individual A* DTS,True,0.3,1917.4265161957878
13129,0.92876,"15.0, 15.0","785.0, 785.0",Individual A* DTS,True,0.3,1884.9559200236922
13253,0.95637,"15.0, 15.0","785.0, 785.0",Individual A* DTS,True,0.3,1866.6804696903193
13622,0.98089,"15.0, 15.0","785.0, 785.0",Individual A* DTS,True,0.3,1918.253713773315
12517,0.86884,"15.0, 15.0","785.0, 785.0",Individual A* DTS,True,0.3,1799.005012978888
13001,0.91259,"15.0, 15.0","785.0, 785.0",Individual A* DTS,True,0.3,1895.139267379414
12556,0.86929,"15.0, 15.0","785.0, 785.0",Individual A* DTS,True,0.3,1853.4655181662904
12868,0.90292,"15.0, 15.0","785.0, 785.0",Individual A* DTS,True,0.3,1825.2471242917024
13324,0.95124,"15.0, 15.0","785.0, 785.0",Individual A* DTS,True,0.3,1829.1018366563012
12695,0.91696,"15.0, 15.0","785.0, 785.0",Individual A* DTS,True,0.3,1816.644422342627
12707,0.93785,"15.0, 15.0","785.0, 785.0",Individual A* DTS,True,0.3,1828.0422952617275
12965,0.95189,"15.0, 15.0","785.0, 785.0",Individual A* DTS,True,0.3,1889.6428610868613
12806,0.90582,"15.0, 15.0","785.0, 785.0",Individual A* DTS,True,0.3,1853.447232457238
12705,0.90583,"15.0, 15.0","785.0, 785.0",Individual A* DTS,True,0.3,1850.6342225081362
12528,0.89734,"15.0, 15.0","785.0, 785.0",Individual A* DTS,True,0.3,1825.063324358108
12789,0.91383,"15.0, 15.0","785.0, 785.0",Individual A* DTS,True,0.3,1871.0710835937223
13284,0.95072,"15.0, 15.0","785.0, 785.0",Individual A* DTS,True,0.3,1917.047135768543
12667,0.88080,"15.0, 15.0","785.0, 785.0",Individual A* DTS,True,0.3,1877.1917572932007
13140,0.93188,"15.0, 15.0","785.0, 785.0",Individual A* DTS,True,0.3,1858.7507548509182
13058,0.93685,"15.0, 15.0","785.0, 785.0",Individual A* DTS,True,0.3,1884.0221841923121
12832,0.90234,"15.0, 15.0","785.0, 785.0",Individual A* DTS,True,0.3,1819.4868501744968
12815,0.89764,"15.0, 15.0","785.0, 785.0",Individual A* DTS,True,0.3,1852.919310348925
13004,0.93873,"15.0, 15.0","785.0, 785.0",Individual A* DTS,True,0.3,1832.6641687432782
13346,0.95514,"15.0, 15.0","785.0, 785.0",Individual A* DTS,True,0.3,1926.9275915584738
13166,0.93485,"15.0, 15.0","785.0, 785.0",Individual A* DTS,True,0.3,1901.0479420368717
13118,0.92432,"15.0, 15.0","785.0, 785.0",Individual A* DTS,True,0.3,1882.6055388659427
13002,0.92508,"15.0, 15.0","785.0, 785.0",Individual A* DTS,True,0.3,1822.071887609348
12740,0.89982,"15.0, 15.0","785.0, 785.0",Individual A* DTS,True,0.3,1876.4567847926005
12430,0.86941,"15.0, 15.0","785.0, 785.0",Individual A* DTS,True,0.3,1844.4462070649279
13572,0.99091,"15.0, 15.0","785.0, 785.0",Individual A* DTS,True,0.3,1892.756650341229
12840,0.90548,"15.0, 15.0","785.0, 785.0",Individual A* DTS,True,0.3,1844.629478037808
12820,0.90285,"15.0, 15.0","785.0, 785.0",Individual A* DTS,True,0.3,1874.780110451333
12883,0.91534,"15.0, 15.0","785.0, 785.0",Individual A* DTS,True,0.3,1835.956629421697
12764,0.87690,"15.0, 15.0","785.0, 785.0",Individual A* DTS,True,0.3,1870.1872971858697
13156,0.90433,"15.0, 15.0","785.0, 785.0",Individual A* DTS,True,0.3,1870.975227168002
13373,0.92154,"15.0, 15.0","785.0, 785.0",Individual A* DTS,True,0.3,1866.1751649520656
13373,0.91317,"15.0, 15.0","785.0, 785.0",Individual A* DTS,True,0.3,1893.1243218455766
12589,0.85174,"15.0, 15.0","785.0, 785.0",Individual A* DTS,True,0.3,1830.0240741039681
13463,0.92839,"15.0, 15.0","785.0, 785.0",Individual A* DTS,True,0.3,1884.6043670985507
12618,0.84982,"15.0, 15.0","785.0, 785.0",Individual A* DTS,True,0.3,1851.1356944315985
13018,0.89183,"15.0, 15.0","785.0, 785.0",Individual A* DTS,True,0.3,1897.059163192935
13049,0.89282,"15.0, 15.0","785.0, 785.0",Individual A* DTS,True,0.3,1880.911967883204
12702,0.86123,"15.0, 15.0","785.0, 785.0",Individual A* DTS,True,0.3,1840.378744861123
12626,0.85517,"15.0, 15.0","785.0, 785.0",Individual A* DTS,True,0.3,1794.2489121304047
13386,0.92356,"15.0, 15.0","785.0, 785.0",Individual A* DTS,True,0.3,1877.4352680231245
12837,0.87842,"15.0, 15.0","785.0, 785.0",Individual A* DTS,True,0.3,1818.5533426201644
12830,0.88280,"15.0, 15.0","785.0, 785.0",Individual A* DTS,True,0.3,1865.9571233101476
12339,0.82928,"15.0, 15.0","785.0, 785.0",Individual A* DTS,True,0.3,1807.099729971005
12487,0.83352,"15.0, 15.0","785.0, 785.0",Individual A* DTS,True,0.3,1789.5307807132826
12889,0.88379,"15.0, 15.0","785.0, 785.0",Individual A* DTS,True,0.3,1827.088154860968
13314,0.91986,"15.0, 15.0","785.0, 785.0",Individual A* DTS,True,0.3,1897.0694927901466
13229,0.91394,"15.0, 15.0","785.0, 785.0",Individual A* DTS,True,0.3,1857.1282757826189
13393,0.92282,"15.0, 15.0","785.0, 785.0",Individual A* DTS,True,0.3,1902.2566946264906
12653,0.85129,"15.0, 15.0","785.0, 785.0",Individual A* DTS,True,0.3,1829.0430139201665
13076,0.89095,"15.0, 15.0","785.0, 785.0",Individual A* DTS,True,0.3,1878.9568746039706
13150,0.90215,"15.0, 15.0","785.0, 785.0",Individual A* DTS,True,0.3,1847.4891062134795
13220,0.90170,"15.0, 15.0","785.0, 785.0",Individual A* DTS,True,0.3,1931.546027426409
9612,0.65714,"15.0, 15.0","785.0, 785.0",EISMHA,True,0.0,1714.6512445356184
9527,0.65456,"15.0, 15.0","785.0, 785.0",EISMHA,True,0.0,1725.578349997276
9412,0.64397,"15.0, 15.0","785.0, 785.0",EISMHA,True,0.0,1698.4951686263105
9643,0.66261,"15.0, 15.0","785.0, 785.0",EISMHA,True,0.0,1731.6771124397098
9581,0.65259,"15.0, 15.0","785.0, 785.0",EISMHA,True,0.0,1702.8424614521318
9563,0.66059,"15.0, 15.0","785.0, 785.0",EISMHA,True,0.0,1711.6945286832577
9436,0.64010,"15.0, 15.0","785.0, 785.0",EISMHA,True,0.0,1715.5353773317229
9491,0.64458,"15.0, 15.0","785.0, 785.0",EISMHA,True,0.0,1732.2020281909613
9642,0.66483,"15.0, 15.0","785.0, 785.0",EISMHA,True,0.0,1726.4452509939877
9452,0.64059,"15.0, 15.0","785.0, 785.0",EISMHA,True,0.0,1721.3329547427556
9463,0.64370,"15.0, 15.0","785.0, 785.0",EISMHA,True,0.0,1723.7890221962061
9498,0.64311,"15.0, 15.0","785.0, 785.0",EISMHA,True,0.0,1694.5437041340012
9496,0.65805,"15.0, 15.0","785.0, 785.0",EISMHA,True,0.0,1697.1449208523527
9673,0.68366,"15.0, 15.0","785.0, 785.0",EISMHA,True,0.0,1711.9009803161707
9741,0.68266,"15.0, 15.0","785.0, 785.0",EISMHA,True,0.0,1743.6740817567206
9719,0.67863,"15.0, 15.0","785.0, 785.0",EISMHA,True,0.0,1732.2538627013978
9747,0.68114,"15.0, 15.0","785.0, 785.0",EISMHA,True,0.0,1727.8853151808366
9501,0.65058,"15.0, 15.0","785.0, 785.0",EISMHA,True,0.0,1687.7633176606946
9418,0.65313,"15.0, 15.0","785.0, 785.0",EISMHA,True,0.0,1728.2859121264348
9769,0.68362,"15.0, 15.0","785.0, 785.0",EISMHA,True,0.0,1734.1278813409556
9488,0.64806,"15.0, 15.0","785.0, 785.0",EISMHA,True,0.0,1699.8885724390232
9544,0.67465,"15.0, 15.0","785.0, 785.0",EISMHA,True,0.0,1714.2473878578476
9315,0.65212,"15.0, 15.0","785.0, 785.0",EISMHA,True,0.0,1698.1804786720616
9473,0.66711,"15.0, 15.0","785.0, 785.0",EISMHA,True,0.0,1714.6548921104163
9503,0.65327,"15.0, 15.0","785.0, 785.0",EISMHA,True,0.0,1700.9646263254772
9554,0.68662,"15.0, 15.0","785.0, 785.0",EISMHA,True,0.0,1698.1236840554327
9668,0.67199,"15.0, 15.0","785.0, 785.0",EISMHA,True,0.0,1732.8311083600065
9422,0.66461,"15.0, 15.0","785.0, 785.0",EISMHA,True,0.0,1727.6029180125895
9623,0.66514,"15.0, 15.0","785.0, 785.0",EISMHA,True,0.0,1731.9302459952087
9487,0.64458,"15.0, 15.0","785.0, 785.0",EISMHA,True,0.0,1698.4820479587243
9537,0.65212,"15.0, 15.0","785.0, 785.0",EISMHA,True,0.0,1723.2886701583022
9666,0.63039,"15.0, 15.0","785.0, 785.0",EISMHA,True,0.0,1718.3352454033306
9470,0.60379,"15.0, 15.0","785.0, 785.0",EISMHA,True,0.0,1706.7836126415268
9515,0.60955,"15.0, 15.0","785.0, 785.0",EISMHA,True,0.0,1720.1898507065637
9183,0.58454,"15.0, 15.0","785.0, 785.0",EISMHA,True,0.0,1705.7615669818256
9429,0.59974,"15.0, 15.0","785.0, 785.0",EISMHA,True,0.0,1691.6700811326498
9361,0.59784,"15.0, 15.0","785.0, 785.0",EISMHA,True,0.0,1696.4358069559546
9273,0.59453,"15.0, 15.0","785.0, 785.0",EISMHA,True,0.0,1699.9927162508607
9658,0.62958,"15.0, 15.0","785.0, 785.0",EISMHA,True,0.0,1736.7923721346033
9505,0.61360,"15.0, 15.0","785.0, 785.0",EISMHA,True,0.0,1698.7201838780434
9805,0.64035,"15.0, 15.0","785.0, 785.0",EISMHA,True,0.0,1731.4177153950582
9463,0.61054,"15.0, 15.0","785.0, 785.0",EISMHA,True,0.0,1715.9873600789535
9762,0.63750,"15.0, 15.0","785.0, 785.0",EISMHA,True,0.0,1728.4203273591042
9646,0.62530,"15.0, 15.0","785.0, 785.0",EISMHA,True,0.0,1733.0935771762274
9651,0.63157,"15.0, 15.0","785.0, 785.0",EISMHA,True,0.0,1715.1087668734035
9755,0.63848,"15.0, 15.0","785.0, 785.0",EISMHA,True,0.0,1735.9014669977005
9597,0.62262,"15.0, 15.0","785.0, 785.0",EISMHA,True,0.0,1718.6411645922003
9636,0.63032,"15.0, 15.0","785.0, 785.0",EISMHA,True,0.0,1730.9215382580974
9736,0.63723,"15.0, 15.0","785.0, 785.0",EISMHA,True,0.0,1731.333341710902
9322,0.60102,"15.0, 15.0","785.0, 785.0",EISMHA,True,0.0,1683.6570334294179
9367,0.60459,"15.0, 15.0","785.0, 785.0",EISMHA,True,0.0,1717.6317754277006
9693,0.64661,"15.0, 15.0","785.0, 785.0",EISMHA,True,0.0,1691.87480965964
9596,0.62729,"15.0, 15.0","785.0, 785.0",EISMHA,True,0.0,1707.717840020759
9453,0.60702,"15.0, 15.0","785.0, 785.0",EISMHA,True,0.0,1686.1317944120867
9576,0.62102,"15.0, 15.0","785.0, 785.0",EISMHA,True,0.0,1731.036877751841
9398,0.60397,"15.0, 15.0","785.0, 785.0",EISMHA,True,0.0,1714.828249565859
9593,0.61931,"15.0, 15.0","785.0, 785.0",EISMHA,True,0.0,1727.9507839767782
9476,0.61409,"15.0, 15.0","785.0, 785.0",EISMHA,True,0.0,1688.7879587903026
9431,0.60173,"15.0, 15.0","785.0, 785.0",EISMHA,True,0.0,1703.783845164394
9549,0.61855,"15.0, 15.0","785.0, 785.0",EISMHA,True,0.0,1721.6089112496054
9574,0.62057,"15.0, 15.0","785.0, 785.0",EISMHA,True,0.0,1706.2778341342848
9639,0.62569,"15.0, 15.0","785.0, 785.0",EISMHA,True,0.0,1704.2848113847062
9385,0.60863,"15.0, 15.0","785.0, 785.0",EISMHA,True,0.0,1684.3547861727961
9553,0.62020,"15.0, 15.0","785.0, 785.0",EISMHA,True,0.0,1707.4269666614987
9320,0.59955,"15.0, 15.0","785.0, 785.0",EISMHA,True,0.0,1726.847543641263
9757,0.64061,"15.0, 15.0","785.0, 785.0",EISMHA,True,0.0,1743.361882941677
9347,0.60004,"15.0, 15.0","785.0, 785.0",EISMHA,True,0.0,1703.208775954826
9155,0.57892,"15.0, 15.0","785.0, 785.0",EISMHA,True,0.0,1689.6633188261242
9602,0.62142,"15.0, 15.0","785.0, 785.0",EISMHA,True,0.0,1726.0409006341483
9583,0.61748,"15.0, 15.0","785.0, 785.0",EISMHA,True,0.0,1701.142150289572
9607,0.62458,"15.0, 15.0","785.0, 785.0",EISMHA,True,0.0,1715.506299409572
9657,0.62962,"15.0, 15.0","785.0, 785.0",EISMHA,True,0.0,1697.0055721233384
9579,0.62106,"15.0, 15.0","785.0, 785.0",EISMHA,True,0.0,1704.2046324226717
9724,0.63654,"15.0, 15.0","785.0, 785.0",EISMHA,True,0.0,1730.940619022349
9592,0.62055,"15.0, 15.0","785.0, 785.0",EISMHA,True,0.0,1705.266282253572
9647,0.63334,"15.0, 15.0","785.0, 785.0",EISMHA,True,0.0,1724.7535543139747
9545,0.61930,"15.0, 15.0","785.0, 785.0",EISMHA,True,0.0,1723.2265996871522
9635,0.63698,"15.0, 15.0","785.0, 785.0",EISMHA,True,0.0,1708.3854893564092
9601,0.62063,"15.0, 15.0","785.0, 785.0",EISMHA,True,0.0,1719.8385216195381
9661,0.64606,"15.0, 15.0","785.0, 785.0",EISMHA,True,0.0,1718.5117914363555
9737,0.63461,"15.0, 15.0","785.0, 785.0",EISMHA,True,0.0,1721.23641408558
9694,0.63558,"15.0, 15.0","785.0, 785.0",EISMHA,True,0.0,1713.5484741394812
9535,0.61439,"15.0, 15.0","785.0, 785.0",EISMHA,True,0.0,1709.9873152594496
9539,0.61186,"15.0, 15.0","785.0, 785.0",EISMHA,True,0.0,1714.6123971531295
9537,0.61818,"15.0, 15.0","785.0, 785.0",EISMHA,True,0.0,1703.7891851624954
9558,0.61613,"15.0, 15.0","785.0, 785.0",EISMHA,True,0.0,1717.9943517007453
9273,0.58953,"15.0, 15.0","785.0, 785.0",EISMHA,True,0.0,1705.5878790946017
9479,0.60524,"15.0, 15.0","785.0, 785.0",EISMHA,True,0.0,1694.8579179259489
9555,0.61356,"15.0, 15.0","785.0, 785.0",EISMHA,True,0.0,1730.0946221128781
9591,0.62259,"15.0, 15.0","785.0, 785.0",EISMHA,True,0.0,1714.7651825946082
9651,0.63036,"15.0, 15.0","785.0, 785.0",EISMHA,True,0.0,1718.5432737047845
9838,0.64269,"15.0, 15.0","785.0, 785.0",EISMHA,True,0.0,1721.2560317857037
9583,0.61631,"15.0, 15.0","785.0, 785.0",EISMHA,True,0.0,1727.6151985230188
9747,0.63427,"15.0, 15.0","785.0, 785.0",EISMHA,True,0.0,1713.8368177874117
9567,0.61856,"15.0, 15.0","785.0, 785.0",EISMHA,True,0.0,1708.341867790036
9762,0.64760,"15.0, 15.0","785.0, 785.0",EISMHA,True,0.0,1737.7564488663534
9571,0.62016,"15.0, 15.0","785.0, 785.0",EISMHA,True,0.0,1734.6107044523928
9370,0.60456,"15.0, 15.0","785.0, 785.0",EISMHA,True,0.0,1699.3536673435533
9606,0.61957,"15.0, 15.0","785.0, 785.0",EISMHA,True,0.0,1727.3710905483315
9567,0.62257,"15.0, 15.0","785.0, 785.0",EISMHA,True,0.0,1710.46947216105
13110,0.99594,"15.0, 15.0","785.0, 785.0",EISMHA,True,0.25,1882.765447302747
10882,0.76349,"15.0, 15.0","785.0, 785.0",EISMHA,True,0.25,1843.2740850839084
11512,0.86996,"15.0, 15.0","785.0, 785.0",EISMHA,True,0.25,1927.262814033775
11339,0.83101,"15.0, 15.0","785.0, 785.0",EISMHA,True,0.25,1816.7401664042309
11239,0.80310,"15.0, 15.0","785.0, 785.0",EISMHA,True,0.25,1861.1401569643813
10785,0.77370,"15.0, 15.0","785.0, 785.0",EISMHA,True,0.25,1884.1526709494426
13757,1.10000,"15.0, 15.0","785.0, 785.0",EISMHA,True,0.25,1887.016978148053
10524,0.74561,"15.0, 15.0","785.0, 785.0",EISMHA,True,0.25,1792.1654286390271
11332,0.80974,"15.0, 15.0","785.0, 785.0",EISMHA,True,0.25,1889.8154757765126
10840,0.75313,"15.0, 15.0","785.0, 785.0",EISMHA,True,0.25,1822.3485125601005
11220,0.78541,"15.0, 15.0","785.0, 785.0",EISMHA,True,0.25,1852.1887043601273
13058,0.98886,"15.0, 15.0","785.0, 785.0",EISMHA,True,0.25,1890.2477433323108
11010,0.76622,"15.0, 15.0","785.0, 785.0",EISMHA,True,0.25,1883.2361675756777
11020,0.76670,"15.0, 15.0","785.0, 785.0",EISMHA,True,0.25,1818.5515571757683
12618,0.95086,"15.0, 15.0","785.0, 785.0",EISMHA,True,0.25,1780.5406186302023
10093,0.69714,"15.0, 15.0","785.0, 785.0",EISMHA,True,0.25,1774.5354703151193
11097,0.79572,"15.0, 15.0","785.0, 785.0",EISMHA,True,0.25,1815.424347660674
12591,0.94892,"15.0, 15.0","785.0, 785.0",EISMHA,True,0.25,1878.0623750156342
11260,0.81145,"15.0, 15.0","785.0, 785.0",EISMHA,True,0.25,1864.1089120211113
13549,1.05290,"15.0, 15.0","785.0, 785.0",EISMHA,True,0.25,1833.5576795963987
12275,0.90501,"15.0, 15.0","785.0, 785.0",EISMHA,True,0.25,1861.3705802832956
13376,1.02390,"15.0, 15.0","785.0, 785.0",EISMHA,True,0.25,1858.8133319500878
11807,0.85103,"15.0, 15.0","785.0, 785.0",EISMHA,True,0.25,1915.2781738299855
11486,0.81928,"15.0, 15.0","785.0, 785.0",EISMHA,True,0.25,1885.3941877446969
11109,0.77821,"15.0, 15.0","785.0, 785.0",EISMHA,True,0.25,1917.6140769314388
10503,0.72966,"15.0, 15.0","785.0, 785.0",EISMHA,True,0.25,1879.040464264451
13040,0.97466,"15.0, 15.0","785.0, 785.0",EISMHA,True,0.25,1814.430334043758
10867,0.75572,"15.0, 15.0","785.0, 785.0",EISMHA,True,0.25,1824.2938898656582
10579,0.72796,"15.0, 15.0","785.0, 785.0",EISMHA,True,0.25,1782.0467716833698
12113,0.85378,"15.0, 15.0","785.0, 785.0",EISMHA,True,0.25,1824.6665165725406
11393,0.77771,"15.0, 15.0","785.0, 785.0",EISMHA,True,0.25,1841.553331328471
11239,0.75268,"15.0, 15.0","785.0, 785.0",EISMHA,True,0.25,1851.243787580109
11266,0.76970,"15.0, 15.0","785.0, 785.0",EISMHA,True,0.25,1947.929440205127
10739,0.70914,"15.0, 15.0","785.0, 785.0",EISMHA,True,0.25,1769.631347919243
11208,0.74809,"15.0, 15.0","785.0, 785.0",EISMHA,True,0.25,1897.2979854591422
12658,0.90918,"15.0, 15.0","785.0, 785.0",EISMHA,True,0.25,1868.4304228279373
10661,0.70051,"15.0, 15.0","785.0, 785.0",EISMHA,True,0.25,1855.4434705743063
10747,0.71259,"15.0, 15.0","785.0, 785.0",EISMHA,True,0.25,1963.455913291944
10265,0.66467,"15.0, 15.0","785.0, 785.0",EISMHA,True,0.25,1797.840490143394
12562,0.88380,"15.0, 15.0","785.0, 785.0",EISMHA,True,0.25,1774.6097594170863
12699,0.89638,"15.0, 15.0","785.0, 785.0",EISMHA,True,0.25,1823.1964913954118
12192,0.85278,"15.0, 15.0","785.0, 785.0",EISMHA,True,0.25,1790.6783824790248
10975,0.73267,"15.0, 15.0","785.0, 785.0",EISMHA,True,0.25,1801.555490922357
10570,0.69613,"15.0, 15.0","785.0, 785.0",EISMHA,True,0.25,1851.7421793018932
12634,0.90611,"15.0, 15.0","785.0, 785.0",EISMHA,True,0.25,1801.6774054424384
11617,0.80009,"15.0, 15.0","785.0, 785.0",EISMHA,True,0.25,1809.5718535910598
11559,0.79077,"15.0, 15.0","785.0, 785.0",EISMHA,True,0.25,1875.7394566599974
12076,0.84122,"15.0, 15.0","785.0, 785.0",EISMHA,True,0.25,1956.5349281213116
10933,0.72471,"15.0, 15.0","785.0, 785.0",EISMHA,True,0.25,1802.389862702805
13178,0.94858,"15.0, 15.0","785.0, 785.0",EISMHA,True,0.25,1821.0864309465014
13167,0.94841,"15.0, 15.0","785.0, 785.0",EISMHA,True,0.25,1839.4536528952638
11274,0.75521,"15.0, 15.0","785.0, 785.0",EISMHA,True,0.25,1872.5873493022414
11222,0.76022,"15.0, 15.0","785.0, 785.0",EISMHA,True,0.25,1833.012333005023
12597,0.88472,"15.0, 15.0","785.0, 785.0",EISMHA,True,0.25,1829.062829592367
11020,0.73818,"15.0, 15.0","785.0, 785.0",EISMHA,True,0.25,1795.7635142131346
11185,0.74973,"15.0, 15.0","785.0, 785.0",EISMHA,True,0.25,1909.127281116085
10825,0.72613,"15.0, 15.0","785.0, 785.0",EISMHA,True,0.25,1789.5340788422434
10373,0.68210,"15.0, 15.0","785.0, 785.0",EISMHA,True,0.25,1794.6701698689515
11480,0.78468,"15.0, 15.0","785.0, 785.0",EISMHA,True,0.25,1905.2467221603229
10817,0.71618,"15.0, 15.0","785.0, 785.0",EISMHA,True,0.25,1830.5646535086337
11954,0.81979,"15.0, 15.0","785.0, 785.0",EISMHA,True,0.25,1928.778872934191
10760,0.71276,"15.0, 15.0","785.0, 785.0",EISMHA,True,0.25,1833.2800862158997
12564,0.89205,"15.0, 15.0","785.0, 785.0",EISMHA,True,0.25,1788.6636249001954
11420,0.78676,"15.0, 15.0","785.0, 785.0",EISMHA,True,0.25,1862.7954121545613
12893,0.91261,"15.0, 15.0","785.0, 785.0",EISMHA,True,0.25,1789.0224830835602
10470,0.68369,"15.0, 15.0","785.0, 785.0",EISMHA,True,0.25,1790.119245556214
10787,0.71165,"15.0, 15.0","785.0, 785.0",EISMHA,True,0.25,1819.0516986672214
10231,0.67133,"15.0, 15.0","785.0, 785.0",EISMHA,True,0.25,1834.7439557355306
11637,0.78670,"15.0, 15.0","785.0, 785.0",EISMHA,True,0.25,1878.5259533478295
11366,0.76200,"15.0, 15.0","785.0, 785.0",EISMHA,True,0.25,1851.9664328166582
11311,0.76670,"15.0, 15.0","785.0, 785.0",EISMHA,True,0.25,1904.472105270124
11336,0.76336,"15.0, 15.0","785.0, 785.0",EISMHA,True,0.25,1868.0075048331148
12498,0.87983,"15.0, 15.0","785.0, 785.0",EISMHA,True,0.25,1855.9816537069428
11216,0.75961,"15.0, 15.0","785.0, 785.0",EISMHA,True,0.25,1862.0320012659326
12298,0.85633,"15.0, 15.0","785.0, 785.0",EISMHA,True,0.25,1838.6352503866253
11307,0.75938,"15.0, 15.0","785.0, 785.0",EISMHA,True,0.25,1892.6278334333679
11198,0.75521,"15.0, 15.0","785.0, 785.0",EISMHA,True,0.25,1892.4053156574053
11297,0.75830,"15.0, 15.0","785.0, 785.0",EISMHA,True,0.25,1854.7124946146741
11376,0.76814,"15.0, 15.0","785.0, 785.0",EISMHA,True,0.25,1856.26593877589
11550,0.79199,"15.0, 15.0","785.0, 785.0",EISMHA,True,0.25,1798.4410173184422
12050,0.83826,"15.0, 15.0","785.0, 785.0",EISMHA,True,0.25,1749.9473948400014
13037,0.93985,"15.0, 15.0","785.0, 785.0",EISMHA,True,0.25,1916.7026895483764
10458,0.69663,"15.0, 15.0","785.0, 785.0",EISMHA,True,0.25,1838.5656701714825
11771,0.84424,"15.0, 15.0","785.0, 785.0",EISMHA,True,0.25,1831.736651582644
10866,0.74509,"15.0, 15.0","785.0, 785.0",EISMHA,True,0.25,1842.3819802313953
13129,0.95599,"15.0, 15.0","785.0, 785.0",EISMHA,True,0.25,1837.5152248497482
12853,0.95137,"15.0, 15.0","785.0, 785.0",EISMHA,True,0.25,1893.7814458525927
11192,0.77171,"15.0, 15.0","785.0, 785.0",EISMHA,True,0.25,1864.0648171648288
11196,0.77370,"15.0, 15.0","785.0, 785.0",EISMHA,True,0.25,1852.4634081301112
11026,0.73470,"15.0, 15.0","785.0, 785.0",EISMHA,True,0.25,1899.3224497374308
12102,0.84178,"15.0, 15.0","785.0, 785.0",EISMHA,True,0.25,1769.2050887819305
10807,0.72208,"15.0, 15.0","785.0, 785.0",EISMHA,True,0.25,1879.2916392442714
12747,0.92024,"15.0, 15.0","785.0, 785.0",EISMHA,True,0.25,1824.2416536658352
10803,0.72387,"15.0, 15.0","785.0, 785.0",EISMHA,True,0.25,1893.1720561766733
13044,0.93387,"15.0, 15.0","785.0, 785.0",EISMHA,True,0.25,1803.0466969598447
10998,0.73919,"15.0, 15.0","785.0, 785.0",EISMHA,True,0.25,1825.7191252060677
13580,1.03687,"15.0, 15.0","785.0, 785.0",EISMHA,True,0.25,1899.9195502841487
11889,0.83727,"15.0, 15.0","785.0, 785.0",EISMHA,True,0.25,1839.8055693575639
12927,0.96939,"15.0, 15.0","785.0, 785.0",EISMHA,True,0.25,1842.4377516915154
11671,0.81641,"15.0, 15.0","785.0, 785.0",EISMHA,True,0.25,1841.8101261481854
14297,1.14039,"15.0, 15.0","785.0, 785.0",EISMHA,True,0.5,1854.190938461273
12814,0.96547,"15.0, 15.0","785.0, 785.0",EISMHA,True,0.5,1955.3477751592552
14318,1.13419,"15.0, 15.0","785.0, 785.0",EISMHA,True,0.5,1925.7575059579165
14050,1.10752,"15.0, 15.0","785.0, 785.0",EISMHA,True,0.5,1866.257971637196
14335,1.14256,"15.0, 15.0","785.0, 785.0",EISMHA,True,0.5,1915.4065882674802
14535,1.15521,"15.0, 15.0","785.0, 785.0",EISMHA,True,0.5,1905.2912595714847
14333,1.13553,"15.0, 15.0","785.0, 785.0",EISMHA,True,0.5,1876.6465359453787
15119,1.22050,"15.0, 15.0","785.0, 785.0",EISMHA,True,0.5,1939.2140755804808
13410,1.02594,"15.0, 15.0","785.0, 785.0",EISMHA,True,0.5,1801.8632341832897
14457,1.14049,"15.0, 15.0","785.0, 785.0",EISMHA,True,0.5,1934.7924704219542
13864,1.07660,"15.0, 15.0","785.0, 785.0",EISMHA,True,0.5,1835.6703743618775
14110,1.12437,"15.0, 15.0","785.0, 785.0",EISMHA,True,0.5,1875.7621258689296
13917,1.09641,"15.0, 15.0","785.0, 785.0",EISMHA,True,0.5,1978.5167230840495
13362,1.03820,"15.0, 15.0","785.0, 785.0",EISMHA,True,0.5,1817.2547689591368
14532,1.17929,"15.0, 15.0","785.0, 785.0",EISMHA,True,0.5,1926.290090628819
14592,1.16958,"15.0, 15.0","785.0, 785.0",EISMHA,True,0.5,1984.4642267671477
14836,1.19108,"15.0, 15.0","785.0, 785.0",EISMHA,True,0.5,1939.2073160458117
14651,1.19455,"15.0, 15.0","785.0, 785.0",EISMHA,True,0.5,1923.554074351706
13919,1.13431,"15.0, 15.0","785.0, 785.0",EISMHA,True,0.5,1863.7989054716352
14773,1.22465,"15.0, 15.0","785.0, 785.0",EISMHA,True,0.5,1907.6355162793557
14412,1.16364,"15.0, 15.0","785.0, 785.0",EISMHA,True,0.5,1899.0411834300141
14200,1.13855,"15.0, 15.0","785.0, 785.0",EISMHA,True,0.5,1958.0421034791145
15731,1.29287,"15.0, 15.0","785.0, 785.0",EISMHA,True,0.5,1981.8814300786514
15285,1.23695,"15.0, 15.0","785.0, 785.0",EISMHA,True,0.5,2069.235944139164
14885,1.20270,"15.0, 15.0","785.0, 785.0",EISMHA,True,0.5,1920.620201957712
14745,1.15386,"15.0, 15.0","785.0, 785.0",EISMHA,True,0.5,1921.7847206011154
14067,1.06306,"15.0, 15.0","785.0, 785.0",EISMHA,True,0.5,1868.8724663794817
15027,1.16636,"15.0, 15.0","785.0, 785.0",EISMHA,True,0.5,1994.430057969433
15296,1.19560,"15.0, 15.0","785.0, 785.0",EISMHA,True,0.5,1970.4117013464975
13529,1.01246,"15.0, 15.0","785.0, 785.0",EISMHA,True,0.5,1828.5865403851465
13756,1.03189,"15.0, 15.0","785.0, 785.0",EISMHA,True,0.5,1866.9267952044904
14782,1.13807,"15.0, 15.0","785.0, 785.0",EISMHA,True,0.5,1971.378641685752
13453,0.99105,"15.0, 15.0","785.0, 785.0",EISMHA,True,0.5,1854.7894728414885
14430,1.10118,"15.0, 15.0","785.0, 785.0",EISMHA,True,0.5,1924.5349533317067
13839,1.03358,"15.0, 15.0","785.0, 785.0",EISMHA,True,0.5,1893.9091681834561
14139,1.06335,"15.0, 15.0","785.0, 785.0",EISMHA,True,0.5,1896.9468248809403
15191,1.18945,"15.0, 15.0","785.0, 785.0",EISMHA,True,0.5,2007.5542247060341
14378,1.10062,"15.0, 15.0","785.0, 785.0",EISMHA,True,0.5,1944.8864233097597
14265,1.08025,"15.0, 15.0","785.0, 785.0",EISMHA,True,0.5,1996.2899706487915
15678,1.23162,"15.0, 15.0","785.0, 785.0",EISMHA,True,0.5,1991.1696673236813
14698,1.13501,"15.0, 15.0","785.0, 785.0",EISMHA,True,0.5,1959.4440359333073
14257,1.07009,"15.0, 15.0","785.0, 785.0",EISMHA,True,0.5,1937.2092105475194
13926,1.04165,"15.0, 15.0","785.0, 785.0",EISMHA,True,0.5,1795.8721837990836
14795,1.14838,"15.0, 15.0","785.0, 785.0",EISMHA,True,0.5,1952.4620909604628
15621,1.23913,"15.0, 15.0","785.0, 785.0",EISMHA,True,0.5,1954.4297578638605
14126,1.06636,"15.0, 15.0","785.0, 785.0",EISMHA,True,0.5,1938.6836692610696
13825,1.03252,"15.0, 15.0","785.0, 785.0",EISMHA,True,0.5,1924.5374870492417
13887,1.05301,"15.0, 15.0","785.0, 785.0",EISMHA,True,0.5,1885.7584271825967
14959,1.14940,"15.0, 15.0","785.0, 785.0",EISMHA,True,0.5,1981.3743334152157
14600,1.11365,"15.0, 15.0","785.0, 785.0",EISMHA,True,0.5,1922.8702031633522
14365,1.09115,"15.0, 15.0","785.0, 785.0",EISMHA,True,0.5,1930.2997228613187
15137,1.18328,"15.0, 15.0","785.0, 785.0",EISMHA,True,0.5,1949.8358363986904
14619,1.12055,"15.0, 15.0","785.0, 785.0",EISMHA,True,0.5,1937.2806783932967
13366,0.98891,"15.0, 15.0","785.0, 785.0",EISMHA,True,0.5,1866.295747746098
14651,1.13205,"15.0, 15.0","785.0, 785.0",EISMHA,True,0.5,1882.8239413367842
13500,1.00622,"15.0, 15.0","785.0, 785.0",EISMHA,True,0.5,1830.7445142990343
14412,1.10312,"15.0, 15.0","785.0, 785.0",EISMHA,True,0.5,1914.9982952884118
15889,1.26239,"15.0, 15.0","785.0, 785.0",EISMHA,True,0.5,1981.3625957290783
14224,1.07251,"15.0, 15.0","785.0, 785.0",EISMHA,True,0.5,1881.954248608982
14478,1.10205,"15.0, 15.0","785.0, 785.0",EISMHA,True,0.5,1896.496217878271
15610,1.22475,"15.0, 15.0","785.0, 785.0",EISMHA,True,0.5,2014.9862617647525
14544,1.10418,"15.0, 15.0","785.0, 785.0",EISMHA,True,0.5,1976.789273062557
14465,1.09599,"15.0, 15.0","785.0, 785.0",EISMHA,True,0.5,1924.0665485096526
13717,1.01917,"15.0, 15.0","785.0, 785.0",EISMHA,True,0.5,1906.9458599616512
13902,1.03195,"15.0, 15.0","785.0, 785.0",EISMHA,True,0.5,1878.9175150994938
14232,1.07517,"15.0, 15.0","785.0, 785.0",EISMHA,True,0.5,1901.4299023008489
14251,1.09103,"15.0, 15.0","785.0, 785.0",EISMHA,True,0.5,1907.0218513404693
14549,1.10891,"15.0, 15.0","785.0, 785.0",EISMHA,True,0.5,1927.6695322985656
14886,1.15630,"15.0, 15.0","785.0, 785.0",EISMHA,True,0.5,1865.5761058369153
14233,1.07182,"15.0, 15.0","785.0, 785.0",EISMHA,True,0.5,1917.7220404169018
14429,1.11995,"15.0, 15.0","785.0, 785.0",EISMHA,True,0.5,1841.5980971986714
13822,1.04348,"15.0, 15.0","785.0, 785.0",EISMHA,True,0.5,1880.7306314338996
13801,1.03615,"15.0, 15.0","785.0, 785.0",EISMHA,True,0.5,1837.4257234598056
13614,1.00237,"15.0, 15.0","785.0, 785.0",EISMHA,True,0.5,1852.7172817446885
13680,1.02887,"15.0, 15.0","785.0, 785.0",EISMHA,True,0.5,1871.6491717609777
15400,1.21813,"15.0, 15.0","785.0, 785.0",EISMHA,True,0.5,1961.4044036480884
15089,1.18911,"15.0, 15.0","785.0, 785.0",EISMHA,True,0.5,1941.0583859001383
14603,1.14145,"15.0, 15.0","785.0, 785.0",EISMHA,True,0.5,1927.4263274885154
14388,1.10540,"15.0, 15.0","785.0, 785.0",EISMHA,True,0.5,1962.525640163608
13465,0.99828,"15.0, 15.0","785.0, 785.0",EISMHA,True,0.5,1833.7259945539495
14279,1.10100,"15.0, 15.0","785.0, 785.0",EISMHA,True,0.5,1947.127055076716
13152,0.98416,"15.0, 15.0","785.0, 785.0",EISMHA,True,0.5,1771.7079531937593
13940,1.05601,"15.0, 15.0","785.0, 785.0",EISMHA,True,0.5,1846.294180311437
14933,1.16062,"15.0, 15.0","785.0, 785.0",EISMHA,True,0.5,1999.3046599837014
14452,1.10557,"15.0, 15.0","785.0, 785.0",EISMHA,True,0.5,1945.179896724661
14291,1.09126,"15.0, 15.0","785.0, 785.0",EISMHA,True,0.5,1949.5422947521922
14374,1.09018,"15.0, 15.0","785.0, 785.0",EISMHA,True,0.5,1878.8190522440857
14526,1.10942,"15.0, 15.0","785.0, 785.0",EISMHA,True,0.5,1904.3061436215414
14243,1.07813,"15.0, 15.0","785.0, 785.0",EISMHA,True,0.5,1939.544098147176
14774,1.14480,"15.0, 15.0","785.0, 785.0",EISMHA,True,0.5,1914.066472247303
13944,1.05198,"15.0, 15.0","785.0, 785.0",EISMHA,True,0.5,1902.638026871205
14192,1.06750,"15.0, 15.0","785.0, 785.0",EISMHA,True,0.5,1857.9377547241118
14887,1.13857,"15.0, 15.0","785.0, 785.0",EISMHA,True,0.5,1966.0260928349132
14113,1.06383,"15.0, 15.0","785.0, 785.0",EISMHA,True,0.5,1831.1540766499518
15887,1.26399,"15.0, 15.0","785.0, 785.0",EISMHA,True,0.5,1991.347100710505
13916,1.03762,"15.0, 15.0","785.0, 785.0",EISMHA,True,0.5,1972.7520040335996
14372,1.09752,"15.0, 15.0","785.0, 785.0",EISMHA,True,0.5,1950.3562513904171
13592,1.00093,"15.0, 15.0","785.0, 785.0",EISMHA,True,0.5,1925.8135143488914
13856,1.03796,"15.0, 15.0","785.0, 785.0",EISMHA,True,0.5,1901.0712623804134
14384,1.09208,"15.0, 15.0","785.0, 785.0",EISMHA,True,0.5,1858.71865529152
14324,1.14207,"15.0, 15.0","785.0, 785.0",EISMHA,True,0.75,1820.3767127743386
13707,1.06097,"15.0, 15.0","785.0, 785.0",EISMHA,True,0.75,1723.0093155021298
14089,1.09600,"15.0, 15.0","785.0, 785.0",EISMHA,True,0.75,1796.9941478346643
15519,1.27285,"15.0, 15.0","785.0, 785.0",EISMHA,True,0.75,1817.6028038748082
14213,1.13343,"15.0, 15.0","785.0, 785.0",EISMHA,True,0.75,1745.5584246893561
14246,1.13604,"15.0, 15.0","785.0, 785.0",EISMHA,True,0.75,1821.8444979759415
14179,1.12725,"15.0, 15.0","785.0, 785.0",EISMHA,True,0.75,1761.6709363179907
14505,1.16405,"15.0, 15.0","785.0, 785.0",EISMHA,True,0.75,1784.3555428120962
13992,1.09451,"15.0, 15.0","785.0, 785.0",EISMHA,True,0.75,1779.3137709356974
14094,1.09684,"15.0, 15.0","785.0, 785.0",EISMHA,True,0.75,1777.3527065664764
14564,1.16458,"15.0, 15.0","785.0, 785.0",EISMHA,True,0.75,1763.3429158664687
14202,1.11990,"15.0, 15.0","785.0, 785.0",EISMHA,True,0.75,1763.7185534358298
13934,1.09198,"15.0, 15.0","785.0, 785.0",EISMHA,True,0.75,1764.1721477879507
14182,1.12059,"15.0, 15.0","785.0, 785.0",EISMHA,True,0.75,1730.817085852039
14821,1.19007,"15.0, 15.0","785.0, 785.0",EISMHA,True,0.75,1844.395827481207
14331,1.12854,"15.0, 15.0","785.0, 785.0",EISMHA,True,0.75,1769.6315111462761
13937,1.07750,"15.0, 15.0","785.0, 785.0",EISMHA,True,0.75,1771.6600253977542
14372,1.13329,"15.0, 15.0","785.0, 785.0",EISMHA,True,0.75,1760.857559896182
14702,1.19174,"15.0, 15.0","785.0, 785.0",EISMHA,True,0.75,1780.344934711178
13980,1.10998,"15.0, 15.0","785.0, 785.0",EISMHA,True,0.75,1737.1952489059865
14437,1.15755,"15.0, 15.0","785.0, 785.0",EISMHA,True,0.75,1785.170831550753
15469,1.27868,"15.0, 15.0","785.0, 785.0",EISMHA,True,0.75,1859.318398213085
14547,1.14942,"15.0, 15.0","785.0, 785.0",EISMHA,True,0.75,1822.2284111497918
15814,1.25179,"15.0, 15.0","785.0, 785.0",EISMHA,True,0.75,1809.382685461206
14384,1.11187,"15.0, 15.0","785.0, 785.0",EISMHA,True,0.75,1785.0171024322374
13988,1.07603,"15.0, 15.0","785.0, 785.0",EISMHA,True,0.75,1804.1567458120844
14326,1.08968,"15.0, 15.0","785.0, 785.0",EISMHA,True,0.75,1721.834213164113
14818,1.15910,"15.0, 15.0","785.0, 785.0",EISMHA,True,0.75,1782.0623847113436
14075,1.06917,"15.0, 15.0","785.0, 785.0",EISMHA,True,0.75,1808.8648547006742
14848,1.13686,"15.0, 15.0","785.0, 785.0",EISMHA,True,0.75,1799.416217572229
14320,1.08003,"15.0, 15.0","785.0, 785.0",EISMHA,True,0.75,1771.9190225589907
15465,1.20161,"15.0, 15.0","785.0, 785.0",EISMHA,True,0.75,1861.2807068622399
15160,1.16754,"15.0, 15.0","785.0, 785.0",EISMHA,True,0.75,1811.3846406947239
14000,1.04901,"15.0, 15.0","785.0, 785.0",EISMHA,True,0.75,1811.2389107167678
15488,1.20109,"15.0, 15.0","785.0, 785.0",EISMHA,True,0.75,1840.4718830913575
14854,1.14936,"15.0, 15.0","785.0, 785.0",EISMHA,True,0.75,1795.9637506895294
15639,1.22766,"15.0, 15.0","785.0, 785.0",EISMHA,True,0.75,1834.5682536868871
14469,1.10462,"15.0, 15.0","785.0, 785.0",EISMHA,True,0.75,1785.3809176364325
14808,1.14043,"15.0, 15.0","785.0, 785.0",EISMHA,True,0.75,1759.61078991842
14325,1.09477,"15.0, 15.0","785.0, 785.0",EISMHA,True,0.75,1775.8103477781183
14685,1.11701,"15.0, 15.0","785.0, 785.0",EISMHA,True,0.75,1770.6194620302595
14488,1.08803,"15.0, 15.0","785.0, 785.0",EISMHA,True,0.75,1847.3250015120257
14084,1.05196,"15.0, 15.0","785.0, 785.0",EISMHA,True,0.75,1781.1255890942116
15499,1.21220,"15.0, 15.0","785.0, 785.0",EISMHA,True,0.75,1861.3356233079285
14404,1.09435,"15.0, 15.0","785.0, 785.0",EISMHA,True,0.75,1738.05019721248
13834,1.02592,"15.0, 15.0","785.0, 785.0",EISMHA,True,0.75,1780.4794029742386
14787,1.13519,"15.0, 15.0","785.0, 785.0",EISMHA,True,0.75,1822.3900487878172
15224,1.18298,"15.0, 15.0","785.0, 785.0",EISMHA,True,0.75,1819.8895030635965
14890,1.14508,"15.0, 15.0","785.0, 785.0",EISMHA,True,0.75,1863.418237575775
15226,1.19387,"15.0, 15.0","785.0, 785.0",EISMHA,True,0.75,1818.6254221235356
13821,1.03283,"15.0, 15.0","785.0, 785.0",EISMHA,True,0.75,1748.6342505901
14047,1.05986,"15.0, 15.0","785.0, 785.0",EISMHA,True,0.75,1798.232527776532
14279,1.08125,"15.0, 15.0","785.0, 785.0",EISMHA,True,0.75,1790.4072420491327
14434,1.09984,"15.0, 15.0","785.0, 785.0",EISMHA,True,0.75,1800.224351442106
13969,1.04631,"15.0, 15.0","785.0, 785.0",EISMHA,True,0.75,1744.00126116188
13717,1.02052,"15.0, 15.0","785.0, 785.0",EISMHA,True,0.75,1724.0643676128163
14641,1.11649,"15.0, 15.0","785.0, 785.0",EISMHA,True,0.75,1808.5618100024467
14283,1.06856,"15.0, 15.0","785.0, 785.0",EISMHA,True,0.75,1793.9103241664357
13746,1.02443,"15.0, 15.0","785.0, 785.0",EISMHA,True,0.75,1742.5501070271778
11906,0.82567,"15.0, 15.0","785.0, 785.0",EISMHA,True,0.75,1808.4814186613762
13772,1.00980,"15.0, 15.0","785.0, 785.0",EISMHA,True,0.75,1779.9973426425383
13348,0.99059,"15.0, 15.0","785.0, 785.0",EISMHA,True,0.75,1751.306935319441
14585,1.11104,"15.0, 15.0","785.0, 785.0",EISMHA,True,0.75,1795.0614383696613
14336,1.07885,"15.0, 15.0","785.0, 785.0",EISMHA,True,0.75,1770.7951284713974
13869,1.03080,"15.0, 15.0","785.0, 785.0",EISMHA,True,0.75,1762.4254084027475
14156,1.06303,"15.0, 15.0","785.0, 785.0",EISMHA,True,0.75,1786.776684832998
14383,1.08533,"15.0, 15.0","785.0, 785.0",EISMHA,True,0.75,1758.3661201982861
14771,1.12658,"15.0, 15.0","785.0, 785.0",EISMHA,True,0.75,1809.5084219605017
14004,1.05798,"15.0, 15.0","785.0, 785.0",EISMHA,True,0.75,1739.3910098656436
14369,1.09534,"15.0, 15.0","785.0, 785.0",EISMHA,True,0.75,1825.7110391992646
15078,1.16273,"15.0, 15.0","785.0, 785.0",EISMHA,True,0.75,1799.506373845395
14071,1.05951,"15.0, 15.0","785.0, 785.0",EISMHA,True,0.75,1753.6873946243302
13922,1.03594,"15.0, 15.0","785.0, 785.0",EISMHA,True,0.75,1801.4546872278659
15138,1.17260,"15.0, 15.0","785.0, 785.0",EISMHA,True,0.75,1827.5613599132917
14154,1.06308,"15.0, 15.0","785.0, 785.0",EISMHA,True,0.75,1793.635718809818
13797,1.02323,"15.0, 15.0","785.0, 785.0",EISMHA,True,0.75,1741.1252324256398
14059,1.06461,"15.0, 15.0","785.0, 785.0",EISMHA,True,0.75,1774.5047392790643
14693,1.12793,"15.0, 15.0","785.0, 785.0",EISMHA,True,0.75,1799.016251236797
13883,1.03593,"15.0, 15.0","785.0, 785.0",EISMHA,True,0.75,1748.3092913088694
14927,1.14304,"15.0, 15.0","785.0, 785.0",EISMHA,True,0.75,1846.0450621665473
14875,1.14505,"15.0, 15.0","785.0, 785.0",EISMHA,True,0.75,1771.5592898881475
14578,1.11452,"15.0, 15.0","785.0, 785.0",EISMHA,True,0.75,1798.1652252064937
14447,1.09045,"15.0, 15.0","785.0, 785.0",EISMHA,True,0.75,1789.5827420188189
14092,1.07010,"15.0, 15.0","785.0, 785.0",EISMHA,True,0.75,1767.3386321638045
13548,1.04565,"15.0, 15.0","785.0, 785.0",EISMHA,True,0.75,1733.9794650430274
14294,1.09846,"15.0, 15.0","785.0, 785.0",EISMHA,True,0.75,1794.6362358751699
15309,1.20599,"15.0, 15.0","785.0, 785.0",EISMHA,True,0.75,1801.5454227465407
15236,1.21804,"15.0, 15.0","785.0, 785.0",EISMHA,True,0.75,1819.9788230960921
14577,1.11069,"15.0, 15.0","785.0, 785.0",EISMHA,True,0.75,1824.8999326494404
14933,1.13527,"15.0, 15.0","785.0, 785.0",EISMHA,True,0.75,1787.8079799530285
13551,1.00712,"15.0, 15.0","785.0, 785.0",EISMHA,True,0.75,1743.3761826889101
14096,1.06300,"15.0, 15.0","785.0, 785.0",EISMHA,True,0.75,1785.7399162693334
14488,1.08903,"15.0, 15.0","785.0, 785.0",EISMHA,True,0.75,1791.443132867183
13853,1.04243,"15.0, 15.0","785.0, 785.0",EISMHA,True,0.75,1746.4182640908361
14375,1.07998,"15.0, 15.0","785.0, 785.0",EISMHA,True,0.75,1731.9509221564124
15081,1.16531,"15.0, 15.0","785.0, 785.0",EISMHA,True,0.75,1832.8465145177993
13794,1.02370,"15.0, 15.0","785.0, 785.0",EISMHA,True,0.75,1723.9893729031342
15135,1.17159,"15.0, 15.0","785.0, 785.0",EISMHA,True,0.75,1827.70084370928
14501,1.10341,"15.0, 15.0","785.0, 785.0",EISMHA,True,0.75,1801.6908501315083
15143,1.16299,"15.0, 15.0","785.0, 785.0",EISMHA,True,0.75,1877.4980054603343
12774,0.96000,"15.0, 15.0","785.0, 785.0",EISMHA,True,1.0,1713.7181149839962
12611,0.93589,"15.0, 15.0","785.0, 785.0",EISMHA,True,1.0,1685.4478339337168
12629,0.93286,"15.0, 15.0","785.0, 785.0",EISMHA,True,1.0,1707.0309706896592
12551,0.92548,"15.0, 15.0","785.0, 785.0",EISMHA,True,1.0,1688.0663118049408
12649,0.93639,"15.0, 15.0","785.0, 785.0",EISMHA,True,1.0,1690.8289349672298
12522,0.91387,"15.0, 15.0","785.0, 785.0",EISMHA,True,1.0,1683.4869126980595
12566,0.91962,"15.0, 15.0","785.0, 785.0",EISMHA,True,1.0,1691.8720428663619
12335,0.89381,"15.0, 15.0","785.0, 785.0",EISMHA,True,1.0,1694.1623134390204
12637,0.92583,"15.0, 15.0","785.0, 785.0",EISMHA,True,1.0,1700.8372362140756
12667,0.93336,"15.0, 15.0","785.0, 785.0",EISMHA,True,1.0,1688.9002393918374
12977,0.95288,"15.0, 15.0","785.0, 785.0",EISMHA,True,1.0,1691.859758182447
12693,0.92864,"15.0, 15.0","785.0, 785.0",EISMHA,True,1.0,1705.2871065347117
12456,0.90140,"15.0, 15.0","785.0, 785.0",EISMHA,True,1.0,1676.1056227704473
12613,0.92791,"15.0, 15.0","785.0, 785.0",EISMHA,True,1.0,1702.103918240479
12408,0.89081,"15.0, 15.0","785.0, 785.0",EISMHA,True,1.0,1666.6229305376708
12734,0.92693,"15.0, 15.0","785.0, 785.0",EISMHA,True,1.0,1702.5785531607214
12744,0.94435,"15.0, 15.0","785.0, 785.0",EISMHA,True,1.0,1697.9897006201804
12328,0.89581,"15.0, 15.0","785.0, 785.0",EISMHA,True,1.0,1673.2964255079908
12334,0.90413,"15.0, 15.0","785.0, 785.0",EISMHA,True,1.0,1687.9783891434354
12392,0.90781,"15.0, 15.0","785.0, 785.0",EISMHA,True,1.0,1663.2223603149712
12555,0.92617,"15.0, 15.0","785.0, 785.0",EISMHA,True,1.0,1680.5365247550587
12697,0.94432,"15.0, 15.0","785.0, 785.0",EISMHA,True,1.0,1692.623615284814
12565,0.92595,"15.0, 15.0","785.0, 785.0",EISMHA,True,1.0,1706.1586214275815
12444,0.90235,"15.0, 15.0","785.0, 785.0",EISMHA,True,1.0,1684.5798286187571
12379,0.89783,"15.0, 15.0","785.0, 785.0",EISMHA,True,1.0,1683.4102081626443
12378,0.89937,"15.0, 15.0","785.0, 785.0",EISMHA,True,1.0,1665.8108722259922
12590,0.92095,"15.0, 15.0","785.0, 785.0",EISMHA,True,1.0,1701.4386881707026
12524,0.91587,"15.0, 15.0","785.0, 785.0",EISMHA,True,1.0,1670.1927767239847
12361,0.89325,"15.0, 15.0","785.0, 785.0",EISMHA,True,1.0,1656.8444195616687
12615,0.93832,"15.0, 15.0","785.0, 785.0",EISMHA,True,1.0,1701.7707745906
12685,0.92986,"15.0, 15.0","785.0, 785.0",EISMHA,True,1.0,1692.4705300730848
12474,0.90467,"15.0, 15.0","785.0, 785.0",EISMHA,True,1.0,1677.4085483631013
12880,0.94937,"15.0, 15.0","785.0, 785.0",EISMHA,True,1.0,1703.2792871999338
12558,0.90933,"15.0, 15.0","785.0, 785.0",EISMHA,True,1.0,1692.1417870759851
12468,0.90334,"15.0, 15.0","785.0, 785.0",EISMHA,True,1.0,1701.3279611745102
12675,0.93026,"15.0, 15.0","785.0, 785.0",EISMHA,True,1.0,1681.7580184560684
12587,0.93388,"15.0, 15.0","785.0, 785.0",EISMHA,True,1.0,1674.494467775465
12637,0.88526,"15.0, 15.0","785.0, 785.0",EISMHA,True,1.0,1657.8399816158717
12618,0.92250,"15.0, 15.0","785.0, 785.0",EISMHA,True,1.0,1698.4606825079952
12655,0.90251,"15.0, 15.0","785.0, 785.0",EISMHA,True,1.0,1691.140105433334
12632,0.88150,"15.0, 15.0","785.0, 785.0",EISMHA,True,1.0,1695.121194855312
12754,0.93128,"15.0, 15.0","785.0, 785.0",EISMHA,True,1.0,1680.83089663079
12149,0.85085,"15.0, 15.0","785.0, 785.0",EISMHA,True,1.0,1670.2192149256903
12517,0.87921,"15.0, 15.0","785.0, 785.0",EISMHA,True,1.0,1667.746421180169
12488,0.87448,"15.0, 15.0","785.0, 785.0",EISMHA,True,1.0,1657.6491065547302
12534,0.88130,"15.0, 15.0","785.0, 785.0",EISMHA,True,1.0,1688.7365687404483
12513,0.87263,"15.0, 15.0","785.0, 785.0",EISMHA,True,1.0,1696.1201558731316
12470,0.86899,"15.0, 15.0","785.0, 785.0",EISMHA,True,1.0,1684.3164828950719
12446,0.86347,"15.0, 15.0","785.0, 785.0",EISMHA,True,1.0,1681.7906768864757
12566,0.87639,"15.0, 15.0","785.0, 785.0",EISMHA,True,1.0,1678.9933038140834
12367,0.86086,"15.0, 15.0","785.0, 785.0",EISMHA,True,1.0,1680.8272008516433
12366,0.85531,"15.0, 15.0","785.0, 785.0",EISMHA,True,1.0,1675.5307247761782
12640,0.88829,"15.0, 15.0","785.0, 785.0",EISMHA,True,1.0,1689.2348383375866
12559,0.88779,"15.0, 15.0","785.0, 785.0",EISMHA,True,1.0,1676.994873075378
12602,0.88887,"15.0, 15.0","785.0, 785.0",EISMHA,True,1.0,1708.3546739937908
12761,0.90182,"15.0, 15.0","785.0, 785.0",EISMHA,True,1.0,1712.7348840234258
12472,0.88580,"15.0, 15.0","785.0, 785.0",EISMHA,True,1.0,1675.4147467101589
12653,0.88484,"15.0, 15.0","785.0, 785.0",EISMHA,True,1.0,1716.3912631465118
12481,0.87742,"15.0, 15.0","785.0, 785.0",EISMHA,True,1.0,1702.6351306825793
12382,0.86217,"15.0, 15.0","785.0, 785.0",EISMHA,True,1.0,1684.6315792164148
12719,0.90321,"15.0, 15.0","785.0, 785.0",EISMHA,True,1.0,1712.4435864706977
12361,0.87013,"15.0, 15.0","785.0, 785.0",EISMHA,True,1.0,1687.5542656450334
12333,0.86078,"15.0, 15.0","785.0, 785.0",EISMHA,True,1.0,1690.7646357562296
12653,0.88877,"15.0, 15.0","785.0, 785.0",EISMHA,True,1.0,1701.5793164948407
12576,0.89604,"15.0, 15.0","785.0, 785.0",EISMHA,True,1.0,1683.5233865595367
12699,0.89222,"15.0, 15.0","785.0, 785.0",EISMHA,True,1.0,1688.3357784759553
12641,0.88268,"15.0, 15.0","785.0, 785.0",EISMHA,True,1.0,1694.4392221543042
12415,0.86831,"15.0, 15.0","785.0, 785.0",EISMHA,True,1.0,1663.3620540443053
12673,0.88480,"15.0, 15.0","785.0, 785.0",EISMHA,True,1.0,1685.8071897225266
12480,0.87842,"15.0, 15.0","785.0, 785.0",EISMHA,True,1.0,1687.324402890594
12013,0.82066,"15.0, 15.0","785.0, 785.0",EISMHA,True,1.0,1653.4538278835903
12502,0.87259,"15.0, 15.0","785.0, 785.0",EISMHA,True,1.0,1685.7746000802265
12855,0.91298,"15.0, 15.0","785.0, 785.0",EISMHA,True,1.0,1717.0196871489081
12805,0.90605,"15.0, 15.0","785.0, 785.0",EISMHA,True,1.0,1712.4158927776796
12483,0.88172,"15.0, 15.0","785.0, 785.0",EISMHA,True,1.0,1686.978105222669
12481,0.87885,"15.0, 15.0","785.0, 785.0",EISMHA,True,1.0,1688.601479645849
12606,0.89813,"15.0, 15.0","785.0, 785.0",EISMHA,True,1.0,1703.7274488245087
12512,0.87521,"15.0, 15.0","785.0, 785.0",EISMHA,True,1.0,1677.9430984201706
12435,0.86700,"15.0, 15.0","785.0, 785.0",EISMHA,True,1.0,1668.422786291228
12602,0.89782,"15.0, 15.0","785.0, 785.0",EISMHA,True,1.0,1707.1915827171642
12570,0.87379,"15.0, 15.0","785.0, 785.0",EISMHA,True,1.0,1662.0007674390822
12747,0.89420,"15.0, 15.0","785.0, 785.0",EISMHA,True,1.0,1711.2598939139148
12457,0.86479,"15.0, 15.0","785.0, 785.0",EISMHA,True,1.0,1674.7698225223266
12641,0.89098,"15.0, 15.0","785.0, 785.0",EISMHA,True,1.0,1685.7827196914657
12557,0.87814,"15.0, 15.0","785.0, 785.0",EISMHA,True,1.0,1694.655333660538
12647,0.88655,"15.0, 15.0","785.0, 785.0",EISMHA,True,1.0,1694.8667964589622
12591,0.87775,"15.0, 15.0","785.0, 785.0",EISMHA,True,1.0,1685.7245236484137
12745,0.89236,"15.0, 15.0","785.0, 785.0",EISMHA,True,1.0,1701.5652287974042
12355,0.86429,"15.0, 15.0","785.0, 785.0",EISMHA,True,1.0,1691.0956504142118
12212,0.84707,"15.0, 15.0","785.0, 785.0",EISMHA,True,1.0,1674.2736449515846
12774,0.90751,"15.0, 15.0","785.0, 785.0",EISMHA,True,1.0,1702.7976878992674
12693,0.90096,"15.0, 15.0","785.0, 785.0",EISMHA,True,1.0,1705.8182184444627
12166,0.83577,"15.0, 15.0","785.0, 785.0",EISMHA,True,1.0,1662.976687241331
12562,0.88444,"15.0, 15.0","785.0, 785.0",EISMHA,True,1.0,1702.104590606772
12386,0.85631,"15.0, 15.0","785.0, 785.0",EISMHA,True,1.0,1692.2994585386266
12703,0.89614,"15.0, 15.0","785.0, 785.0",EISMHA,True,1.0,1681.4627788200803
12567,0.88692,"15.0, 15.0","785.0, 785.0",EISMHA,True,1.0,1670.4143137749506
12326,0.86428,"15.0, 15.0","785.0, 785.0",EISMHA,True,1.0,1689.250041126019
12523,0.88533,"15.0, 15.0","785.0, 785.0",EISMHA,True,1.0,1702.9423351821997
12246,0.85770,"15.0, 15.0","785.0, 785.0",EISMHA,True,1.0,1665.180583493381
