75305,1.29838,"15.0, 15.0","785.0, 785.0",Shared MultiHeuristic A*,True,0.3,3334838.115685742
75250,1.28626,"15.0, 15.0","785.0, 785.0",Shared MultiHeuristic A*,True,0.3,3351999.1321314247
75255,1.27721,"15.0, 15.0","785.0, 785.0",Shared MultiHeuristic A*,True,0.3,3326504.090199934
75250,1.28624,"15.0, 15.0","785.0, 785.0",Shared MultiHeuristic A*,True,0.3,3342213.507189313
75225,1.28468,"15.0, 15.0","785.0, 785.0",Shared MultiHeuristic A*,True,0.3,3308513.7809346276
75255,1.27694,"15.0, 15.0","785.0, 785.0",Shared MultiHeuristic A*,True,0.3,3278287.2413636805
75255,1.27849,"15.0, 15.0","785.0, 785.0",Shared MultiHeuristic A*,True,0.3,3310828.2744627222
75250,1.30507,"15.0, 15.0","785.0, 785.0",Shared MultiHeuristic A*,True,0.3,3340231.70973125
75250,1.28018,"15.0, 15.0","785.0, 785.0",Shared MultiHeuristic A*,True,0.3,3362104.072951836
75250,1.28203,"15.0, 15.0","785.0, 785.0",Shared MultiHeuristic A*,True,0.3,3335015.1911314307
75255,1.28969,"15.0, 15.0","785.0, 785.0",Shared MultiHeuristic A*,True,0.3,3337286.105603874
75285,1.27811,"15.0, 15.0","785.0, 785.0",Shared MultiHeuristic A*,True,0.3,3356801.56617254
75255,1.27578,"15.0, 15.0","785.0, 785.0",Shared MultiHeuristic A*,True,0.3,3319053.590043254
75225,1.28271,"15.0, 15.0","785.0, 785.0",Shared MultiHeuristic A*,True,0.3,3294064.8374941545
75250,1.20439,"15.0, 15.0","785.0, 785.0",Shared MultiHeuristic A*,True,0.3,3360148.646626382
75250,1.19511,"15.0, 15.0","785.0, 785.0",Shared MultiHeuristic A*,True,0.3,3336153.9821978253
75250,1.21412,"15.0, 15.0","785.0, 785.0",Shared MultiHeuristic A*,True,0.3,3290734.0913661886
75250,1.20246,"15.0, 15.0","785.0, 785.0",Shared MultiHeuristic A*,True,0.3,3344079.5280728657
75250,1.19539,"15.0, 15.0","785.0, 785.0",Shared MultiHeuristic A*,True,0.3,3306089.949314362
75250,1.21189,"15.0, 15.0","785.0, 785.0",Shared MultiHeuristic A*,True,0.3,3329845.2682783115
75250,1.20505,"15.0, 15.0","785.0, 785.0",Shared MultiHeuristic A*,True,0.3,3337987.443376301
75255,1.19856,"15.0, 15.0","785.0, 785.0",Shared MultiHeuristic A*,True,0.3,3314248.6497683935
75250,1.20053,"15.0, 15.0","785.0, 785.0",Shared MultiHeuristic A*,True,0.3,3322849.142096346
75280,1.21560,"15.0, 15.0","785.0, 785.0",Shared MultiHeuristic A*,True,0.3,3357544.754090317
75240,1.20017,"15.0, 15.0","785.0, 785.0",Shared MultiHeuristic A*,True,0.3,3351493.111900891
75250,1.20818,"15.0, 15.0","785.0, 785.0",Shared MultiHeuristic A*,True,0.3,3289304.287839691
75250,1.21178,"15.0, 15.0","785.0, 785.0",Shared MultiHeuristic A*,True,0.3,3361520.3766218103
75250,1.19794,"15.0, 15.0","785.0, 785.0",Shared MultiHeuristic A*,True,0.3,3393489.435330529
75250,1.20008,"15.0, 15.0","785.0, 785.0",Shared MultiHeuristic A*,True,0.3,3287052.521237436
75250,1.21681,"15.0, 15.0","785.0, 785.0",Shared MultiHeuristic A*,True,0.3,3350167.6782401036
75255,1.19906,"15.0, 15.0","785.0, 785.0",Shared MultiHeuristic A*,True,0.3,3290854.580749024
75225,1.19938,"15.0, 15.0","785.0, 785.0",Shared MultiHeuristic A*,True,0.3,3342323.80538885
75280,1.20105,"15.0, 15.0","785.0, 785.0",Shared MultiHeuristic A*,True,0.3,3294871.939550074
75250,1.21556,"15.0, 15.0","785.0, 785.0",Shared MultiHeuristic A*,True,0.3,3331288.708486002
75250,1.20339,"15.0, 15.0","785.0, 785.0",Shared MultiHeuristic A*,True,0.3,3343472.3196067465
75250,1.20685,"15.0, 15.0","785.0, 785.0",Shared MultiHeuristic A*,True,0.3,3307066.28697609
75255,1.21083,"15.0, 15.0","785.0, 785.0",Shared MultiHeuristic A*,True,0.3,3323206.84992509
75250,1.20511,"15.0, 15.0","785.0, 785.0",Shared MultiHeuristic A*,True,0.3,3362656.2540705297
75255,1.20662,"15.0, 15.0","785.0, 785.0",Shared MultiHeuristic A*,True,0.3,3302648.171575241
75310,1.22461,"15.0, 15.0","785.0, 785.0",Shared MultiHeuristic A*,True,0.3,3358712.2542121406
75280,1.19433,"15.0, 15.0","785.0, 785.0",Shared MultiHeuristic A*,True,0.3,3355098.2765571144
75250,1.19775,"15.0, 15.0","785.0, 785.0",Shared MultiHeuristic A*,True,0.3,3332371.632234323
75250,1.22620,"15.0, 15.0","785.0, 785.0",Shared MultiHeuristic A*,True,0.3,3330218.400570773
75250,1.23014,"15.0, 15.0","785.0, 785.0",Shared MultiHeuristic A*,True,0.3,3355955.088329067
75250,1.21346,"15.0, 15.0","785.0, 785.0",Shared MultiHeuristic A*,True,0.3,3368446.9288398107
75255,1.22253,"15.0, 15.0","785.0, 785.0",Shared MultiHeuristic A*,True,0.3,3323249.642872702
75255,1.21909,"15.0, 15.0","785.0, 785.0",Shared MultiHeuristic A*,True,0.3,3329394.194005364
75250,1.19914,"15.0, 15.0","785.0, 785.0",Shared MultiHeuristic A*,True,0.3,3384530.40110628
75250,1.21264,"15.0, 15.0","785.0, 785.0",Shared MultiHeuristic A*,True,0.3,3302467.353663746
75250,1.21287,"15.0, 15.0","785.0, 785.0",Shared MultiHeuristic A*,True,0.3,3276254.1149738906
75255,1.20356,"15.0, 15.0","785.0, 785.0",Shared MultiHeuristic A*,True,0.3,3329781.777320785
75250,1.20975,"15.0, 15.0","785.0, 785.0",Shared MultiHeuristic A*,True,0.3,3283024.2526920014
75250,1.21907,"15.0, 15.0","785.0, 785.0",Shared MultiHeuristic A*,True,0.3,3311684.6727931798
75250,1.20015,"15.0, 15.0","785.0, 785.0",Shared MultiHeuristic A*,True,0.3,3321495.3088064226
75250,1.19679,"15.0, 15.0","785.0, 785.0",Shared MultiHeuristic A*,True,0.3,3330496.562579377
75250,1.20260,"15.0, 15.0","785.0, 785.0",Shared MultiHeuristic A*,True,0.3,3263839.1235813308
75250,1.21227,"15.0, 15.0","785.0, 785.0",Shared MultiHeuristic A*,True,0.3,3347809.0563862687
75255,1.20199,"15.0, 15.0","785.0, 785.0",Shared MultiHeuristic A*,True,0.3,3368702.5331528843
75225,1.19704,"15.0, 15.0","785.0, 785.0",Shared MultiHeuristic A*,True,0.3,3321114.8438227335
75255,1.21045,"15.0, 15.0","785.0, 785.0",Shared MultiHeuristic A*,True,0.3,3319933.929736116
75250,1.19865,"15.0, 15.0","785.0, 785.0",Shared MultiHeuristic A*,True,0.3,3315626.4277023873
75210,1.20018,"15.0, 15.0","785.0, 785.0",Shared MultiHeuristic A*,True,0.3,3348650.077399145
75255,1.20997,"15.0, 15.0","785.0, 785.0",Shared MultiHeuristic A*,True,0.3,3308181.233870191
75250,1.20162,"15.0, 15.0","785.0, 785.0",Shared MultiHeuristic A*,True,0.3,3267250.2779014297
75250,1.20242,"15.0, 15.0","785.0, 785.0",Shared MultiHeuristic A*,True,0.3,3357416.724654926
75250,1.23033,"15.0, 15.0","785.0, 785.0",Shared MultiHeuristic A*,True,0.3,3326481.478292367
75250,1.20675,"15.0, 15.0","785.0, 785.0",Shared MultiHeuristic A*,True,0.3,3309265.1187257464
75255,1.20088,"15.0, 15.0","785.0, 785.0",Shared MultiHeuristic A*,True,0.3,3308390.1936543966
75250,1.20458,"15.0, 15.0","785.0, 785.0",Shared MultiHeuristic A*,True,0.3,3328082.341907381
75225,1.21281,"15.0, 15.0","785.0, 785.0",Shared MultiHeuristic A*,True,0.3,3302860.5475750854
75225,1.21026,"15.0, 15.0","785.0, 785.0",Shared MultiHeuristic A*,True,0.3,3301923.144772918
75250,1.20306,"15.0, 15.0","785.0, 785.0",Shared MultiHeuristic A*,True,0.3,3299166.3118262864
75250,1.20912,"15.0, 15.0","785.0, 785.0",Shared MultiHeuristic A*,True,0.3,3330981.032338807
75240,1.20710,"15.0, 15.0","785.0, 785.0",Shared MultiHeuristic A*,True,0.3,3373269.006788276
75250,1.19936,"15.0, 15.0","785.0, 785.0",Shared MultiHeuristic A*,True,0.3,3289021.5097456696
75250,1.22316,"15.0, 15.0","785.0, 785.0",Shared MultiHeuristic A*,True,0.3,3310018.5067329197
75250,1.20175,"15.0, 15.0","785.0, 785.0",Shared MultiHeuristic A*,True,0.3,3373102.801691803
75250,1.20229,"15.0, 15.0","785.0, 785.0",Shared MultiHeuristic A*,True,0.3,3374112.5692203487
75250,1.21242,"15.0, 15.0","785.0, 785.0",Shared MultiHeuristic A*,True,0.3,3340410.6225383924
75250,1.20462,"15.0, 15.0","785.0, 785.0",Shared MultiHeuristic A*,True,0.3,3283365.7186554875
75250,1.20308,"15.0, 15.0","785.0, 785.0",Shared MultiHeuristic A*,True,0.3,3305677.1441690554
75250,1.19718,"15.0, 15.0","785.0, 785.0",Shared MultiHeuristic A*,True,0.3,3364276.266221157
75255,1.21357,"15.0, 15.0","785.0, 785.0",Shared MultiHeuristic A*,True,0.3,3374323.8144740863
75250,1.19867,"15.0, 15.0","785.0, 785.0",Shared MultiHeuristic A*,True,0.3,3405955.530804309
75250,1.20631,"15.0, 15.0","785.0, 785.0",Shared MultiHeuristic A*,True,0.3,3355508.913439161
75250,1.21685,"15.0, 15.0","785.0, 785.0",Shared MultiHeuristic A*,True,0.3,3371091.6208552495
75250,1.20339,"15.0, 15.0","785.0, 785.0",Shared MultiHeuristic A*,True,0.3,3295145.9249411956
75250,1.20164,"15.0, 15.0","785.0, 785.0",Shared MultiHeuristic A*,True,0.3,3312522.255966196
75255,1.21240,"15.0, 15.0","785.0, 785.0",Shared MultiHeuristic A*,True,0.3,3331367.1011815765
75250,1.20035,"15.0, 15.0","785.0, 785.0",Shared MultiHeuristic A*,True,0.3,3287625.3652112815
75280,1.20156,"15.0, 15.0","785.0, 785.0",Shared MultiHeuristic A*,True,0.3,3281076.1322400277
75250,1.20799,"15.0, 15.0","785.0, 785.0",Shared MultiHeuristic A*,True,0.3,3354316.471898947
75250,1.21214,"15.0, 15.0","785.0, 785.0",Shared MultiHeuristic A*,True,0.3,3313663.247767528
75250,1.20352,"15.0, 15.0","785.0, 785.0",Shared MultiHeuristic A*,True,0.3,3300833.5545810945
75250,1.20682,"15.0, 15.0","785.0, 785.0",Shared MultiHeuristic A*,True,0.3,3341119.4678396117
75250,1.20723,"15.0, 15.0","785.0, 785.0",Shared MultiHeuristic A*,True,0.3,3250028.005517705
75250,1.20388,"15.0, 15.0","785.0, 785.0",Shared MultiHeuristic A*,True,0.3,3328855.9572640536
75250,1.23183,"15.0, 15.0","785.0, 785.0",Shared MultiHeuristic A*,True,0.3,3376368.132022398
75250,1.22721,"15.0, 15.0","785.0, 785.0",Shared MultiHeuristic A*,True,0.3,3368245.9344340856
75250,1.20868,"15.0, 15.0","785.0, 785.0",Shared MultiHeuristic A*,True,0.3,3359503.574213606
52690,0.76770,"15.0, 15.0","785.0, 785.0",Shared MultiHeuristic Greedy Best First Search,True,0.3,4899765.496842816
52690,0.76923,"15.0, 15.0","785.0, 785.0",Shared MultiHeuristic Greedy Best First Search,True,0.3,4749171.116383829
52690,0.76915,"15.0, 15.0","785.0, 785.0",Shared MultiHeuristic Greedy Best First Search,True,0.3,4854224.6392816035
52690,0.76209,"15.0, 15.0","785.0, 785.0",Shared MultiHeuristic Greedy Best First Search,True,0.3,4796480.888749811
52690,0.76647,"15.0, 15.0","785.0, 785.0",Shared MultiHeuristic Greedy Best First Search,True,0.3,4909044.38286135
52690,0.77471,"15.0, 15.0","785.0, 785.0",Shared MultiHeuristic Greedy Best First Search,True,0.3,4820780.482716934
52690,0.76269,"15.0, 15.0","785.0, 785.0",Shared MultiHeuristic Greedy Best First Search,True,0.3,4862661.851191281
52690,0.75769,"15.0, 15.0","785.0, 785.0",Shared MultiHeuristic Greedy Best First Search,True,0.3,4772554.5574286
52690,0.75301,"15.0, 15.0","785.0, 785.0",Shared MultiHeuristic Greedy Best First Search,True,0.3,4812722.075587541
52690,0.75569,"15.0, 15.0","785.0, 785.0",Shared MultiHeuristic Greedy Best First Search,True,0.3,4852650.54171854
52690,0.77923,"15.0, 15.0","785.0, 785.0",Shared MultiHeuristic Greedy Best First Search,True,0.3,5015868.336814503
52690,0.76020,"15.0, 15.0","785.0, 785.0",Shared MultiHeuristic Greedy Best First Search,True,0.3,4829849.387759213
52690,0.75705,"15.0, 15.0","785.0, 785.0",Shared MultiHeuristic Greedy Best First Search,True,0.3,4819976.84527123
52690,0.75707,"15.0, 15.0","785.0, 785.0",Shared MultiHeuristic Greedy Best First Search,True,0.3,5019760.794835182
52690,0.76069,"15.0, 15.0","785.0, 785.0",Shared MultiHeuristic Greedy Best First Search,True,0.3,4964763.331946214
52690,0.77624,"15.0, 15.0","785.0, 785.0",Shared MultiHeuristic Greedy Best First Search,True,0.3,4848454.911480477
52690,0.76870,"15.0, 15.0","785.0, 785.0",Shared MultiHeuristic Greedy Best First Search,True,0.3,4813146.268166098
52690,0.75269,"15.0, 15.0","785.0, 785.0",Shared MultiHeuristic Greedy Best First Search,True,0.3,4727652.932568925
52690,0.76069,"15.0, 15.0","785.0, 785.0",Shared MultiHeuristic Greedy Best First Search,True,0.3,4856048.496957262
52690,0.72767,"15.0, 15.0","785.0, 785.0",Shared MultiHeuristic Greedy Best First Search,True,0.3,4873236.776472328
52690,0.71817,"15.0, 15.0","785.0, 785.0",Shared MultiHeuristic Greedy Best First Search,True,0.3,4788761.627504818
52690,0.70084,"15.0, 15.0","785.0, 785.0",Shared MultiHeuristic Greedy Best First Search,True,0.3,4879084.082728274
52690,0.70464,"15.0, 15.0","785.0, 785.0",Shared MultiHeuristic Greedy Best First Search,True,0.3,4893748.501578786
52690,0.70482,"15.0, 15.0","785.0, 785.0",Shared MultiHeuristic Greedy Best First Search,True,0.3,4756158.449066469
52690,0.70265,"15.0, 15.0","785.0, 785.0",Shared MultiHeuristic Greedy Best First Search,True,0.3,4700573.049862876
52690,0.70214,"15.0, 15.0","785.0, 785.0",Shared MultiHeuristic Greedy Best First Search,True,0.3,4968210.314629722
52690,0.71916,"15.0, 15.0","785.0, 785.0",Shared MultiHeuristic Greedy Best First Search,True,0.3,4866877.696466705
52690,0.70265,"15.0, 15.0","785.0, 785.0",Shared MultiHeuristic Greedy Best First Search,True,0.3,4918562.231417519
52690,0.70541,"15.0, 15.0","785.0, 785.0",Shared MultiHeuristic Greedy Best First Search,True,0.3,4979360.987837031
52690,0.70489,"15.0, 15.0","785.0, 785.0",Shared MultiHeuristic Greedy Best First Search,True,0.3,4809769.397427867
52690,0.70492,"15.0, 15.0","785.0, 785.0",Shared MultiHeuristic Greedy Best First Search,True,0.3,4837775.98274836
52690,0.71564,"15.0, 15.0","785.0, 785.0",Shared MultiHeuristic Greedy Best First Search,True,0.3,4827639.657643921
52690,0.71072,"15.0, 15.0","785.0, 785.0",Shared MultiHeuristic Greedy Best First Search,True,0.3,4918769.876320903
52690,0.71265,"15.0, 15.0","785.0, 785.0",Shared MultiHeuristic Greedy Best First Search,True,0.3,4755317.474484853
52690,0.70965,"15.0, 15.0","785.0, 785.0",Shared MultiHeuristic Greedy Best First Search,True,0.3,4887554.008755596
52690,0.70292,"15.0, 15.0","785.0, 785.0",Shared MultiHeuristic Greedy Best First Search,True,0.3,4867391.10373668
52690,0.70334,"15.0, 15.0","785.0, 785.0",Shared MultiHeuristic Greedy Best First Search,True,0.3,4759368.563811002
52690,0.71883,"15.0, 15.0","785.0, 785.0",Shared MultiHeuristic Greedy Best First Search,True,0.3,4891680.954213054
52690,0.70229,"15.0, 15.0","785.0, 785.0",Shared MultiHeuristic Greedy Best First Search,True,0.3,4770413.821716277
52690,0.70565,"15.0, 15.0","785.0, 785.0",Shared MultiHeuristic Greedy Best First Search,True,0.3,4695319.025611259
52690,0.70666,"15.0, 15.0","785.0, 785.0",Shared MultiHeuristic Greedy Best First Search,True,0.3,4827077.723970411
52690,0.70519,"15.0, 15.0","785.0, 785.0",Shared MultiHeuristic Greedy Best First Search,True,0.3,4844265.4599927245
52690,0.70163,"15.0, 15.0","785.0, 785.0",Shared MultiHeuristic Greedy Best First Search,True,0.3,4788640.698316463
52690,0.71120,"15.0, 15.0","785.0, 785.0",Shared MultiHeuristic Greedy Best First Search,True,0.3,4771243.010540253
52690,0.70328,"15.0, 15.0","785.0, 785.0",Shared MultiHeuristic Greedy Best First Search,True,0.3,4838570.9371535685
52690,0.70587,"15.0, 15.0","785.0, 785.0",Shared MultiHeuristic Greedy Best First Search,True,0.3,4761191.499365817
52690,0.70917,"15.0, 15.0","785.0, 785.0",Shared MultiHeuristic Greedy Best First Search,True,0.3,4686819.236360164
52690,0.70543,"15.0, 15.0","785.0, 785.0",Shared MultiHeuristic Greedy Best First Search,True,0.3,4759636.677315444
52690,0.71364,"15.0, 15.0","785.0, 785.0",Shared MultiHeuristic Greedy Best First Search,True,0.3,4821339.696726083
52690,0.70389,"15.0, 15.0","785.0, 785.0",Shared MultiHeuristic Greedy Best First Search,True,0.3,4850727.812976558
52690,0.70422,"15.0, 15.0","785.0, 785.0",Shared MultiHeuristic Greedy Best First Search,True,0.3,4802547.576663876
52690,0.70743,"15.0, 15.0","785.0, 785.0",Shared MultiHeuristic Greedy Best First Search,True,0.3,4832562.124210848
52690,0.70235,"15.0, 15.0","785.0, 785.0",Shared MultiHeuristic Greedy Best First Search,True,0.3,4682563.420283342
52690,0.71038,"15.0, 15.0","785.0, 785.0",Shared MultiHeuristic Greedy Best First Search,True,0.3,4855887.580648905
52690,0.71417,"15.0, 15.0","785.0, 785.0",Shared MultiHeuristic Greedy Best First Search,True,0.3,4729635.7243589405
52690,0.70972,"15.0, 15.0","785.0, 785.0",Shared MultiHeuristic Greedy Best First Search,True,0.3,5008136.681417082
52690,0.70271,"15.0, 15.0","785.0, 785.0",Shared MultiHeuristic Greedy Best First Search,True,0.3,4900203.4255243
52690,0.70565,"15.0, 15.0","785.0, 785.0",Shared MultiHeuristic Greedy Best First Search,True,0.3,4729697.215103962
52690,0.70678,"15.0, 15.0","785.0, 785.0",Shared MultiHeuristic Greedy Best First Search,True,0.3,4990252.734230257
52690,0.72669,"15.0, 15.0","785.0, 785.0",Shared MultiHeuristic Greedy Best First Search,True,0.3,4779723.81105262
52690,0.71319,"15.0, 15.0","785.0, 785.0",Shared MultiHeuristic Greedy Best First Search,True,0.3,4832228.42290964
52690,0.70264,"15.0, 15.0","785.0, 785.0",Shared MultiHeuristic Greedy Best First Search,True,0.3,4789046.632461616
52690,0.70721,"15.0, 15.0","785.0, 785.0",Shared MultiHeuristic Greedy Best First Search,True,0.3,4659955.503309199
52690,0.70393,"15.0, 15.0","785.0, 785.0",Shared MultiHeuristic Greedy Best First Search,True,0.3,4822931.232139093
52690,0.71144,"15.0, 15.0","785.0, 785.0",Shared MultiHeuristic Greedy Best First Search,True,0.3,4803967.553085886
52690,0.71792,"15.0, 15.0","785.0, 785.0",Shared MultiHeuristic Greedy Best First Search,True,0.3,4857249.216953019
52690,0.70698,"15.0, 15.0","785.0, 785.0",Shared MultiHeuristic Greedy Best First Search,True,0.3,4798480.464677408
52690,0.70664,"15.0, 15.0","785.0, 785.0",Shared MultiHeuristic Greedy Best First Search,True,0.3,4761064.695192533
52690,0.70565,"15.0, 15.0","785.0, 785.0",Shared MultiHeuristic Greedy Best First Search,True,0.3,4811788.297943726
52690,0.70264,"15.0, 15.0","785.0, 785.0",Shared MultiHeuristic Greedy Best First Search,True,0.3,4768317.282574041
52690,0.70935,"15.0, 15.0","785.0, 785.0",Shared MultiHeuristic Greedy Best First Search,True,0.3,4823274.886942659
52690,0.71065,"15.0, 15.0","785.0, 785.0",Shared MultiHeuristic Greedy Best First Search,True,0.3,4649296.324102102
52690,0.70413,"15.0, 15.0","785.0, 785.0",Shared MultiHeuristic Greedy Best First Search,True,0.3,4867614.808155263
52690,0.70549,"15.0, 15.0","785.0, 785.0",Shared MultiHeuristic Greedy Best First Search,True,0.3,4739214.67688301
52690,0.70391,"15.0, 15.0","785.0, 785.0",Shared MultiHeuristic Greedy Best First Search,True,0.3,4743799.017172893
52690,0.71166,"15.0, 15.0","785.0, 785.0",Shared MultiHeuristic Greedy Best First Search,True,0.3,4779235.5452788165
52690,0.71265,"15.0, 15.0","785.0, 785.0",Shared MultiHeuristic Greedy Best First Search,True,0.3,4789250.292846818
52690,0.73167,"15.0, 15.0","785.0, 785.0",Shared MultiHeuristic Greedy Best First Search,True,0.3,4985928.812970068
52690,0.70370,"15.0, 15.0","785.0, 785.0",Shared MultiHeuristic Greedy Best First Search,True,0.3,4813921.551972589
52690,0.72261,"15.0, 15.0","785.0, 785.0",Shared MultiHeuristic Greedy Best First Search,True,0.3,4807872.293446383
52690,0.71488,"15.0, 15.0","785.0, 785.0",Shared MultiHeuristic Greedy Best First Search,True,0.3,4760191.457696084
52690,0.70280,"15.0, 15.0","785.0, 785.0",Shared MultiHeuristic Greedy Best First Search,True,0.3,4592734.794314124
52690,0.73773,"15.0, 15.0","785.0, 785.0",Shared MultiHeuristic Greedy Best First Search,True,0.3,4877402.794342576
52690,0.71767,"15.0, 15.0","785.0, 785.0",Shared MultiHeuristic Greedy Best First Search,True,0.3,4798718.828520268
52690,0.70264,"15.0, 15.0","785.0, 785.0",Shared MultiHeuristic Greedy Best First Search,True,0.3,4701241.539676038
52690,0.70469,"15.0, 15.0","785.0, 785.0",Shared MultiHeuristic Greedy Best First Search,True,0.3,4732958.72289343
52690,0.70265,"15.0, 15.0","785.0, 785.0",Shared MultiHeuristic Greedy Best First Search,True,0.3,4783947.626575627
52690,0.71826,"15.0, 15.0","785.0, 785.0",Shared MultiHeuristic Greedy Best First Search,True,0.3,4871107.604035021
52690,0.70538,"15.0, 15.0","785.0, 785.0",Shared MultiHeuristic Greedy Best First Search,True,0.3,4866406.601992521
52690,0.70972,"15.0, 15.0","785.0, 785.0",Shared MultiHeuristic Greedy Best First Search,True,0.3,4805951.126661259
52690,0.70765,"15.0, 15.0","785.0, 785.0",Shared MultiHeuristic Greedy Best First Search,True,0.3,4765695.208550953
52690,0.70165,"15.0, 15.0","785.0, 785.0",Shared MultiHeuristic Greedy Best First Search,True,0.3,4774618.313883723
52690,0.70315,"15.0, 15.0","785.0, 785.0",Shared MultiHeuristic Greedy Best First Search,True,0.3,4796577.384648867
52690,0.71865,"15.0, 15.0","785.0, 785.0",Shared MultiHeuristic Greedy Best First Search,True,0.3,4790519.504278758
52690,0.70469,"15.0, 15.0","785.0, 785.0",Shared MultiHeuristic Greedy Best First Search,True,0.3,4875166.621045638
52690,0.70714,"15.0, 15.0","785.0, 785.0",Shared MultiHeuristic Greedy Best First Search,True,0.3,4797045.86110632
52690,0.70611,"15.0, 15.0","785.0, 785.0",Shared MultiHeuristic Greedy Best First Search,True,0.3,4771317.771859908
52690,0.70416,"15.0, 15.0","785.0, 785.0",Shared MultiHeuristic Greedy Best First Search,True,0.3,4901237.079178698
52690,0.70717,"15.0, 15.0","785.0, 785.0",Shared MultiHeuristic Greedy Best First Search,True,0.3,4853681.140386168
52690,0.71365,"15.0, 15.0","785.0, 785.0",Shared MultiHeuristic Greedy Best First Search,True,0.3,4959954.192969769
12086,0.73880,"15.0, 15.0","785.0, 785.0",Individual Greedy DTS,True,0.3,7171536.662461436
11304,0.71684,"15.0, 15.0","785.0, 785.0",Individual Greedy DTS,True,0.3,7095190.166598837
11304,0.70955,"15.0, 15.0","785.0, 785.0",Individual Greedy DTS,True,0.3,7204813.346599295
11304,0.71167,"15.0, 15.0","785.0, 785.0",Individual Greedy DTS,True,0.3,7007091.419314752
11304,0.71217,"15.0, 15.0","785.0, 785.0",Individual Greedy DTS,True,0.3,7123099.42936456
11304,0.71665,"15.0, 15.0","785.0, 785.0",Individual Greedy DTS,True,0.3,7150602.944305689
11304,0.70816,"15.0, 15.0","785.0, 785.0",Individual Greedy DTS,True,0.3,7152651.648265828
11304,0.70778,"15.0, 15.0","785.0, 785.0",Individual Greedy DTS,True,0.3,7227507.822171605
11304,0.70895,"15.0, 15.0","785.0, 785.0",Individual Greedy DTS,True,0.3,7079240.641488322
11304,0.70679,"15.0, 15.0","785.0, 785.0",Individual Greedy DTS,True,0.3,7161585.79364885
11304,0.72236,"15.0, 15.0","785.0, 785.0",Individual Greedy DTS,True,0.3,7237960.462286363
11304,0.71277,"15.0, 15.0","785.0, 785.0",Individual Greedy DTS,True,0.3,7102338.244368091
11304,0.70968,"15.0, 15.0","785.0, 785.0",Individual Greedy DTS,True,0.3,7267172.171499079
11304,0.71565,"15.0, 15.0","785.0, 785.0",Individual Greedy DTS,True,0.3,7097203.886919813
11304,0.71688,"15.0, 15.0","785.0, 785.0",Individual Greedy DTS,True,0.3,7071057.313741792
11304,0.71814,"15.0, 15.0","785.0, 785.0",Individual Greedy DTS,True,0.3,7199780.495254358
11304,0.73019,"15.0, 15.0","785.0, 785.0",Individual Greedy DTS,True,0.3,7023697.678092786
11304,0.71064,"15.0, 15.0","785.0, 785.0",Individual Greedy DTS,True,0.3,6980524.094212013
11304,0.71317,"15.0, 15.0","785.0, 785.0",Individual Greedy DTS,True,0.3,7091054.147318503
11304,0.70865,"15.0, 15.0","785.0, 785.0",Individual Greedy DTS,True,0.3,6867971.335317141
11304,0.71568,"15.0, 15.0","785.0, 785.0",Individual Greedy DTS,True,0.3,7090172.43262288
11304,0.72665,"15.0, 15.0","785.0, 785.0",Individual Greedy DTS,True,0.3,7075458.622100034
11304,0.70591,"15.0, 15.0","785.0, 785.0",Individual Greedy DTS,True,0.3,7184218.943380673
11304,0.70693,"15.0, 15.0","785.0, 785.0",Individual Greedy DTS,True,0.3,7117366.58624928
11304,0.71375,"15.0, 15.0","785.0, 785.0",Individual Greedy DTS,True,0.3,7108356.464698031
11304,0.70561,"15.0, 15.0","785.0, 785.0",Individual Greedy DTS,True,0.3,6871450.809943422
11304,0.70817,"15.0, 15.0","785.0, 785.0",Individual Greedy DTS,True,0.3,6862012.200234358
11304,0.71691,"15.0, 15.0","785.0, 785.0",Individual Greedy DTS,True,0.3,7141777.207754771
11304,0.70917,"15.0, 15.0","785.0, 785.0",Individual Greedy DTS,True,0.3,7166721.780352467
11304,0.72466,"15.0, 15.0","785.0, 785.0",Individual Greedy DTS,True,0.3,7133228.798282849
11304,0.72066,"15.0, 15.0","785.0, 785.0",Individual Greedy DTS,True,0.3,7189922.194242723
11304,0.72974,"15.0, 15.0","785.0, 785.0",Individual Greedy DTS,True,0.3,7034811.430310438
11304,0.73591,"15.0, 15.0","785.0, 785.0",Individual Greedy DTS,True,0.3,7119889.864049404
11304,0.73124,"15.0, 15.0","785.0, 785.0",Individual Greedy DTS,True,0.3,7194526.045147279
11304,0.72601,"15.0, 15.0","785.0, 785.0",Individual Greedy DTS,True,0.3,7111915.56065269
11304,0.71665,"15.0, 15.0","785.0, 785.0",Individual Greedy DTS,True,0.3,7156333.211730714
11304,0.71916,"15.0, 15.0","785.0, 785.0",Individual Greedy DTS,True,0.3,7113285.299262678
11304,0.72017,"15.0, 15.0","785.0, 785.0",Individual Greedy DTS,True,0.3,7210585.42326769
11304,0.71418,"15.0, 15.0","785.0, 785.0",Individual Greedy DTS,True,0.3,7173567.046331035
11304,0.71065,"15.0, 15.0","785.0, 785.0",Individual Greedy DTS,True,0.3,7163997.215698765
11304,0.71068,"15.0, 15.0","785.0, 785.0",Individual Greedy DTS,True,0.3,7211659.338597331
11304,0.71306,"15.0, 15.0","785.0, 785.0",Individual Greedy DTS,True,0.3,7029477.900818458
11304,0.71576,"15.0, 15.0","785.0, 785.0",Individual Greedy DTS,True,0.3,7072793.931751921
11304,0.71970,"15.0, 15.0","785.0, 785.0",Individual Greedy DTS,True,0.3,7207538.28494779
11304,0.70964,"15.0, 15.0","785.0, 785.0",Individual Greedy DTS,True,0.3,7315839.335830191
11304,0.70926,"15.0, 15.0","785.0, 785.0",Individual Greedy DTS,True,0.3,7254243.739602148
11304,0.71265,"15.0, 15.0","785.0, 785.0",Individual Greedy DTS,True,0.3,7375618.379930417
11304,0.70744,"15.0, 15.0","785.0, 785.0",Individual Greedy DTS,True,0.3,7365238.216934429
11304,0.72048,"15.0, 15.0","785.0, 785.0",Individual Greedy DTS,True,0.3,7107241.158038832
11304,0.71168,"15.0, 15.0","785.0, 785.0",Individual Greedy DTS,True,0.3,7130466.265347024
11304,0.70964,"15.0, 15.0","785.0, 785.0",Individual Greedy DTS,True,0.3,6988857.735943796
11304,0.70894,"15.0, 15.0","785.0, 785.0",Individual Greedy DTS,True,0.3,7182191.830290162
11304,0.70841,"15.0, 15.0","785.0, 785.0",Individual Greedy DTS,True,0.3,7208055.211128743
11304,0.71159,"15.0, 15.0","785.0, 785.0",Individual Greedy DTS,True,0.3,7103413.828734186
11304,0.71018,"15.0, 15.0","785.0, 785.0",Individual Greedy DTS,True,0.3,7210415.771127463
11304,0.71165,"15.0, 15.0","785.0, 785.0",Individual Greedy DTS,True,0.3,7266893.825250892
11304,0.71217,"15.0, 15.0","785.0, 785.0",Individual Greedy DTS,True,0.3,6916269.704375728
11304,0.72667,"15.0, 15.0","785.0, 785.0",Individual Greedy DTS,True,0.3,7128520.78945337
11304,0.71415,"15.0, 15.0","785.0, 785.0",Individual Greedy DTS,True,0.3,7090778.5940260235
11304,0.72527,"15.0, 15.0","785.0, 785.0",Individual Greedy DTS,True,0.3,7345905.842155852
11304,0.71617,"15.0, 15.0","785.0, 785.0",Individual Greedy DTS,True,0.3,7293959.05359212
11304,0.71582,"15.0, 15.0","785.0, 785.0",Individual Greedy DTS,True,0.3,7086498.352085577
11304,0.71118,"15.0, 15.0","785.0, 785.0",Individual Greedy DTS,True,0.3,7083866.925934153
11304,0.71518,"15.0, 15.0","785.0, 785.0",Individual Greedy DTS,True,0.3,7138956.63348372
11304,0.72217,"15.0, 15.0","785.0, 785.0",Individual Greedy DTS,True,0.3,7190527.178034959
11304,0.70969,"15.0, 15.0","785.0, 785.0",Individual Greedy DTS,True,0.3,7316614.843848865
11304,0.70816,"15.0, 15.0","785.0, 785.0",Individual Greedy DTS,True,0.3,7134881.335151286
11304,0.70736,"15.0, 15.0","785.0, 785.0",Individual Greedy DTS,True,0.3,7084074.46547536
11304,0.71101,"15.0, 15.0","785.0, 785.0",Individual Greedy DTS,True,0.3,7051159.088898209
11304,0.72778,"15.0, 15.0","785.0, 785.0",Individual Greedy DTS,True,0.3,7123300.739437331
11304,0.70864,"15.0, 15.0","785.0, 785.0",Individual Greedy DTS,True,0.3,7233417.099454568
11304,0.71170,"15.0, 15.0","785.0, 785.0",Individual Greedy DTS,True,0.3,7097080.068902586
11304,0.70865,"15.0, 15.0","785.0, 785.0",Individual Greedy DTS,True,0.3,7204638.464769686
11304,0.70864,"15.0, 15.0","785.0, 785.0",Individual Greedy DTS,True,0.3,7294678.733623155
11304,0.70964,"15.0, 15.0","785.0, 785.0",Individual Greedy DTS,True,0.3,7212857.3162418315
11304,0.72065,"15.0, 15.0","785.0, 785.0",Individual Greedy DTS,True,0.3,7205738.880487194
11304,0.70819,"15.0, 15.0","785.0, 785.0",Individual Greedy DTS,True,0.3,7185979.643687302
11304,0.71256,"15.0, 15.0","785.0, 785.0",Individual Greedy DTS,True,0.3,7046019.68618799
11304,0.71588,"15.0, 15.0","785.0, 785.0",Individual Greedy DTS,True,0.3,7157501.155411
11304,0.72081,"15.0, 15.0","785.0, 785.0",Individual Greedy DTS,True,0.3,7047482.797544662
11304,0.74417,"15.0, 15.0","785.0, 785.0",Individual Greedy DTS,True,0.3,7084829.170210208
11304,0.71317,"15.0, 15.0","785.0, 785.0",Individual Greedy DTS,True,0.3,7286232.925149776
11304,0.70665,"15.0, 15.0","785.0, 785.0",Individual Greedy DTS,True,0.3,7163856.331367716
11304,0.70818,"15.0, 15.0","785.0, 785.0",Individual Greedy DTS,True,0.3,7227351.323285866
11304,0.71215,"15.0, 15.0","785.0, 785.0",Individual Greedy DTS,True,0.3,7071260.715066056
11304,0.72462,"15.0, 15.0","785.0, 785.0",Individual Greedy DTS,True,0.3,7218605.2958690785
11304,0.70665,"15.0, 15.0","785.0, 785.0",Individual Greedy DTS,True,0.3,7228593.303803176
11304,0.71098,"15.0, 15.0","785.0, 785.0",Individual Greedy DTS,True,0.3,7328080.261544034
11304,0.70511,"15.0, 15.0","785.0, 785.0",Individual Greedy DTS,True,0.3,7126541.187431185
11304,0.70899,"15.0, 15.0","785.0, 785.0",Individual Greedy DTS,True,0.3,7269370.085640197
11304,0.70965,"15.0, 15.0","785.0, 785.0",Individual Greedy DTS,True,0.3,7196614.520264432
11304,0.71965,"15.0, 15.0","785.0, 785.0",Individual Greedy DTS,True,0.3,7148308.911057416
11304,0.71417,"15.0, 15.0","785.0, 785.0",Individual Greedy DTS,True,0.3,7144662.071232297
11304,0.70965,"15.0, 15.0","785.0, 785.0",Individual Greedy DTS,True,0.3,7095706.909459949
11304,0.70475,"15.0, 15.0","785.0, 785.0",Individual Greedy DTS,True,0.3,7187434.4566556085
11304,0.70857,"15.0, 15.0","785.0, 785.0",Individual Greedy DTS,True,0.3,7141993.188059541
11304,0.72336,"15.0, 15.0","785.0, 785.0",Individual Greedy DTS,True,0.3,7194224.595148872
11304,0.70664,"15.0, 15.0","785.0, 785.0",Individual Greedy DTS,True,0.3,7223011.900176917
11304,0.70995,"15.0, 15.0","785.0, 785.0",Individual Greedy DTS,True,0.3,7142219.347288225
11304,0.71065,"15.0, 15.0","785.0, 785.0",Individual Greedy DTS,True,0.3,7211503.568583705
15138,1.12038,"15.0, 15.0","785.0, 785.0",Individual A* DTS,True,0.3,4369098.082888932
15119,1.12353,"15.0, 15.0","785.0, 785.0",Individual A* DTS,True,0.3,3534063.0120341433
15112,1.12054,"15.0, 15.0","785.0, 785.0",Individual A* DTS,True,0.3,3901615.3182051606
15122,1.11543,"15.0, 15.0","785.0, 785.0",Individual A* DTS,True,0.3,3850650.2967968835
15120,1.11504,"15.0, 15.0","785.0, 785.0",Individual A* DTS,True,0.3,4067528.742958566
15123,1.11201,"15.0, 15.0","785.0, 785.0",Individual A* DTS,True,0.3,3919944.521949239
15124,1.11546,"15.0, 15.0","785.0, 785.0",Individual A* DTS,True,0.3,3685713.0532162725
15130,1.11633,"15.0, 15.0","785.0, 785.0",Individual A* DTS,True,0.3,4331187.055928647
15126,1.11101,"15.0, 15.0","785.0, 785.0",Individual A* DTS,True,0.3,4044521.9784801994
15122,1.13103,"15.0, 15.0","785.0, 785.0",Individual A* DTS,True,0.3,4164457.788126336
15119,1.11706,"15.0, 15.0","785.0, 785.0",Individual A* DTS,True,0.3,4147808.5752384462
15118,1.12057,"15.0, 15.0","785.0, 785.0",Individual A* DTS,True,0.3,4378941.393925391
15131,1.12203,"15.0, 15.0","785.0, 785.0",Individual A* DTS,True,0.3,4174488.474764212
15128,1.12731,"15.0, 15.0","785.0, 785.0",Individual A* DTS,True,0.3,4003865.5627133115
15114,1.12110,"15.0, 15.0","785.0, 785.0",Individual A* DTS,True,0.3,4404481.001458374
15125,1.12254,"15.0, 15.0","785.0, 785.0",Individual A* DTS,True,0.3,4045404.945248352
15111,1.12453,"15.0, 15.0","785.0, 785.0",Individual A* DTS,True,0.3,3538310.105844466
15119,1.11301,"15.0, 15.0","785.0, 785.0",Individual A* DTS,True,0.3,4181434.8218729855
15132,1.11501,"15.0, 15.0","785.0, 785.0",Individual A* DTS,True,0.3,3977732.266781098
15121,1.11254,"15.0, 15.0","785.0, 785.0",Individual A* DTS,True,0.3,4031517.907080229
15125,1.11747,"15.0, 15.0","785.0, 785.0",Individual A* DTS,True,0.3,4229774.227394675
15124,1.11702,"15.0, 15.0","785.0, 785.0",Individual A* DTS,True,0.3,4011693.3346999716
15129,1.11563,"15.0, 15.0","785.0, 785.0",Individual A* DTS,True,0.3,4167609.2610642887
15122,1.12502,"15.0, 15.0","785.0, 785.0",Individual A* DTS,True,0.3,3869294.0494442275
15121,1.11401,"15.0, 15.0","785.0, 785.0",Individual A* DTS,True,0.3,3966732.510042899
15134,1.12903,"15.0, 15.0","785.0, 785.0",Individual A* DTS,True,0.3,4096181.69065403
15132,1.12802,"15.0, 15.0","785.0, 785.0",Individual A* DTS,True,0.3,3796702.6636672686
15124,1.13109,"15.0, 15.0","785.0, 785.0",Individual A* DTS,True,0.3,3834186.1828422947
15122,1.12425,"15.0, 15.0","785.0, 785.0",Individual A* DTS,True,0.3,4053506.0692133806
15111,1.12091,"15.0, 15.0","785.0, 785.0",Individual A* DTS,True,0.3,4398246.873001479
15121,1.13123,"15.0, 15.0","785.0, 785.0",Individual A* DTS,True,0.3,4011661.2739204145
15122,1.12002,"15.0, 15.0","785.0, 785.0",Individual A* DTS,True,0.3,4388423.019140031
15123,1.11152,"15.0, 15.0","785.0, 785.0",Individual A* DTS,True,0.3,4291760.1414618455
15117,1.11157,"15.0, 15.0","785.0, 785.0",Individual A* DTS,True,0.3,3693307.2511463705
15127,1.11702,"15.0, 15.0","785.0, 785.0",Individual A* DTS,True,0.3,4237528.917066283
15116,1.11508,"15.0, 15.0","785.0, 785.0",Individual A* DTS,True,0.3,4144668.8192751687
15125,1.11525,"15.0, 15.0","785.0, 785.0",Individual A* DTS,True,0.3,3995407.185657445
15114,1.11786,"15.0, 15.0","785.0, 785.0",Individual A* DTS,True,0.3,4181403.5508075105
15129,1.10651,"15.0, 15.0","785.0, 785.0",Individual A* DTS,True,0.3,4141573.9807003182
15121,1.12352,"15.0, 15.0","785.0, 785.0",Individual A* DTS,True,0.3,4093631.4126884155
15115,1.11902,"15.0, 15.0","785.0, 785.0",Individual A* DTS,True,0.3,4139854.375948016
15123,1.13078,"15.0, 15.0","785.0, 785.0",Individual A* DTS,True,0.3,3674835.1196803576
15120,1.12152,"15.0, 15.0","785.0, 785.0",Individual A* DTS,True,0.3,4187340.7590919617
15126,1.11868,"15.0, 15.0","785.0, 785.0",Individual A* DTS,True,0.3,3930126.408208598
15118,1.13904,"15.0, 15.0","785.0, 785.0",Individual A* DTS,True,0.3,4257279.902448433
15122,1.15505,"15.0, 15.0","785.0, 785.0",Individual A* DTS,True,0.3,4028056.838206169
15123,1.13003,"15.0, 15.0","785.0, 785.0",Individual A* DTS,True,0.3,4017257.730345174
15118,1.13303,"15.0, 15.0","785.0, 785.0",Individual A* DTS,True,0.3,4049734.229995656
15107,1.13931,"15.0, 15.0","785.0, 785.0",Individual A* DTS,True,0.3,4086712.665996825
15109,1.10985,"15.0, 15.0","785.0, 785.0",Individual A* DTS,True,0.3,4086837.995501187
15125,1.11010,"15.0, 15.0","785.0, 785.0",Individual A* DTS,True,0.3,3723182.5902442983
15128,1.11401,"15.0, 15.0","785.0, 785.0",Individual A* DTS,True,0.3,3943725.458094157
15119,1.11104,"15.0, 15.0","785.0, 785.0",Individual A* DTS,True,0.3,4053688.6418854645
15119,1.12202,"15.0, 15.0","785.0, 785.0",Individual A* DTS,True,0.3,4148379.46429585
15123,1.12753,"15.0, 15.0","785.0, 785.0",Individual A* DTS,True,0.3,4335763.4347207295
15133,1.14421,"15.0, 15.0","785.0, 785.0",Individual A* DTS,True,0.3,4333945.344550462
15129,1.12812,"15.0, 15.0","785.0, 785.0",Individual A* DTS,True,0.3,4649934.473728638
15132,1.12102,"15.0, 15.0","785.0, 785.0",Individual A* DTS,True,0.3,4462377.551760979
15117,1.11902,"15.0, 15.0","785.0, 785.0",Individual A* DTS,True,0.3,4259993.978114628
15117,1.11903,"15.0, 15.0","785.0, 785.0",Individual A* DTS,True,0.3,3851127.740031816
15124,1.11654,"15.0, 15.0","785.0, 785.0",Individual A* DTS,True,0.3,3975416.0646751365
15121,1.11028,"15.0, 15.0","785.0, 785.0",Individual A* DTS,True,0.3,3744808.791477163
15129,1.12535,"15.0, 15.0","785.0, 785.0",Individual A* DTS,True,0.3,3876000.94793812
15116,1.11432,"15.0, 15.0","785.0, 785.0",Individual A* DTS,True,0.3,3819995.986989406
15123,1.11528,"15.0, 15.0","785.0, 785.0",Individual A* DTS,True,0.3,4134340.665482942
15125,1.11701,"15.0, 15.0","785.0, 785.0",Individual A* DTS,True,0.3,4022813.051652291
15120,1.11154,"15.0, 15.0","785.0, 785.0",Individual A* DTS,True,0.3,4194696.681593586
15132,1.12306,"15.0, 15.0","785.0, 785.0",Individual A* DTS,True,0.3,4338138.170526948
15130,1.12502,"15.0, 15.0","785.0, 785.0",Individual A* DTS,True,0.3,4369714.749089044
15115,1.13273,"15.0, 15.0","785.0, 785.0",Individual A* DTS,True,0.3,4106276.1127538085
15130,1.13156,"15.0, 15.0","785.0, 785.0",Individual A* DTS,True,0.3,4000885.1217001397
15125,1.11784,"15.0, 15.0","785.0, 785.0",Individual A* DTS,True,0.3,4142905.6407232955
15130,1.12502,"15.0, 15.0","785.0, 785.0",Individual A* DTS,True,0.3,4381753.834970515
15125,1.11792,"15.0, 15.0","785.0, 785.0",Individual A* DTS,True,0.3,4679029.147094352
15116,1.12052,"15.0, 15.0","785.0, 785.0",Individual A* DTS,True,0.3,4067094.7699453016
15118,1.11401,"15.0, 15.0","785.0, 785.0",Individual A* DTS,True,0.3,4198954.254348221
15128,1.12547,"15.0, 15.0","785.0, 785.0",Individual A* DTS,True,0.3,4001663.222472381
15118,1.11352,"15.0, 15.0","785.0, 785.0",Individual A* DTS,True,0.3,4758871.301702263
15122,1.11203,"15.0, 15.0","785.0, 785.0",Individual A* DTS,True,0.3,3937912.450480816
15128,1.12016,"15.0, 15.0","785.0, 785.0",Individual A* DTS,True,0.3,3941082.1413696622
15120,1.11273,"15.0, 15.0","785.0, 785.0",Individual A* DTS,True,0.3,3914263.6209335644
15123,1.11981,"15.0, 15.0","785.0, 785.0",Individual A* DTS,True,0.3,4525505.374673006
15096,1.11752,"15.0, 15.0","785.0, 785.0",Individual A* DTS,True,0.3,4117273.9866930293
15121,1.13954,"15.0, 15.0","785.0, 785.0",Individual A* DTS,True,0.3,3993009.2831955473
15124,1.13353,"15.0, 15.0","785.0, 785.0",Individual A* DTS,True,0.3,3877709.3189655445
15121,1.12032,"15.0, 15.0","785.0, 785.0",Individual A* DTS,True,0.3,4028506.411673666
15124,1.13181,"15.0, 15.0","785.0, 785.0",Individual A* DTS,True,0.3,3914584.138498664
15132,1.12595,"15.0, 15.0","785.0, 785.0",Individual A* DTS,True,0.3,3957660.454781625
15117,1.11722,"15.0, 15.0","785.0, 785.0",Individual A* DTS,True,0.3,4313472.8568840055
15118,1.12102,"15.0, 15.0","785.0, 785.0",Individual A* DTS,True,0.3,4003282.674973239
15127,1.11301,"15.0, 15.0","785.0, 785.0",Individual A* DTS,True,0.3,4060745.941767504
15130,1.11934,"15.0, 15.0","785.0, 785.0",Individual A* DTS,True,0.3,4150069.3313988806
15123,1.11688,"15.0, 15.0","785.0, 785.0",Individual A* DTS,True,0.3,4139438.467363315
15134,1.11453,"15.0, 15.0","785.0, 785.0",Individual A* DTS,True,0.3,4466874.674738909
15126,1.11491,"15.0, 15.0","785.0, 785.0",Individual A* DTS,True,0.3,3729976.196980905
15127,1.13252,"15.0, 15.0","785.0, 785.0",Individual A* DTS,True,0.3,3926878.487390967
15130,1.14404,"15.0, 15.0","785.0, 785.0",Individual A* DTS,True,0.3,3885237.5324341278
15127,1.12953,"15.0, 15.0","785.0, 785.0",Individual A* DTS,True,0.3,4550016.643000099
15121,1.11636,"15.0, 15.0","785.0, 785.0",Individual A* DTS,True,0.3,4232954.58162861
15123,1.13010,"15.0, 15.0","785.0, 785.0",Individual A* DTS,True,0.3,4223021.24989868
15051,1.14355,"15.0, 15.0","785.0, 785.0",EISMHA,True,0.0,3319521.943551446
15051,1.13854,"15.0, 15.0","785.0, 785.0",EISMHA,True,0.0,3319348.588745699
15050,1.12807,"15.0, 15.0","785.0, 785.0",EISMHA,True,0.0,3292341.428185425
15050,1.13395,"15.0, 15.0","785.0, 785.0",EISMHA,True,0.0,3318874.1793661765
15051,1.14981,"15.0, 15.0","785.0, 785.0",EISMHA,True,0.0,3320063.952395304
15042,1.14655,"15.0, 15.0","785.0, 785.0",EISMHA,True,0.0,3364031.391227969
15050,1.14305,"15.0, 15.0","785.0, 785.0",EISMHA,True,0.0,3346960.789090898
15050,1.13953,"15.0, 15.0","785.0, 785.0",EISMHA,True,0.0,3271755.93640397
15048,1.13905,"15.0, 15.0","785.0, 785.0",EISMHA,True,0.0,3302849.6545049916
15051,1.14146,"15.0, 15.0","785.0, 785.0",EISMHA,True,0.0,3278921.9440173805
15050,1.14394,"15.0, 15.0","785.0, 785.0",EISMHA,True,0.0,3361578.4033567035
15045,1.13155,"15.0, 15.0","785.0, 785.0",EISMHA,True,0.0,3335048.363380627
15050,1.13507,"15.0, 15.0","785.0, 785.0",EISMHA,True,0.0,3276673.2214173134
15051,1.13322,"15.0, 15.0","785.0, 785.0",EISMHA,True,0.0,3288986.688748667
15051,1.13503,"15.0, 15.0","785.0, 785.0",EISMHA,True,0.0,3337472.7257394027
15051,1.13496,"15.0, 15.0","785.0, 785.0",EISMHA,True,0.0,3343885.923643278
15050,1.13180,"15.0, 15.0","785.0, 785.0",EISMHA,True,0.0,3291640.569578879
15050,1.15905,"15.0, 15.0","785.0, 785.0",EISMHA,True,0.0,3297072.429701848
15056,1.16206,"15.0, 15.0","785.0, 785.0",EISMHA,True,0.0,3321045.9452593443
15050,1.16606,"15.0, 15.0","785.0, 785.0",EISMHA,True,0.0,3288787.8045687703
15051,1.14455,"15.0, 15.0","785.0, 785.0",EISMHA,True,0.0,3339755.6451131045
15050,1.14737,"15.0, 15.0","785.0, 785.0",EISMHA,True,0.0,3270615.1437088344
15056,1.13925,"15.0, 15.0","785.0, 785.0",EISMHA,True,0.0,3333163.7189406985
15048,1.14604,"15.0, 15.0","785.0, 785.0",EISMHA,True,0.0,3315348.84134212
15050,1.14054,"15.0, 15.0","785.0, 785.0",EISMHA,True,0.0,3289825.785039421
15050,1.12956,"15.0, 15.0","785.0, 785.0",EISMHA,True,0.0,3315633.3099583974
15045,1.13463,"15.0, 15.0","785.0, 785.0",EISMHA,True,0.0,3330221.6909887185
15050,1.13253,"15.0, 15.0","785.0, 785.0",EISMHA,True,0.0,3340954.7791760797
15050,1.12956,"15.0, 15.0","785.0, 785.0",EISMHA,True,0.0,3377780.890693247
15051,1.13191,"15.0, 15.0","785.0, 785.0",EISMHA,True,0.0,3357063.0711786873
15057,1.13556,"15.0, 15.0","785.0, 785.0",EISMHA,True,0.0,3398092.679195428
15051,1.12903,"15.0, 15.0","785.0, 785.0",EISMHA,True,0.0,3322823.1548726587
15050,1.14204,"15.0, 15.0","785.0, 785.0",EISMHA,True,0.0,3363706.903056192
15057,1.14355,"15.0, 15.0","785.0, 785.0",EISMHA,True,0.0,3304220.095027955
15050,1.14755,"15.0, 15.0","785.0, 785.0",EISMHA,True,0.0,3359343.7185848537
15051,1.15005,"15.0, 15.0","785.0, 785.0",EISMHA,True,0.0,3317047.0284166145
15050,1.13957,"15.0, 15.0","785.0, 785.0",EISMHA,True,0.0,3372458.6572334985
15051,1.13783,"15.0, 15.0","785.0, 785.0",EISMHA,True,0.0,3379865.5454866253
15050,1.14112,"15.0, 15.0","785.0, 785.0",EISMHA,True,0.0,3282101.9967564694
15051,1.13693,"15.0, 15.0","785.0, 785.0",EISMHA,True,0.0,3262366.4397962014
15050,1.13010,"15.0, 15.0","785.0, 785.0",EISMHA,True,0.0,3345308.326678992
15050,1.13452,"15.0, 15.0","785.0, 785.0",EISMHA,True,0.0,3385512.7850332935
15050,1.13453,"15.0, 15.0","785.0, 785.0",EISMHA,True,0.0,3324165.171873974
15045,1.13612,"15.0, 15.0","785.0, 785.0",EISMHA,True,0.0,3308924.032782725
15050,1.13358,"15.0, 15.0","785.0, 785.0",EISMHA,True,0.0,3384547.300542335
15045,1.13503,"15.0, 15.0","785.0, 785.0",EISMHA,True,0.0,3345165.7000435377
15051,1.14354,"15.0, 15.0","785.0, 785.0",EISMHA,True,0.0,3260513.0710849254
15056,1.14452,"15.0, 15.0","785.0, 785.0",EISMHA,True,0.0,3355030.698991327
15051,1.14545,"15.0, 15.0","785.0, 785.0",EISMHA,True,0.0,3304582.645497889
15056,1.14419,"15.0, 15.0","785.0, 785.0",EISMHA,True,0.0,3319649.104239463
15051,1.17307,"15.0, 15.0","785.0, 785.0",EISMHA,True,0.0,3277538.5239905766
15051,1.15437,"15.0, 15.0","785.0, 785.0",EISMHA,True,0.0,3288170.3661821503
15050,1.15742,"15.0, 15.0","785.0, 785.0",EISMHA,True,0.0,3365380.9983851127
15050,1.15861,"15.0, 15.0","785.0, 785.0",EISMHA,True,0.0,3337816.8405367862
15045,1.13807,"15.0, 15.0","785.0, 785.0",EISMHA,True,0.0,3313318.314372763
15050,1.13444,"15.0, 15.0","785.0, 785.0",EISMHA,True,0.0,3345150.3519335683
15050,1.13504,"15.0, 15.0","785.0, 785.0",EISMHA,True,0.0,3314250.555913741
15042,1.13153,"15.0, 15.0","785.0, 785.0",EISMHA,True,0.0,3326812.6811719877
15050,1.13003,"15.0, 15.0","785.0, 785.0",EISMHA,True,0.0,3332325.838879483
15050,1.13503,"15.0, 15.0","785.0, 785.0",EISMHA,True,0.0,3375695.8104521963
15042,1.13548,"15.0, 15.0","785.0, 785.0",EISMHA,True,0.0,3372748.2853034004
15048,1.14754,"15.0, 15.0","785.0, 785.0",EISMHA,True,0.0,3319001.887862422
15050,1.11460,"15.0, 15.0","785.0, 785.0",EISMHA,True,0.0,3329596.2068315246
15050,1.11734,"15.0, 15.0","785.0, 785.0",EISMHA,True,0.0,3353229.037198522
15050,1.11690,"15.0, 15.0","785.0, 785.0",EISMHA,True,0.0,3265513.116554808
15057,1.11365,"15.0, 15.0","785.0, 785.0",EISMHA,True,0.0,3264738.8221309753
15050,1.11053,"15.0, 15.0","785.0, 785.0",EISMHA,True,0.0,3259371.6977863116
15050,1.11807,"15.0, 15.0","785.0, 785.0",EISMHA,True,0.0,3289095.780611565
15057,1.12899,"15.0, 15.0","785.0, 785.0",EISMHA,True,0.0,3326284.2344649583
15045,1.12105,"15.0, 15.0","785.0, 785.0",EISMHA,True,0.0,3356762.4821082545
15050,1.10947,"15.0, 15.0","785.0, 785.0",EISMHA,True,0.0,3416088.5205950527
15050,1.11003,"15.0, 15.0","785.0, 785.0",EISMHA,True,0.0,3308423.725177678
15050,1.10801,"15.0, 15.0","785.0, 785.0",EISMHA,True,0.0,3344218.896998552
15048,1.11853,"15.0, 15.0","785.0, 785.0",EISMHA,True,0.0,3327038.235060894
15050,1.12112,"15.0, 15.0","785.0, 785.0",EISMHA,True,0.0,3300124.5242156927
15050,1.12978,"15.0, 15.0","785.0, 785.0",EISMHA,True,0.0,3296637.9740287303
15067,1.12095,"15.0, 15.0","785.0, 785.0",EISMHA,True,0.0,3314218.3035768247
15050,1.11152,"15.0, 15.0","785.0, 785.0",EISMHA,True,0.0,3311315.7788426606
15050,1.11742,"15.0, 15.0","785.0, 785.0",EISMHA,True,0.0,3321544.3993836576
15050,1.12010,"15.0, 15.0","785.0, 785.0",EISMHA,True,0.0,3312519.029902193
15048,1.11599,"15.0, 15.0","785.0, 785.0",EISMHA,True,0.0,3396694.7319920273
15050,1.11339,"15.0, 15.0","785.0, 785.0",EISMHA,True,0.0,3337341.1183727505
15051,1.11772,"15.0, 15.0","785.0, 785.0",EISMHA,True,0.0,3322730.685128364
15057,1.11003,"15.0, 15.0","785.0, 785.0",EISMHA,True,0.0,3305840.06712631
15050,1.11010,"15.0, 15.0","785.0, 785.0",EISMHA,True,0.0,3355144.8890529578
15057,1.11802,"15.0, 15.0","785.0, 785.0",EISMHA,True,0.0,3331740.4895987813
15050,1.11252,"15.0, 15.0","785.0, 785.0",EISMHA,True,0.0,3283407.4300365606
15051,1.11354,"15.0, 15.0","785.0, 785.0",EISMHA,True,0.0,3316731.5010691783
15050,1.11984,"15.0, 15.0","785.0, 785.0",EISMHA,True,0.0,3272276.1203311333
15051,1.11918,"15.0, 15.0","785.0, 785.0",EISMHA,True,0.0,3307676.015928719
15051,1.10954,"15.0, 15.0","785.0, 785.0",EISMHA,True,0.0,3342254.6948875086
15050,1.12154,"15.0, 15.0","785.0, 785.0",EISMHA,True,0.0,3310197.7952551465
15050,1.11293,"15.0, 15.0","785.0, 785.0",EISMHA,True,0.0,3351897.4386793687
15048,1.11321,"15.0, 15.0","785.0, 785.0",EISMHA,True,0.0,3349125.139170093
15050,1.10883,"15.0, 15.0","785.0, 785.0",EISMHA,True,0.0,3357342.0095591596
15045,1.11956,"15.0, 15.0","785.0, 785.0",EISMHA,True,0.0,3336531.4261316936
15050,1.12256,"15.0, 15.0","785.0, 785.0",EISMHA,True,0.0,3371188.058478242
15051,1.11394,"15.0, 15.0","785.0, 785.0",EISMHA,True,0.0,3308536.7155429306
15050,1.11240,"15.0, 15.0","785.0, 785.0",EISMHA,True,0.0,3357706.266885655
15051,1.10896,"15.0, 15.0","785.0, 785.0",EISMHA,True,0.0,3283050.5723544294
15050,1.15257,"15.0, 15.0","785.0, 785.0",EISMHA,True,0.25,3603309.421119119
15051,1.15068,"15.0, 15.0","785.0, 785.0",EISMHA,True,0.25,3533434.579845465
15043,1.14955,"15.0, 15.0","785.0, 785.0",EISMHA,True,0.25,3469964.491174304
15045,1.15004,"15.0, 15.0","785.0, 785.0",EISMHA,True,0.25,3478883.4729527687
15035,1.14755,"15.0, 15.0","785.0, 785.0",EISMHA,True,0.25,3428144.1057428727
15063,1.15717,"15.0, 15.0","785.0, 785.0",EISMHA,True,0.25,3502699.713444112
15036,1.15199,"15.0, 15.0","785.0, 785.0",EISMHA,True,0.25,3394420.8510318478
15050,1.14710,"15.0, 15.0","785.0, 785.0",EISMHA,True,0.25,3569590.316049762
15048,1.15159,"15.0, 15.0","785.0, 785.0",EISMHA,True,0.25,3512067.280984894
15050,1.15057,"15.0, 15.0","785.0, 785.0",EISMHA,True,0.25,3472520.3657222954
15046,1.14904,"15.0, 15.0","785.0, 785.0",EISMHA,True,0.25,3475486.8592983615
15049,1.14955,"15.0, 15.0","785.0, 785.0",EISMHA,True,0.25,3465736.8874812163
15045,1.15710,"15.0, 15.0","785.0, 785.0",EISMHA,True,0.25,3476615.991223662
15048,1.14811,"15.0, 15.0","785.0, 785.0",EISMHA,True,0.25,3453516.2747386224
15050,1.14715,"15.0, 15.0","785.0, 785.0",EISMHA,True,0.25,3526711.567927805
15050,1.15305,"15.0, 15.0","785.0, 785.0",EISMHA,True,0.25,3377602.237224465
15044,1.14804,"15.0, 15.0","785.0, 785.0",EISMHA,True,0.25,3403213.3182841283
15049,1.15107,"15.0, 15.0","785.0, 785.0",EISMHA,True,0.25,3483316.5085331034
15045,1.15158,"15.0, 15.0","785.0, 785.0",EISMHA,True,0.25,3381345.043201838
15044,1.15255,"15.0, 15.0","785.0, 785.0",EISMHA,True,0.25,3350323.9547785134
15051,1.15355,"15.0, 15.0","785.0, 785.0",EISMHA,True,0.25,3414289.663787527
15045,1.14955,"15.0, 15.0","785.0, 785.0",EISMHA,True,0.25,3492726.41030647
15048,1.15072,"15.0, 15.0","785.0, 785.0",EISMHA,True,0.25,3454219.8584905625
15051,1.14606,"15.0, 15.0","785.0, 785.0",EISMHA,True,0.25,3489022.855813587
15045,1.14799,"15.0, 15.0","785.0, 785.0",EISMHA,True,0.25,3463997.936332081
15048,1.15105,"15.0, 15.0","785.0, 785.0",EISMHA,True,0.25,3452129.246688047
15045,1.15505,"15.0, 15.0","785.0, 785.0",EISMHA,True,0.25,3375015.1623913865
15051,1.14704,"15.0, 15.0","785.0, 785.0",EISMHA,True,0.25,3472112.7322166846
15045,1.15155,"15.0, 15.0","785.0, 785.0",EISMHA,True,0.25,3456291.933443021
15048,1.14804,"15.0, 15.0","785.0, 785.0",EISMHA,True,0.25,3431683.0978587912
15040,1.16306,"15.0, 15.0","785.0, 785.0",EISMHA,True,0.25,3446117.6181773087
15050,1.17057,"15.0, 15.0","785.0, 785.0",EISMHA,True,0.25,3476387.886640163
15043,1.16807,"15.0, 15.0","785.0, 785.0",EISMHA,True,0.25,3433361.2535686083
15044,1.19402,"15.0, 15.0","785.0, 785.0",EISMHA,True,0.25,3474305.4998819884
15048,1.17207,"15.0, 15.0","785.0, 785.0",EISMHA,True,0.25,3545150.7972524837
15048,1.15056,"15.0, 15.0","785.0, 785.0",EISMHA,True,0.25,3448331.5406771596
15046,1.15656,"15.0, 15.0","785.0, 785.0",EISMHA,True,0.25,3450658.768052835
15050,1.14612,"15.0, 15.0","785.0, 785.0",EISMHA,True,0.25,3525998.156255441
15054,1.14856,"15.0, 15.0","785.0, 785.0",EISMHA,True,0.25,3513690.6173081794
15050,1.15105,"15.0, 15.0","785.0, 785.0",EISMHA,True,0.25,3473152.624907566
15048,1.15605,"15.0, 15.0","785.0, 785.0",EISMHA,True,0.25,3637165.3313303594
15047,1.15105,"15.0, 15.0","785.0, 785.0",EISMHA,True,0.25,3545473.7163049313
15044,1.15458,"15.0, 15.0","785.0, 785.0",EISMHA,True,0.25,3528036.8246258297
15049,1.14958,"15.0, 15.0","785.0, 785.0",EISMHA,True,0.25,3460869.3277880875
15043,1.14557,"15.0, 15.0","785.0, 785.0",EISMHA,True,0.25,3645859.566397019
15032,1.15105,"15.0, 15.0","785.0, 785.0",EISMHA,True,0.25,3501891.4098538924
15049,1.15510,"15.0, 15.0","785.0, 785.0",EISMHA,True,0.25,3509053.1280756686
15048,1.15305,"15.0, 15.0","785.0, 785.0",EISMHA,True,0.25,3578899.650439966
15050,1.15155,"15.0, 15.0","785.0, 785.0",EISMHA,True,0.25,3456592.2874991973
15045,1.15006,"15.0, 15.0","785.0, 785.0",EISMHA,True,0.25,3539637.5248979195
15040,1.14757,"15.0, 15.0","785.0, 785.0",EISMHA,True,0.25,3411039.911817817
15043,1.14757,"15.0, 15.0","785.0, 785.0",EISMHA,True,0.25,3531001.1531398115
15048,1.14506,"15.0, 15.0","785.0, 785.0",EISMHA,True,0.25,3586331.870627545
15047,1.15756,"15.0, 15.0","785.0, 785.0",EISMHA,True,0.25,3475796.4394428204
15050,1.14813,"15.0, 15.0","785.0, 785.0",EISMHA,True,0.25,3505190.6605718336
15044,1.14402,"15.0, 15.0","785.0, 785.0",EISMHA,True,0.25,3533123.572443846
15050,1.15287,"15.0, 15.0","785.0, 785.0",EISMHA,True,0.25,3413379.7293904885
15050,1.15205,"15.0, 15.0","785.0, 785.0",EISMHA,True,0.25,3435888.7308105435
15045,1.14806,"15.0, 15.0","785.0, 785.0",EISMHA,True,0.25,3523718.8923857166
15048,1.14955,"15.0, 15.0","785.0, 785.0",EISMHA,True,0.25,3536352.1653550635
15048,1.15455,"15.0, 15.0","785.0, 785.0",EISMHA,True,0.25,3425599.41566733
15045,1.15381,"15.0, 15.0","785.0, 785.0",EISMHA,True,0.25,3611170.2927457923
15050,1.15105,"15.0, 15.0","785.0, 785.0",EISMHA,True,0.25,3527298.4839820713
15048,1.15409,"15.0, 15.0","785.0, 785.0",EISMHA,True,0.25,3509733.091769547
15042,1.13405,"15.0, 15.0","785.0, 785.0",EISMHA,True,0.25,3471615.949914461
15048,1.12606,"15.0, 15.0","785.0, 785.0",EISMHA,True,0.25,3556061.5117505146
15047,1.12412,"15.0, 15.0","785.0, 785.0",EISMHA,True,0.25,3453206.7174561964
15044,1.12955,"15.0, 15.0","785.0, 785.0",EISMHA,True,0.25,3523839.1105465256
15048,1.12888,"15.0, 15.0","785.0, 785.0",EISMHA,True,0.25,3487345.5384860197
15043,1.12958,"15.0, 15.0","785.0, 785.0",EISMHA,True,0.25,3480085.130614846
15048,1.13149,"15.0, 15.0","785.0, 785.0",EISMHA,True,0.25,3426191.3561406257
15040,1.12957,"15.0, 15.0","785.0, 785.0",EISMHA,True,0.25,3548100.2632098706
15044,1.12704,"15.0, 15.0","785.0, 785.0",EISMHA,True,0.25,3499137.6321807364
15044,1.12459,"15.0, 15.0","785.0, 785.0",EISMHA,True,0.25,3465305.1818755143
15045,1.13490,"15.0, 15.0","785.0, 785.0",EISMHA,True,0.25,3444234.6766479653
15041,1.13003,"15.0, 15.0","785.0, 785.0",EISMHA,True,0.25,3532028.248377545
15051,1.13104,"15.0, 15.0","785.0, 785.0",EISMHA,True,0.25,3410007.825553516
15045,1.12750,"15.0, 15.0","785.0, 785.0",EISMHA,True,0.25,3428668.6676951917
15042,1.12634,"15.0, 15.0","785.0, 785.0",EISMHA,True,0.25,3713564.8499346874
15042,1.12622,"15.0, 15.0","785.0, 785.0",EISMHA,True,0.25,3404655.634016076
15043,1.12476,"15.0, 15.0","785.0, 785.0",EISMHA,True,0.25,3561979.2841311046
15044,1.12502,"15.0, 15.0","785.0, 785.0",EISMHA,True,0.25,3500917.762446872
15055,1.13255,"15.0, 15.0","785.0, 785.0",EISMHA,True,0.25,3375871.040014106
15049,1.13104,"15.0, 15.0","785.0, 785.0",EISMHA,True,0.25,3460994.2219741275
15037,1.12959,"15.0, 15.0","785.0, 785.0",EISMHA,True,0.25,3487922.7562780604
15048,1.12956,"15.0, 15.0","785.0, 785.0",EISMHA,True,0.25,3485866.5332791083
15050,1.12504,"15.0, 15.0","785.0, 785.0",EISMHA,True,0.25,3456048.3302451386
15048,1.14004,"15.0, 15.0","785.0, 785.0",EISMHA,True,0.25,3476205.923698128
15045,1.14004,"15.0, 15.0","785.0, 785.0",EISMHA,True,0.25,3478434.225240345
15050,1.14786,"15.0, 15.0","785.0, 785.0",EISMHA,True,0.25,3516013.4008002384
15045,1.16309,"15.0, 15.0","785.0, 785.0",EISMHA,True,0.25,3523369.263563255
15050,1.16199,"15.0, 15.0","785.0, 785.0",EISMHA,True,0.25,3535701.5452049947
15042,1.14055,"15.0, 15.0","785.0, 785.0",EISMHA,True,0.25,3448138.5404797113
15050,1.12739,"15.0, 15.0","785.0, 785.0",EISMHA,True,0.25,3460678.7767090816
15050,1.12702,"15.0, 15.0","785.0, 785.0",EISMHA,True,0.25,3448634.6206426863
15050,1.13925,"15.0, 15.0","785.0, 785.0",EISMHA,True,0.25,3401653.3305005925
15050,1.13262,"15.0, 15.0","785.0, 785.0",EISMHA,True,0.25,3496776.0367448097
15050,1.13003,"15.0, 15.0","785.0, 785.0",EISMHA,True,0.25,3434829.3897996424
15050,1.13063,"15.0, 15.0","785.0, 785.0",EISMHA,True,0.25,3412555.7040662128
15044,1.12854,"15.0, 15.0","785.0, 785.0",EISMHA,True,0.25,3507376.5737375976
15050,1.14656,"15.0, 15.0","785.0, 785.0",EISMHA,True,0.5,3437839.4183416804
15051,1.15356,"15.0, 15.0","785.0, 785.0",EISMHA,True,0.5,3446579.494339144
15050,1.14718,"15.0, 15.0","785.0, 785.0",EISMHA,True,0.5,3587349.8178575467
15046,1.14957,"15.0, 15.0","785.0, 785.0",EISMHA,True,0.5,3595397.5180354323
15045,1.15419,"15.0, 15.0","785.0, 785.0",EISMHA,True,0.5,3592693.695048811
15048,1.15255,"15.0, 15.0","785.0, 785.0",EISMHA,True,0.5,3498895.837109966
15045,1.15656,"15.0, 15.0","785.0, 785.0",EISMHA,True,0.5,3514310.2696083738
15044,1.15105,"15.0, 15.0","785.0, 785.0",EISMHA,True,0.5,3515707.68586453
15050,1.15105,"15.0, 15.0","785.0, 785.0",EISMHA,True,0.5,3440789.5941362036
15043,1.16105,"15.0, 15.0","785.0, 785.0",EISMHA,True,0.5,3528621.058594867
15051,1.14952,"15.0, 15.0","785.0, 785.0",EISMHA,True,0.5,3516217.334928541
15045,1.15205,"15.0, 15.0","785.0, 785.0",EISMHA,True,0.5,3615519.2169246934
15050,1.15448,"15.0, 15.0","785.0, 785.0",EISMHA,True,0.5,3521054.5251421197
15052,1.15506,"15.0, 15.0","785.0, 785.0",EISMHA,True,0.5,3443107.293753395
15050,1.15055,"15.0, 15.0","785.0, 785.0",EISMHA,True,0.5,3418857.404014488
15050,1.14804,"15.0, 15.0","785.0, 785.0",EISMHA,True,0.5,3502020.0851375014
15045,1.14905,"15.0, 15.0","785.0, 785.0",EISMHA,True,0.5,3456377.1599928127
15045,1.14755,"15.0, 15.0","785.0, 785.0",EISMHA,True,0.5,3506924.7256239904
15048,1.15108,"15.0, 15.0","785.0, 785.0",EISMHA,True,0.5,3598521.638314629
15050,1.15632,"15.0, 15.0","785.0, 785.0",EISMHA,True,0.5,3374113.863265343
15057,1.16005,"15.0, 15.0","785.0, 785.0",EISMHA,True,0.5,3465932.517452701
15051,1.14904,"15.0, 15.0","785.0, 785.0",EISMHA,True,0.5,3465041.3105702004
15051,1.14904,"15.0, 15.0","785.0, 785.0",EISMHA,True,0.5,3590299.6796367904
15050,1.15455,"15.0, 15.0","785.0, 785.0",EISMHA,True,0.5,3531938.324659161
15042,1.15847,"15.0, 15.0","785.0, 785.0",EISMHA,True,0.5,3479016.9289359255
15042,1.15412,"15.0, 15.0","785.0, 785.0",EISMHA,True,0.5,3453558.7881658687
15050,1.15155,"15.0, 15.0","785.0, 785.0",EISMHA,True,0.5,3497682.7153218696
15051,1.15309,"15.0, 15.0","785.0, 785.0",EISMHA,True,0.5,3652306.122864794
15048,1.14804,"15.0, 15.0","785.0, 785.0",EISMHA,True,0.5,3413444.4136344716
15046,1.14756,"15.0, 15.0","785.0, 785.0",EISMHA,True,0.5,3440051.8122658646
15044,1.14806,"15.0, 15.0","785.0, 785.0",EISMHA,True,0.5,3516898.4708611756
15051,1.15055,"15.0, 15.0","785.0, 785.0",EISMHA,True,0.5,3554812.0387750585
15050,1.15357,"15.0, 15.0","785.0, 785.0",EISMHA,True,0.5,3499288.365358116
15050,1.16097,"15.0, 15.0","785.0, 785.0",EISMHA,True,0.5,3513458.5965433177
15049,1.15155,"15.0, 15.0","785.0, 785.0",EISMHA,True,0.5,3476596.7435328728
15046,1.15068,"15.0, 15.0","785.0, 785.0",EISMHA,True,0.5,3514792.3280675886
15050,1.15805,"15.0, 15.0","785.0, 785.0",EISMHA,True,0.5,3498249.8145766924
15045,1.16506,"15.0, 15.0","785.0, 785.0",EISMHA,True,0.5,3582390.273275931
15045,1.17307,"15.0, 15.0","785.0, 785.0",EISMHA,True,0.5,3614394.1718568043
15050,1.18258,"15.0, 15.0","785.0, 785.0",EISMHA,True,0.5,3575648.979631629
15045,1.16907,"15.0, 15.0","785.0, 785.0",EISMHA,True,0.5,3437743.960982962
15051,1.17006,"15.0, 15.0","785.0, 785.0",EISMHA,True,0.5,3492156.743480345
15048,1.15305,"15.0, 15.0","785.0, 785.0",EISMHA,True,0.5,3512031.034368841
15042,1.14955,"15.0, 15.0","785.0, 785.0",EISMHA,True,0.5,3550707.718654921
15044,1.14707,"15.0, 15.0","785.0, 785.0",EISMHA,True,0.5,3442257.6971310414
15043,1.14963,"15.0, 15.0","785.0, 785.0",EISMHA,True,0.5,3502927.548572158
15042,1.15405,"15.0, 15.0","785.0, 785.0",EISMHA,True,0.5,3551533.747835397
15047,1.15286,"15.0, 15.0","785.0, 785.0",EISMHA,True,0.5,3488573.656690662
15048,1.15355,"15.0, 15.0","785.0, 785.0",EISMHA,True,0.5,3583001.063141842
15042,1.15276,"15.0, 15.0","785.0, 785.0",EISMHA,True,0.5,3439718.165372901
15049,1.15405,"15.0, 15.0","785.0, 785.0",EISMHA,True,0.5,3395260.6132062874
15050,1.15006,"15.0, 15.0","785.0, 785.0",EISMHA,True,0.5,3564195.2285588635
15050,1.15192,"15.0, 15.0","785.0, 785.0",EISMHA,True,0.5,3455606.5697271666
15050,1.15406,"15.0, 15.0","785.0, 785.0",EISMHA,True,0.5,3531986.0340817827
15052,1.15255,"15.0, 15.0","785.0, 785.0",EISMHA,True,0.5,3721081.374259277
15044,1.15455,"15.0, 15.0","785.0, 785.0",EISMHA,True,0.5,3441229.6638820604
15048,1.15105,"15.0, 15.0","785.0, 785.0",EISMHA,True,0.5,3604038.608651522
15050,1.15205,"15.0, 15.0","785.0, 785.0",EISMHA,True,0.5,3488629.7826940515
15050,1.14857,"15.0, 15.0","785.0, 785.0",EISMHA,True,0.5,3664707.500499455
15050,1.15030,"15.0, 15.0","785.0, 785.0",EISMHA,True,0.5,3540458.6476469
15056,1.15613,"15.0, 15.0","785.0, 785.0",EISMHA,True,0.5,3470617.8638566583
15050,1.15405,"15.0, 15.0","785.0, 785.0",EISMHA,True,0.5,3525175.1750284536
15049,1.15263,"15.0, 15.0","785.0, 785.0",EISMHA,True,0.5,3515727.947129078
15051,1.15625,"15.0, 15.0","785.0, 785.0",EISMHA,True,0.5,3537849.930493389
15048,1.15004,"15.0, 15.0","785.0, 785.0",EISMHA,True,0.5,3478118.4346338157
15048,1.14960,"15.0, 15.0","785.0, 785.0",EISMHA,True,0.5,3498385.0753561934
15033,1.14706,"15.0, 15.0","785.0, 785.0",EISMHA,True,0.5,3512170.015718706
15045,1.15255,"15.0, 15.0","785.0, 785.0",EISMHA,True,0.5,3535397.5357965315
15048,1.15105,"15.0, 15.0","785.0, 785.0",EISMHA,True,0.5,3609911.4671769305
15050,1.15205,"15.0, 15.0","785.0, 785.0",EISMHA,True,0.5,3519680.5983385686
15049,1.15605,"15.0, 15.0","785.0, 785.0",EISMHA,True,0.5,3514373.9082840947
15040,1.15000,"15.0, 15.0","785.0, 785.0",EISMHA,True,0.5,3510968.9390603593
15050,1.15005,"15.0, 15.0","785.0, 785.0",EISMHA,True,0.5,3453797.2156637334
15050,1.14709,"15.0, 15.0","785.0, 785.0",EISMHA,True,0.5,3552339.2380606467
15045,1.15460,"15.0, 15.0","785.0, 785.0",EISMHA,True,0.5,3504569.762604443
15051,1.14581,"15.0, 15.0","785.0, 785.0",EISMHA,True,0.5,3600712.727176673
15048,1.13242,"15.0, 15.0","785.0, 785.0",EISMHA,True,0.5,3516152.1148322537
15046,1.13524,"15.0, 15.0","785.0, 785.0",EISMHA,True,0.5,3472686.7054685256
15049,1.13410,"15.0, 15.0","785.0, 785.0",EISMHA,True,0.5,3506068.8991253683
15048,1.12703,"15.0, 15.0","785.0, 785.0",EISMHA,True,0.5,3541625.9816184253
15050,1.12951,"15.0, 15.0","785.0, 785.0",EISMHA,True,0.5,3546888.881043163
15048,1.12940,"15.0, 15.0","785.0, 785.0",EISMHA,True,0.5,3478296.546093741
15050,1.13383,"15.0, 15.0","785.0, 785.0",EISMHA,True,0.5,3485330.898266209
15048,1.13560,"15.0, 15.0","785.0, 785.0",EISMHA,True,0.5,3419979.122669864
15037,1.13303,"15.0, 15.0","785.0, 785.0",EISMHA,True,0.5,3534312.493834429
15048,1.13154,"15.0, 15.0","785.0, 785.0",EISMHA,True,0.5,3495019.186908689
15045,1.13363,"15.0, 15.0","785.0, 785.0",EISMHA,True,0.5,3593007.4344150173
15042,1.13049,"15.0, 15.0","785.0, 785.0",EISMHA,True,0.5,3478647.476262845
15049,1.13609,"15.0, 15.0","785.0, 785.0",EISMHA,True,0.5,3481750.602538719
15050,1.13404,"15.0, 15.0","785.0, 785.0",EISMHA,True,0.5,3487020.892271219
15051,1.13203,"15.0, 15.0","785.0, 785.0",EISMHA,True,0.5,3461987.293876315
15050,1.13504,"15.0, 15.0","785.0, 785.0",EISMHA,True,0.5,3478252.702278861
15039,1.12854,"15.0, 15.0","785.0, 785.0",EISMHA,True,0.5,3473958.015839092
15048,1.13203,"15.0, 15.0","785.0, 785.0",EISMHA,True,0.5,3716575.5023330385
15050,1.14592,"15.0, 15.0","785.0, 785.0",EISMHA,True,0.5,3528366.0764097213
15050,1.15422,"15.0, 15.0","785.0, 785.0",EISMHA,True,0.5,3476671.353893693
15039,1.14356,"15.0, 15.0","785.0, 785.0",EISMHA,True,0.5,3362899.520290289
15048,1.14370,"15.0, 15.0","785.0, 785.0",EISMHA,True,0.5,3672099.0726230554
15050,1.14405,"15.0, 15.0","785.0, 785.0",EISMHA,True,0.5,3567687.392733824
15042,1.13304,"15.0, 15.0","785.0, 785.0",EISMHA,True,0.5,3594220.958714684
15050,1.13903,"15.0, 15.0","785.0, 785.0",EISMHA,True,0.75,3509410.576468081
15050,1.14035,"15.0, 15.0","785.0, 785.0",EISMHA,True,0.75,3623411.5874339547
15050,1.13903,"15.0, 15.0","785.0, 785.0",EISMHA,True,0.75,3584576.0633683307
15042,1.14154,"15.0, 15.0","785.0, 785.0",EISMHA,True,0.75,3649384.774731452
15033,1.13507,"15.0, 15.0","785.0, 785.0",EISMHA,True,0.75,3506572.462761834
15049,1.14022,"15.0, 15.0","785.0, 785.0",EISMHA,True,0.75,3646609.290857438
15051,1.13905,"15.0, 15.0","785.0, 785.0",EISMHA,True,0.75,3561640.203398041
15041,1.13567,"15.0, 15.0","785.0, 785.0",EISMHA,True,0.75,3559402.1209344
15045,1.14054,"15.0, 15.0","785.0, 785.0",EISMHA,True,0.75,3571985.054386362
15036,1.14304,"15.0, 15.0","785.0, 785.0",EISMHA,True,0.75,3548563.1719969125
15050,1.14310,"15.0, 15.0","785.0, 785.0",EISMHA,True,0.75,3777449.5644914294
15050,1.13484,"15.0, 15.0","785.0, 785.0",EISMHA,True,0.75,3439738.516309273
15050,1.13757,"15.0, 15.0","785.0, 785.0",EISMHA,True,0.75,3560955.6963826166
15050,1.13756,"15.0, 15.0","785.0, 785.0",EISMHA,True,0.75,3504197.757104158
15044,1.14004,"15.0, 15.0","785.0, 785.0",EISMHA,True,0.75,3545962.783781998
15050,1.13903,"15.0, 15.0","785.0, 785.0",EISMHA,True,0.75,3516309.103704775
15046,1.14069,"15.0, 15.0","785.0, 785.0",EISMHA,True,0.75,3578772.316163127
15050,1.14707,"15.0, 15.0","785.0, 785.0",EISMHA,True,0.75,3589247.162876489
15042,1.13534,"15.0, 15.0","785.0, 785.0",EISMHA,True,0.75,3567851.889120375
15048,1.13603,"15.0, 15.0","785.0, 785.0",EISMHA,True,0.75,3415332.6644024355
15051,1.14173,"15.0, 15.0","785.0, 785.0",EISMHA,True,0.75,3594892.0274027037
15049,1.13854,"15.0, 15.0","785.0, 785.0",EISMHA,True,0.75,3454955.591998017
15051,1.14304,"15.0, 15.0","785.0, 785.0",EISMHA,True,0.75,3501890.7121051014
15051,1.13954,"15.0, 15.0","785.0, 785.0",EISMHA,True,0.75,3680951.5460879263
15050,1.14405,"15.0, 15.0","785.0, 785.0",EISMHA,True,0.75,3535829.4720381326
15051,1.13556,"15.0, 15.0","785.0, 785.0",EISMHA,True,0.75,3606994.3144910214
15042,1.14056,"15.0, 15.0","785.0, 785.0",EISMHA,True,0.75,3554727.993370374
15043,1.13605,"15.0, 15.0","785.0, 785.0",EISMHA,True,0.75,3426129.0664366735
15050,1.14004,"15.0, 15.0","785.0, 785.0",EISMHA,True,0.75,3524701.3369472707
15049,1.14104,"15.0, 15.0","785.0, 785.0",EISMHA,True,0.75,3573135.738627618
15050,1.14279,"15.0, 15.0","785.0, 785.0",EISMHA,True,0.75,3503230.7694700984
15051,1.14304,"15.0, 15.0","785.0, 785.0",EISMHA,True,0.75,3514062.258762943
15050,1.14455,"15.0, 15.0","785.0, 785.0",EISMHA,True,0.75,3589833.444809864
15050,1.13903,"15.0, 15.0","785.0, 785.0",EISMHA,True,0.75,3530797.4259696775
15051,1.14097,"15.0, 15.0","785.0, 785.0",EISMHA,True,0.75,3482489.814319105
15048,1.13657,"15.0, 15.0","785.0, 785.0",EISMHA,True,0.75,3525293.5969429817
15045,1.13904,"15.0, 15.0","785.0, 785.0",EISMHA,True,0.75,3545350.034945812
15045,1.13954,"15.0, 15.0","785.0, 785.0",EISMHA,True,0.75,3562676.8614506265
15056,1.14104,"15.0, 15.0","785.0, 785.0",EISMHA,True,0.75,3589844.7885846575
15048,1.13707,"15.0, 15.0","785.0, 785.0",EISMHA,True,0.75,3577917.873387807
15049,1.13906,"15.0, 15.0","785.0, 785.0",EISMHA,True,0.75,3402834.6948766797
15057,1.15205,"15.0, 15.0","785.0, 785.0",EISMHA,True,0.75,3641994.548971932
15051,1.15806,"15.0, 15.0","785.0, 785.0",EISMHA,True,0.75,3438523.4626175165
15049,1.15599,"15.0, 15.0","785.0, 785.0",EISMHA,True,0.75,3588312.562514526
15050,1.15905,"15.0, 15.0","785.0, 785.0",EISMHA,True,0.75,3671469.727717916
15036,1.15859,"15.0, 15.0","785.0, 785.0",EISMHA,True,0.75,3472707.401596523
15045,1.14204,"15.0, 15.0","785.0, 785.0",EISMHA,True,0.75,3582264.3632891187
15048,1.13803,"15.0, 15.0","785.0, 785.0",EISMHA,True,0.75,3587897.6846993384
15050,1.14304,"15.0, 15.0","785.0, 785.0",EISMHA,True,0.75,3538004.758608979
15051,1.13672,"15.0, 15.0","785.0, 785.0",EISMHA,True,0.75,3587238.3266552263
15051,1.13905,"15.0, 15.0","785.0, 785.0",EISMHA,True,0.75,3579771.037682084
15048,1.14477,"15.0, 15.0","785.0, 785.0",EISMHA,True,0.75,3568443.8398361816
15045,1.14254,"15.0, 15.0","785.0, 785.0",EISMHA,True,0.75,3484368.520349701
15042,1.13854,"15.0, 15.0","785.0, 785.0",EISMHA,True,0.75,3559048.5826426116
15050,1.13754,"15.0, 15.0","785.0, 785.0",EISMHA,True,0.75,3462851.075585397
15049,1.13554,"15.0, 15.0","785.0, 785.0",EISMHA,True,0.75,3597583.5342089403
15056,1.13557,"15.0, 15.0","785.0, 785.0",EISMHA,True,0.75,3499875.9222277445
15050,1.13883,"15.0, 15.0","785.0, 785.0",EISMHA,True,0.75,3593088.5253469837
15050,1.14454,"15.0, 15.0","785.0, 785.0",EISMHA,True,0.75,3549781.1778321103
15048,1.14256,"15.0, 15.0","785.0, 785.0",EISMHA,True,0.75,3508503.493750309
15042,1.14904,"15.0, 15.0","785.0, 785.0",EISMHA,True,0.75,3547701.7550160745
15050,1.14205,"15.0, 15.0","785.0, 785.0",EISMHA,True,0.75,3527528.858507393
15050,1.14004,"15.0, 15.0","785.0, 785.0",EISMHA,True,0.75,3477009.5092212833
15048,1.14004,"15.0, 15.0","785.0, 785.0",EISMHA,True,0.75,3660068.511277687
15041,1.14104,"15.0, 15.0","785.0, 785.0",EISMHA,True,0.75,3522709.7378218775
15045,1.14405,"15.0, 15.0","785.0, 785.0",EISMHA,True,0.75,3466101.47929963
15050,1.14354,"15.0, 15.0","785.0, 785.0",EISMHA,True,0.75,3471934.6553604677
15045,1.14054,"15.0, 15.0","785.0, 785.0",EISMHA,True,0.75,3569105.153998892
15050,1.13847,"15.0, 15.0","785.0, 785.0",EISMHA,True,0.75,3575547.3010923555
15042,1.13656,"15.0, 15.0","785.0, 785.0",EISMHA,True,0.75,3489026.4279812295
15042,1.13454,"15.0, 15.0","785.0, 785.0",EISMHA,True,0.75,3583283.180839322
15048,1.14009,"15.0, 15.0","785.0, 785.0",EISMHA,True,0.75,3588454.1844863277
15051,1.14407,"15.0, 15.0","785.0, 785.0",EISMHA,True,0.75,3548555.0433482714
15050,1.14404,"15.0, 15.0","785.0, 785.0",EISMHA,True,0.75,3542975.0899714297
15050,1.14524,"15.0, 15.0","785.0, 785.0",EISMHA,True,0.75,3537703.452251667
15050,1.13605,"15.0, 15.0","785.0, 785.0",EISMHA,True,0.75,3616938.942350028
15049,1.13523,"15.0, 15.0","785.0, 785.0",EISMHA,True,0.75,3562054.1659284015
15049,1.13854,"15.0, 15.0","785.0, 785.0",EISMHA,True,0.75,3664738.094705193
15043,1.14004,"15.0, 15.0","785.0, 785.0",EISMHA,True,0.75,3484220.2122652913
15051,1.14158,"15.0, 15.0","785.0, 785.0",EISMHA,True,0.75,3642366.7943359455
15047,1.14404,"15.0, 15.0","785.0, 785.0",EISMHA,True,0.75,3627930.4045860046
15045,1.14438,"15.0, 15.0","785.0, 785.0",EISMHA,True,0.75,3544907.8713148218
15050,1.12507,"15.0, 15.0","785.0, 785.0",EISMHA,True,0.75,3571218.3466559146
15050,1.11720,"15.0, 15.0","785.0, 785.0",EISMHA,True,0.75,3520740.4130694917
15056,1.11953,"15.0, 15.0","785.0, 785.0",EISMHA,True,0.75,3559798.556031817
15045,1.11729,"15.0, 15.0","785.0, 785.0",EISMHA,True,0.75,3601158.2889536703
15050,1.12221,"15.0, 15.0","785.0, 785.0",EISMHA,True,0.75,3561979.2597618396
15050,1.12224,"15.0, 15.0","785.0, 785.0",EISMHA,True,0.75,3457674.328367927
15050,1.12103,"15.0, 15.0","785.0, 785.0",EISMHA,True,0.75,3656395.615343009
15047,1.11854,"15.0, 15.0","785.0, 785.0",EISMHA,True,0.75,3617513.5417673225
15050,1.12403,"15.0, 15.0","785.0, 785.0",EISMHA,True,0.75,3584353.0282598133
15048,1.12101,"15.0, 15.0","785.0, 785.0",EISMHA,True,0.75,3678241.5784856565
15048,1.11844,"15.0, 15.0","785.0, 785.0",EISMHA,True,0.75,3651600.918503601
15049,1.11791,"15.0, 15.0","785.0, 785.0",EISMHA,True,0.75,3523229.7172309444
15045,1.11952,"15.0, 15.0","785.0, 785.0",EISMHA,True,0.75,3342689.7889792533
15050,1.11902,"15.0, 15.0","785.0, 785.0",EISMHA,True,0.75,3591427.3475039685
15048,1.14255,"15.0, 15.0","785.0, 785.0",EISMHA,True,0.75,3632284.7425724706
15050,1.12443,"15.0, 15.0","785.0, 785.0",EISMHA,True,0.75,3511663.4487921223
15043,1.11669,"15.0, 15.0","785.0, 785.0",EISMHA,True,0.75,3469043.8798495024
15057,1.14909,"15.0, 15.0","785.0, 785.0",EISMHA,True,0.75,3526787.508759102
15042,1.15750,"15.0, 15.0","785.0, 785.0",EISMHA,True,1.0,3366283.575542188
15050,1.14757,"15.0, 15.0","785.0, 785.0",EISMHA,True,1.0,3315632.412936676
15050,1.15262,"15.0, 15.0","785.0, 785.0",EISMHA,True,1.0,3334765.725190833
15050,1.15276,"15.0, 15.0","785.0, 785.0",EISMHA,True,1.0,3318395.984566648
15051,1.14766,"15.0, 15.0","785.0, 785.0",EISMHA,True,1.0,3340104.9195567076
15050,1.15098,"15.0, 15.0","785.0, 785.0",EISMHA,True,1.0,3350771.584119515
15051,1.15078,"15.0, 15.0","785.0, 785.0",EISMHA,True,1.0,3383709.1274709776
15051,1.15605,"15.0, 15.0","785.0, 785.0",EISMHA,True,1.0,3365300.2162224837
15055,1.14958,"15.0, 15.0","785.0, 785.0",EISMHA,True,1.0,3360238.9162391955
15050,1.15605,"15.0, 15.0","785.0, 785.0",EISMHA,True,1.0,3409323.3571974044
15050,1.16306,"15.0, 15.0","785.0, 785.0",EISMHA,True,1.0,3367115.772134856
15050,1.15696,"15.0, 15.0","785.0, 785.0",EISMHA,True,1.0,3363410.4005282694
15050,1.15164,"15.0, 15.0","785.0, 785.0",EISMHA,True,1.0,3354038.6817329978
15051,1.15578,"15.0, 15.0","785.0, 785.0",EISMHA,True,1.0,3373573.766332163
15050,1.14356,"15.0, 15.0","785.0, 785.0",EISMHA,True,1.0,3442339.535983949
15051,1.14749,"15.0, 15.0","785.0, 785.0",EISMHA,True,1.0,3354231.0936892373
15042,1.14962,"15.0, 15.0","785.0, 785.0",EISMHA,True,1.0,3313486.712663652
15051,1.15859,"15.0, 15.0","785.0, 785.0",EISMHA,True,1.0,3413543.1843485534
15050,1.15008,"15.0, 15.0","785.0, 785.0",EISMHA,True,1.0,3343314.7090096506
15051,1.14937,"15.0, 15.0","785.0, 785.0",EISMHA,True,1.0,3426250.7235457217
15051,1.14517,"15.0, 15.0","785.0, 785.0",EISMHA,True,1.0,3360363.9387068017
15045,1.15309,"15.0, 15.0","785.0, 785.0",EISMHA,True,1.0,3376054.750325542
15048,1.14933,"15.0, 15.0","785.0, 785.0",EISMHA,True,1.0,3299939.9433627124
15050,1.15255,"15.0, 15.0","785.0, 785.0",EISMHA,True,1.0,3378051.9629068365
15050,1.15755,"15.0, 15.0","785.0, 785.0",EISMHA,True,1.0,3370466.627946556
15050,1.15009,"15.0, 15.0","785.0, 785.0",EISMHA,True,1.0,3350333.620477747
15050,1.14712,"15.0, 15.0","785.0, 785.0",EISMHA,True,1.0,3347910.1712345337
15050,1.17608,"15.0, 15.0","785.0, 785.0",EISMHA,True,1.0,3389952.0075638443
15051,1.20769,"15.0, 15.0","785.0, 785.0",EISMHA,True,1.0,3352145.938151245
15056,1.17215,"15.0, 15.0","785.0, 785.0",EISMHA,True,1.0,3404792.6337077576
15051,1.17208,"15.0, 15.0","785.0, 785.0",EISMHA,True,1.0,3422114.527829522
15050,1.16356,"15.0, 15.0","785.0, 785.0",EISMHA,True,1.0,3403322.5264855847
15045,1.15057,"15.0, 15.0","785.0, 785.0",EISMHA,True,1.0,3353656.4368121326
15050,1.14505,"15.0, 15.0","785.0, 785.0",EISMHA,True,1.0,3383063.4767565005
15056,1.15305,"15.0, 15.0","785.0, 785.0",EISMHA,True,1.0,3327385.961259766
15045,1.15424,"15.0, 15.0","785.0, 785.0",EISMHA,True,1.0,3343940.926934722
15050,1.15378,"15.0, 15.0","785.0, 785.0",EISMHA,True,1.0,3330327.1968553043
15057,1.16079,"15.0, 15.0","785.0, 785.0",EISMHA,True,1.0,3360064.927011142
15056,1.15405,"15.0, 15.0","785.0, 785.0",EISMHA,True,1.0,3394226.3137873784
15050,1.15206,"15.0, 15.0","785.0, 785.0",EISMHA,True,1.0,3375034.7120506796
15050,1.15596,"15.0, 15.0","785.0, 785.0",EISMHA,True,1.0,3314710.444683811
15048,1.15436,"15.0, 15.0","785.0, 785.0",EISMHA,True,1.0,3449761.0868710927
15050,1.14804,"15.0, 15.0","785.0, 785.0",EISMHA,True,1.0,3328170.0187459537
15050,1.14837,"15.0, 15.0","785.0, 785.0",EISMHA,True,1.0,3344075.742011649
15045,1.15156,"15.0, 15.0","785.0, 785.0",EISMHA,True,1.0,3391402.42023809
15051,1.15459,"15.0, 15.0","785.0, 785.0",EISMHA,True,1.0,3391050.1956636617
15050,1.14561,"15.0, 15.0","785.0, 785.0",EISMHA,True,1.0,3422873.197296654
15050,1.15057,"15.0, 15.0","785.0, 785.0",EISMHA,True,1.0,3332295.078832452
15050,1.15332,"15.0, 15.0","785.0, 785.0",EISMHA,True,1.0,3409941.3700922504
15050,1.15161,"15.0, 15.0","785.0, 785.0",EISMHA,True,1.0,3366594.7690972732
15050,1.14818,"15.0, 15.0","785.0, 785.0",EISMHA,True,1.0,3361358.0575456917
15050,1.16606,"15.0, 15.0","785.0, 785.0",EISMHA,True,1.0,3334380.900486591
15050,1.15664,"15.0, 15.0","785.0, 785.0",EISMHA,True,1.0,3385524.933654603
15050,1.15447,"15.0, 15.0","785.0, 785.0",EISMHA,True,1.0,3392413.8576803226
15042,1.15630,"15.0, 15.0","785.0, 785.0",EISMHA,True,1.0,3398165.827992007
15051,1.15613,"15.0, 15.0","785.0, 785.0",EISMHA,True,1.0,3360885.7388908747
15048,1.15551,"15.0, 15.0","785.0, 785.0",EISMHA,True,1.0,3472149.565377094
15050,1.15281,"15.0, 15.0","785.0, 785.0",EISMHA,True,1.0,3363468.879117144
15042,1.15257,"15.0, 15.0","785.0, 785.0",EISMHA,True,1.0,3425153.853354122
15050,1.15166,"15.0, 15.0","785.0, 785.0",EISMHA,True,1.0,3376353.229800097
15057,1.15215,"15.0, 15.0","785.0, 785.0",EISMHA,True,1.0,3355711.3296190384
15050,1.15047,"15.0, 15.0","785.0, 785.0",EISMHA,True,1.0,3407797.5689774407
15050,1.15108,"15.0, 15.0","785.0, 785.0",EISMHA,True,1.0,3362827.7796783587
15042,1.16108,"15.0, 15.0","785.0, 785.0",EISMHA,True,1.0,3380644.655323278
15050,1.15757,"15.0, 15.0","785.0, 785.0",EISMHA,True,1.0,3364421.787477578
15050,1.15377,"15.0, 15.0","785.0, 785.0",EISMHA,True,1.0,3342912.9413387817
15050,1.15267,"15.0, 15.0","785.0, 785.0",EISMHA,True,1.0,3305384.672662327
15051,1.15214,"15.0, 15.0","785.0, 785.0",EISMHA,True,1.0,3357224.6260552905
15050,1.15405,"15.0, 15.0","785.0, 785.0",EISMHA,True,1.0,3417017.785283635
15050,1.15235,"15.0, 15.0","785.0, 785.0",EISMHA,True,1.0,3434464.5408064295
15051,1.15509,"15.0, 15.0","785.0, 785.0",EISMHA,True,1.0,3434108.686040605
15050,1.15541,"15.0, 15.0","785.0, 785.0",EISMHA,True,1.0,3397182.2915316727
15042,1.15051,"15.0, 15.0","785.0, 785.0",EISMHA,True,1.0,3450982.972882706
15050,1.14909,"15.0, 15.0","785.0, 785.0",EISMHA,True,1.0,3417652.8953827247
15050,1.13491,"15.0, 15.0","785.0, 785.0",EISMHA,True,1.0,3356729.569877079
15051,1.13829,"15.0, 15.0","785.0, 785.0",EISMHA,True,1.0,3327969.092241367
15042,1.13206,"15.0, 15.0","785.0, 785.0",EISMHA,True,1.0,3381270.96360978
15050,1.12860,"15.0, 15.0","785.0, 785.0",EISMHA,True,1.0,3329394.5591632975
15050,1.12813,"15.0, 15.0","785.0, 785.0",EISMHA,True,1.0,3390539.8721040883
15051,1.14104,"15.0, 15.0","785.0, 785.0",EISMHA,True,1.0,3458083.7376308497
15051,1.13322,"15.0, 15.0","785.0, 785.0",EISMHA,True,1.0,3422760.1622461197
15057,1.12936,"15.0, 15.0","785.0, 785.0",EISMHA,True,1.0,3384108.786005831
15050,1.12994,"15.0, 15.0","785.0, 785.0",EISMHA,True,1.0,3367441.061064103
15045,1.13682,"15.0, 15.0","785.0, 785.0",EISMHA,True,1.0,3343241.382957144
15051,1.16297,"15.0, 15.0","785.0, 785.0",EISMHA,True,1.0,3426278.192309204
15050,1.15141,"15.0, 15.0","785.0, 785.0",EISMHA,True,1.0,3402192.599248997
15050,1.14328,"15.0, 15.0","785.0, 785.0",EISMHA,True,1.0,3350212.699959398
15050,1.14404,"15.0, 15.0","785.0, 785.0",EISMHA,True,1.0,3357497.007051907
15050,1.14697,"15.0, 15.0","785.0, 785.0",EISMHA,True,1.0,3449944.5542107443
15050,1.13275,"15.0, 15.0","785.0, 785.0",EISMHA,True,1.0,3356889.463926404
15050,1.12501,"15.0, 15.0","785.0, 785.0",EISMHA,True,1.0,3290600.1852847612
15051,1.13003,"15.0, 15.0","785.0, 785.0",EISMHA,True,1.0,3355323.458011919
15051,1.13175,"15.0, 15.0","785.0, 785.0",EISMHA,True,1.0,3291279.855440395
15050,1.13626,"15.0, 15.0","785.0, 785.0",EISMHA,True,1.0,3383174.9357903916
15050,1.12960,"15.0, 15.0","785.0, 785.0",EISMHA,True,1.0,3363255.9077205593
15050,1.13111,"15.0, 15.0","785.0, 785.0",EISMHA,True,1.0,3408148.5033623404
15051,1.12904,"15.0, 15.0","785.0, 785.0",EISMHA,True,1.0,3417570.944967929
15050,1.12848,"15.0, 15.0","785.0, 785.0",EISMHA,True,1.0,3374089.53577171
15051,1.13146,"15.0, 15.0","785.0, 785.0",EISMHA,True,1.0,3341288.0311678564
15050,1.13423,"15.0, 15.0","785.0, 785.0",EISMHA,True,1.0,3383724.391015357
