70275,1.17558,"15.0, 15.0","785.0, 785.0",Shared MultiHeuristic A*,True,0.3,3408.569748900131
70305,1.14169,"15.0, 15.0","785.0, 785.0",Shared MultiHeuristic A*,True,0.3,3416.8456930695115
70250,1.14628,"15.0, 15.0","785.0, 785.0",Shared MultiHeuristic A*,True,0.3,3408.194127171044
69945,1.13560,"15.0, 15.0","785.0, 785.0",Shared MultiHeuristic A*,True,0.3,3378.5802388931047
69940,1.13843,"15.0, 15.0","785.0, 785.0",Shared MultiHeuristic A*,True,0.3,3405.2750052685315
69525,1.13603,"15.0, 15.0","785.0, 785.0",Shared MultiHeuristic A*,True,0.3,3381.526530860895
70355,1.14660,"15.0, 15.0","785.0, 785.0",Shared MultiHeuristic A*,True,0.3,3413.1259067958604
70000,1.14057,"15.0, 15.0","785.0, 785.0",Shared MultiHeuristic A*,True,0.3,3384.3068995574877
70080,1.13947,"15.0, 15.0","785.0, 785.0",Shared MultiHeuristic A*,True,0.3,3401.550190955861
70175,1.14828,"15.0, 15.0","785.0, 785.0",Shared MultiHeuristic A*,True,0.3,3373.2696676898136
69860,1.13204,"15.0, 15.0","785.0, 785.0",Shared MultiHeuristic A*,True,0.3,3373.2189406217017
70445,1.13929,"15.0, 15.0","785.0, 785.0",Shared MultiHeuristic A*,True,0.3,3381.468721317632
70065,1.14534,"15.0, 15.0","785.0, 785.0",Shared MultiHeuristic A*,True,0.3,3410.8434044088394
69630,1.12235,"15.0, 15.0","785.0, 785.0",Shared MultiHeuristic A*,True,0.3,3374.708756329485
69865,1.13051,"15.0, 15.0","785.0, 785.0",Shared MultiHeuristic A*,True,0.3,3389.7763567526054
70275,1.13405,"15.0, 15.0","785.0, 785.0",Shared MultiHeuristic A*,True,0.3,3413.4079813160747
70030,1.14514,"15.0, 15.0","785.0, 785.0",Shared MultiHeuristic A*,True,0.3,3381.0676959523344
70075,1.11995,"15.0, 15.0","785.0, 785.0",Shared MultiHeuristic A*,True,0.3,3399.5599637403125
70490,1.07777,"15.0, 15.0","785.0, 785.0",Shared MultiHeuristic A*,True,0.3,3414.5085849922903
69800,1.07610,"15.0, 15.0","785.0, 785.0",Shared MultiHeuristic A*,True,0.3,3386.961730706512
69990,1.07082,"15.0, 15.0","785.0, 785.0",Shared MultiHeuristic A*,True,0.3,3378.756330292229
70420,1.07705,"15.0, 15.0","785.0, 785.0",Shared MultiHeuristic A*,True,0.3,3412.153941834081
70055,1.07425,"15.0, 15.0","785.0, 785.0",Shared MultiHeuristic A*,True,0.3,3384.8650998418716
69635,1.07297,"15.0, 15.0","785.0, 785.0",Shared MultiHeuristic A*,True,0.3,3383.0045442465175
70240,1.07424,"15.0, 15.0","785.0, 785.0",Shared MultiHeuristic A*,True,0.3,3394.5489019635415
70085,1.07304,"15.0, 15.0","785.0, 785.0",Shared MultiHeuristic A*,True,0.3,3396.9573178706505
70320,1.08914,"15.0, 15.0","785.0, 785.0",Shared MultiHeuristic A*,True,0.3,3396.862610396204
69660,1.05886,"15.0, 15.0","785.0, 785.0",Shared MultiHeuristic A*,True,0.3,3410.4826440185757
70070,1.07299,"15.0, 15.0","785.0, 785.0",Shared MultiHeuristic A*,True,0.3,3376.267480505541
70065,1.09050,"15.0, 15.0","785.0, 785.0",Shared MultiHeuristic A*,True,0.3,3368.1608711879726
69680,1.05854,"15.0, 15.0","785.0, 785.0",Shared MultiHeuristic A*,True,0.3,3387.6381752993957
70205,1.07036,"15.0, 15.0","785.0, 785.0",Shared MultiHeuristic A*,True,0.3,3379.0310500101195
69745,1.06858,"15.0, 15.0","785.0, 785.0",Shared MultiHeuristic A*,True,0.3,3387.1563469045623
70365,1.09305,"15.0, 15.0","785.0, 785.0",Shared MultiHeuristic A*,True,0.3,3404.686117970424
70085,1.07552,"15.0, 15.0","785.0, 785.0",Shared MultiHeuristic A*,True,0.3,3402.139650449249
70035,1.06907,"15.0, 15.0","785.0, 785.0",Shared MultiHeuristic A*,True,0.3,3368.8833611677906
70150,1.07265,"15.0, 15.0","785.0, 785.0",Shared MultiHeuristic A*,True,0.3,3386.759735959596
70175,1.08753,"15.0, 15.0","785.0, 785.0",Shared MultiHeuristic A*,True,0.3,3380.14849604518
70180,1.07271,"15.0, 15.0","785.0, 785.0",Shared MultiHeuristic A*,True,0.3,3413.2286009712893
70590,1.08108,"15.0, 15.0","785.0, 785.0",Shared MultiHeuristic A*,True,0.3,3396.359889198463
70360,1.09161,"15.0, 15.0","785.0, 785.0",Shared MultiHeuristic A*,True,0.3,3362.976280832287
70345,1.07737,"15.0, 15.0","785.0, 785.0",Shared MultiHeuristic A*,True,0.3,3394.2360793801404
70155,1.07090,"15.0, 15.0","785.0, 785.0",Shared MultiHeuristic A*,True,0.3,3384.7034070869463
69950,1.07222,"15.0, 15.0","785.0, 785.0",Shared MultiHeuristic A*,True,0.3,3387.9566415212985
69785,1.08192,"15.0, 15.0","785.0, 785.0",Shared MultiHeuristic A*,True,0.3,3398.771858679958
70055,1.07153,"15.0, 15.0","785.0, 785.0",Shared MultiHeuristic A*,True,0.3,3384.6607876638327
69620,1.05897,"15.0, 15.0","785.0, 785.0",Shared MultiHeuristic A*,True,0.3,3370.2623109325978
70380,1.08427,"15.0, 15.0","785.0, 785.0",Shared MultiHeuristic A*,True,0.3,3406.752210101877
69875,1.07559,"15.0, 15.0","785.0, 785.0",Shared MultiHeuristic A*,True,0.3,3392.5455565784728
69630,1.05844,"15.0, 15.0","785.0, 785.0",Shared MultiHeuristic A*,True,0.3,3389.495090217288
70195,1.10040,"15.0, 15.0","785.0, 785.0",Shared MultiHeuristic A*,True,0.3,3394.1686789824225
69780,1.08958,"15.0, 15.0","785.0, 785.0",Shared MultiHeuristic A*,True,0.3,3390.0424050145316
69755,1.08906,"15.0, 15.0","785.0, 785.0",Shared MultiHeuristic A*,True,0.3,3407.5500118038644
69695,1.08303,"15.0, 15.0","785.0, 785.0",Shared MultiHeuristic A*,True,0.3,3416.6094846805345
69910,1.09705,"15.0, 15.0","785.0, 785.0",Shared MultiHeuristic A*,True,0.3,3382.9074437769673
70310,1.08401,"15.0, 15.0","785.0, 785.0",Shared MultiHeuristic A*,True,0.3,3429.3418135973675
70135,1.07144,"15.0, 15.0","785.0, 785.0",Shared MultiHeuristic A*,True,0.3,3406.6635026477084
70480,1.08038,"15.0, 15.0","785.0, 785.0",Shared MultiHeuristic A*,True,0.3,3397.3397321556877
70405,1.08251,"15.0, 15.0","785.0, 785.0",Shared MultiHeuristic A*,True,0.3,3420.5933686465996
69975,1.08343,"15.0, 15.0","785.0, 785.0",Shared MultiHeuristic A*,True,0.3,3388.810161464746
69855,1.06391,"15.0, 15.0","785.0, 785.0",Shared MultiHeuristic A*,True,0.3,3372.795799661061
69930,1.07001,"15.0, 15.0","785.0, 785.0",Shared MultiHeuristic A*,True,0.3,3380.009943546903
70275,1.09033,"15.0, 15.0","785.0, 785.0",Shared MultiHeuristic A*,True,0.3,3394.8305788195253
70095,1.07338,"15.0, 15.0","785.0, 785.0",Shared MultiHeuristic A*,True,0.3,3368.110002741793
70365,1.07930,"15.0, 15.0","785.0, 785.0",Shared MultiHeuristic A*,True,0.3,3387.90870327864
70380,1.07902,"15.0, 15.0","785.0, 785.0",Shared MultiHeuristic A*,True,0.3,3384.771760210287
70420,1.09132,"15.0, 15.0","785.0, 785.0",Shared MultiHeuristic A*,True,0.3,3412.8723576876296
69925,1.06287,"15.0, 15.0","785.0, 785.0",Shared MultiHeuristic A*,True,0.3,3405.5302041232057
70070,1.07222,"15.0, 15.0","785.0, 785.0",Shared MultiHeuristic A*,True,0.3,3396.863844611067
69920,1.06881,"15.0, 15.0","785.0, 785.0",Shared MultiHeuristic A*,True,0.3,3378.83181588134
69995,1.07298,"15.0, 15.0","785.0, 785.0",Shared MultiHeuristic A*,True,0.3,3371.7907222931535
69685,1.06776,"15.0, 15.0","785.0, 785.0",Shared MultiHeuristic A*,True,0.3,3387.701410752631
69990,1.07140,"15.0, 15.0","785.0, 785.0",Shared MultiHeuristic A*,True,0.3,3357.1732453150767
69890,1.07782,"15.0, 15.0","785.0, 785.0",Shared MultiHeuristic A*,True,0.3,3392.1441564266534
70200,1.07297,"15.0, 15.0","785.0, 785.0",Shared MultiHeuristic A*,True,0.3,3374.723162978494
70420,1.07498,"15.0, 15.0","785.0, 785.0",Shared MultiHeuristic A*,True,0.3,3390.323973325861
70390,1.07448,"15.0, 15.0","785.0, 785.0",Shared MultiHeuristic A*,True,0.3,3395.4573551252474
69885,1.07864,"15.0, 15.0","785.0, 785.0",Shared MultiHeuristic A*,True,0.3,3367.685252508385
70170,1.07648,"15.0, 15.0","785.0, 785.0",Shared MultiHeuristic A*,True,0.3,3404.173041701035
69765,1.06161,"15.0, 15.0","785.0, 785.0",Shared MultiHeuristic A*,True,0.3,3372.7444364925177
69885,1.08851,"15.0, 15.0","785.0, 785.0",Shared MultiHeuristic A*,True,0.3,3364.56270139441
70330,1.07704,"15.0, 15.0","785.0, 785.0",Shared MultiHeuristic A*,True,0.3,3395.523298360275
70705,1.08894,"15.0, 15.0","785.0, 785.0",Shared MultiHeuristic A*,True,0.3,3379.231036131852
69845,1.06272,"15.0, 15.0","785.0, 785.0",Shared MultiHeuristic A*,True,0.3,3372.629205233811
69880,1.07703,"15.0, 15.0","785.0, 785.0",Shared MultiHeuristic A*,True,0.3,3383.394775599635
70245,1.07842,"15.0, 15.0","785.0, 785.0",Shared MultiHeuristic A*,True,0.3,3414.329532523847
70380,1.07880,"15.0, 15.0","785.0, 785.0",Shared MultiHeuristic A*,True,0.3,3376.442085975175
69940,1.07503,"15.0, 15.0","785.0, 785.0",Shared MultiHeuristic A*,True,0.3,3394.6544923237984
69965,1.06897,"15.0, 15.0","785.0, 785.0",Shared MultiHeuristic A*,True,0.3,3381.597449440519
70105,1.07057,"15.0, 15.0","785.0, 785.0",Shared MultiHeuristic A*,True,0.3,3378.6155545331503
69995,1.07152,"15.0, 15.0","785.0, 785.0",Shared MultiHeuristic A*,True,0.3,3381.7134816075272
70330,1.09242,"15.0, 15.0","785.0, 785.0",Shared MultiHeuristic A*,True,0.3,3382.406239013114
70190,1.07276,"15.0, 15.0","785.0, 785.0",Shared MultiHeuristic A*,True,0.3,3406.058931850886
69135,1.05111,"15.0, 15.0","785.0, 785.0",Shared MultiHeuristic A*,True,0.3,3345.37208400399
70225,1.07249,"15.0, 15.0","785.0, 785.0",Shared MultiHeuristic A*,True,0.3,3391.611777691737
70260,1.09273,"15.0, 15.0","785.0, 785.0",Shared MultiHeuristic A*,True,0.3,3350.8355852631003
69880,1.06786,"15.0, 15.0","785.0, 785.0",Shared MultiHeuristic A*,True,0.3,3407.410720010552
69745,1.06555,"15.0, 15.0","785.0, 785.0",Shared MultiHeuristic A*,True,0.3,3358.6417499478853
70180,1.08599,"15.0, 15.0","785.0, 785.0",Shared MultiHeuristic A*,True,0.3,3422.491103727856
69675,1.06616,"15.0, 15.0","785.0, 785.0",Shared MultiHeuristic A*,True,0.3,3369.6916360096748
53985,0.77362,"15.0, 15.0","785.0, 785.0",Shared MultiHeuristic Greedy Best First Search,True,0.3,3988.08758383322
53985,0.77871,"15.0, 15.0","785.0, 785.0",Shared MultiHeuristic Greedy Best First Search,True,0.3,3948.575788153917
53985,0.76811,"15.0, 15.0","785.0, 785.0",Shared MultiHeuristic Greedy Best First Search,True,0.3,3916.141573339016
53985,0.77272,"15.0, 15.0","785.0, 785.0",Shared MultiHeuristic Greedy Best First Search,True,0.3,3930.2571511511774
53985,0.78713,"15.0, 15.0","785.0, 785.0",Shared MultiHeuristic Greedy Best First Search,True,0.3,3948.3172757884395
53985,0.77446,"15.0, 15.0","785.0, 785.0",Shared MultiHeuristic Greedy Best First Search,True,0.3,3919.7124813350683
53985,0.77570,"15.0, 15.0","785.0, 785.0",Shared MultiHeuristic Greedy Best First Search,True,0.3,3940.3370567220363
53985,0.76522,"15.0, 15.0","785.0, 785.0",Shared MultiHeuristic Greedy Best First Search,True,0.3,3951.3593069801686
53985,0.76722,"15.0, 15.0","785.0, 785.0",Shared MultiHeuristic Greedy Best First Search,True,0.3,3928.961899161233
53985,0.77493,"15.0, 15.0","785.0, 785.0",Shared MultiHeuristic Greedy Best First Search,True,0.3,3948.4384966708885
53985,0.76818,"15.0, 15.0","785.0, 785.0",Shared MultiHeuristic Greedy Best First Search,True,0.3,3939.7166117093134
53985,0.77311,"15.0, 15.0","785.0, 785.0",Shared MultiHeuristic Greedy Best First Search,True,0.3,3980.475451569277
53985,0.76648,"15.0, 15.0","785.0, 785.0",Shared MultiHeuristic Greedy Best First Search,True,0.3,3932.8321890905713
53985,0.77161,"15.0, 15.0","785.0, 785.0",Shared MultiHeuristic Greedy Best First Search,True,0.3,3936.9776206729985
53985,0.76800,"15.0, 15.0","785.0, 785.0",Shared MultiHeuristic Greedy Best First Search,True,0.3,3917.8736481629653
53985,0.76483,"15.0, 15.0","785.0, 785.0",Shared MultiHeuristic Greedy Best First Search,True,0.3,3926.8335029520485
53985,0.76469,"15.0, 15.0","785.0, 785.0",Shared MultiHeuristic Greedy Best First Search,True,0.3,3928.782944240486
53985,0.77022,"15.0, 15.0","785.0, 785.0",Shared MultiHeuristic Greedy Best First Search,True,0.3,3953.170473604711
53985,0.77522,"15.0, 15.0","785.0, 785.0",Shared MultiHeuristic Greedy Best First Search,True,0.3,3931.752048821644
53985,0.76674,"15.0, 15.0","785.0, 785.0",Shared MultiHeuristic Greedy Best First Search,True,0.3,3904.255759919463
53985,0.76351,"15.0, 15.0","785.0, 785.0",Shared MultiHeuristic Greedy Best First Search,True,0.3,3917.4383853327195
53985,0.77217,"15.0, 15.0","785.0, 785.0",Shared MultiHeuristic Greedy Best First Search,True,0.3,3920.344512555313
53985,0.75069,"15.0, 15.0","785.0, 785.0",Shared MultiHeuristic Greedy Best First Search,True,0.3,3904.9495032971695
53985,0.72333,"15.0, 15.0","785.0, 785.0",Shared MultiHeuristic Greedy Best First Search,True,0.3,3937.1553529235825
53985,0.72766,"15.0, 15.0","785.0, 785.0",Shared MultiHeuristic Greedy Best First Search,True,0.3,3905.1297765752024
53985,0.73373,"15.0, 15.0","785.0, 785.0",Shared MultiHeuristic Greedy Best First Search,True,0.3,3947.9209472532366
53985,0.73460,"15.0, 15.0","785.0, 785.0",Shared MultiHeuristic Greedy Best First Search,True,0.3,3928.5787263843495
53985,0.73529,"15.0, 15.0","785.0, 785.0",Shared MultiHeuristic Greedy Best First Search,True,0.3,3949.880751869006
53985,0.73702,"15.0, 15.0","785.0, 785.0",Shared MultiHeuristic Greedy Best First Search,True,0.3,3943.1455243279643
53985,0.74178,"15.0, 15.0","785.0, 785.0",Shared MultiHeuristic Greedy Best First Search,True,0.3,3960.6334817408574
53985,0.73066,"15.0, 15.0","785.0, 785.0",Shared MultiHeuristic Greedy Best First Search,True,0.3,3917.059950850908
53985,0.73610,"15.0, 15.0","785.0, 785.0",Shared MultiHeuristic Greedy Best First Search,True,0.3,3926.112807976815
53985,0.71968,"15.0, 15.0","785.0, 785.0",Shared MultiHeuristic Greedy Best First Search,True,0.3,3973.441039096767
53985,0.72065,"15.0, 15.0","785.0, 785.0",Shared MultiHeuristic Greedy Best First Search,True,0.3,3955.07211240985
53985,0.73327,"15.0, 15.0","785.0, 785.0",Shared MultiHeuristic Greedy Best First Search,True,0.3,3924.4709034486764
53985,0.72479,"15.0, 15.0","785.0, 785.0",Shared MultiHeuristic Greedy Best First Search,True,0.3,3957.660153103253
53985,0.71619,"15.0, 15.0","785.0, 785.0",Shared MultiHeuristic Greedy Best First Search,True,0.3,3913.0231548351376
53985,0.71942,"15.0, 15.0","785.0, 785.0",Shared MultiHeuristic Greedy Best First Search,True,0.3,3905.229016776909
53985,0.72233,"15.0, 15.0","785.0, 785.0",Shared MultiHeuristic Greedy Best First Search,True,0.3,3932.9143749689465
53985,0.71712,"15.0, 15.0","785.0, 785.0",Shared MultiHeuristic Greedy Best First Search,True,0.3,3946.2003154994827
53985,0.72720,"15.0, 15.0","785.0, 785.0",Shared MultiHeuristic Greedy Best First Search,True,0.3,3932.266722732822
53985,0.71665,"15.0, 15.0","785.0, 785.0",Shared MultiHeuristic Greedy Best First Search,True,0.3,3992.891643751336
53985,0.71914,"15.0, 15.0","785.0, 785.0",Shared MultiHeuristic Greedy Best First Search,True,0.3,3937.7364174220784
53985,0.71714,"15.0, 15.0","785.0, 785.0",Shared MultiHeuristic Greedy Best First Search,True,0.3,3949.814750458953
53985,0.72419,"15.0, 15.0","785.0, 785.0",Shared MultiHeuristic Greedy Best First Search,True,0.3,3957.228355917222
53985,0.74095,"15.0, 15.0","785.0, 785.0",Shared MultiHeuristic Greedy Best First Search,True,0.3,3938.6005236550436
53985,0.71621,"15.0, 15.0","785.0, 785.0",Shared MultiHeuristic Greedy Best First Search,True,0.3,3938.826991489846
53985,0.71694,"15.0, 15.0","785.0, 785.0",Shared MultiHeuristic Greedy Best First Search,True,0.3,4008.818014066506
53985,0.72165,"15.0, 15.0","785.0, 785.0",Shared MultiHeuristic Greedy Best First Search,True,0.3,3968.089332239598
53985,0.72008,"15.0, 15.0","785.0, 785.0",Shared MultiHeuristic Greedy Best First Search,True,0.3,3939.550287949664
53985,0.71965,"15.0, 15.0","785.0, 785.0",Shared MultiHeuristic Greedy Best First Search,True,0.3,3942.2463265650663
53985,0.72404,"15.0, 15.0","785.0, 785.0",Shared MultiHeuristic Greedy Best First Search,True,0.3,3875.31665726356
53985,0.71840,"15.0, 15.0","785.0, 785.0",Shared MultiHeuristic Greedy Best First Search,True,0.3,3945.782845237778
53985,0.71784,"15.0, 15.0","785.0, 785.0",Shared MultiHeuristic Greedy Best First Search,True,0.3,3892.773842517144
53985,0.71802,"15.0, 15.0","785.0, 785.0",Shared MultiHeuristic Greedy Best First Search,True,0.3,3943.8873863005015
53985,0.72379,"15.0, 15.0","785.0, 785.0",Shared MultiHeuristic Greedy Best First Search,True,0.3,3923.622191746582
53985,0.73376,"15.0, 15.0","785.0, 785.0",Shared MultiHeuristic Greedy Best First Search,True,0.3,3911.3550070763163
53985,0.71565,"15.0, 15.0","785.0, 785.0",Shared MultiHeuristic Greedy Best First Search,True,0.3,3950.1254583811947
53985,0.71914,"15.0, 15.0","785.0, 785.0",Shared MultiHeuristic Greedy Best First Search,True,0.3,3904.411482509347
53985,0.71614,"15.0, 15.0","785.0, 785.0",Shared MultiHeuristic Greedy Best First Search,True,0.3,3910.599531320696
53985,0.71739,"15.0, 15.0","785.0, 785.0",Shared MultiHeuristic Greedy Best First Search,True,0.3,3975.8664436588383
53985,0.72422,"15.0, 15.0","785.0, 785.0",Shared MultiHeuristic Greedy Best First Search,True,0.3,3968.308349589312
53985,0.72220,"15.0, 15.0","785.0, 785.0",Shared MultiHeuristic Greedy Best First Search,True,0.3,3936.0620195088177
53985,0.72265,"15.0, 15.0","785.0, 785.0",Shared MultiHeuristic Greedy Best First Search,True,0.3,3932.935851608113
53985,0.72169,"15.0, 15.0","785.0, 785.0",Shared MultiHeuristic Greedy Best First Search,True,0.3,3934.047371882755
53985,0.71706,"15.0, 15.0","785.0, 785.0",Shared MultiHeuristic Greedy Best First Search,True,0.3,3920.6758902801735
53985,0.72115,"15.0, 15.0","785.0, 785.0",Shared MultiHeuristic Greedy Best First Search,True,0.3,3928.488713914001
53985,0.72882,"15.0, 15.0","785.0, 785.0",Shared MultiHeuristic Greedy Best First Search,True,0.3,3929.0772093207315
53985,0.71666,"15.0, 15.0","785.0, 785.0",Shared MultiHeuristic Greedy Best First Search,True,0.3,3958.4178217318913
53985,0.71892,"15.0, 15.0","785.0, 785.0",Shared MultiHeuristic Greedy Best First Search,True,0.3,3947.504733731486
53985,0.72009,"15.0, 15.0","785.0, 785.0",Shared MultiHeuristic Greedy Best First Search,True,0.3,3940.214938007863
53985,0.71468,"15.0, 15.0","785.0, 785.0",Shared MultiHeuristic Greedy Best First Search,True,0.3,3912.286933665673
53985,0.72818,"15.0, 15.0","785.0, 785.0",Shared MultiHeuristic Greedy Best First Search,True,0.3,3922.7341399117527
53985,0.72066,"15.0, 15.0","785.0, 785.0",Shared MultiHeuristic Greedy Best First Search,True,0.3,3931.9683180325496
53985,0.71981,"15.0, 15.0","785.0, 785.0",Shared MultiHeuristic Greedy Best First Search,True,0.3,3951.3497628839996
53985,0.71821,"15.0, 15.0","785.0, 785.0",Shared MultiHeuristic Greedy Best First Search,True,0.3,3950.2744568978374
53985,0.71575,"15.0, 15.0","785.0, 785.0",Shared MultiHeuristic Greedy Best First Search,True,0.3,3944.045891671394
53985,0.72848,"15.0, 15.0","785.0, 785.0",Shared MultiHeuristic Greedy Best First Search,True,0.3,3930.4796646126615
53985,0.72267,"15.0, 15.0","785.0, 785.0",Shared MultiHeuristic Greedy Best First Search,True,0.3,3947.285494087497
53985,0.71770,"15.0, 15.0","785.0, 785.0",Shared MultiHeuristic Greedy Best First Search,True,0.3,3931.8158405640615
53985,0.71965,"15.0, 15.0","785.0, 785.0",Shared MultiHeuristic Greedy Best First Search,True,0.3,3961.2156142891317
53985,0.72123,"15.0, 15.0","785.0, 785.0",Shared MultiHeuristic Greedy Best First Search,True,0.3,3940.1511934358214
53985,0.71881,"15.0, 15.0","785.0, 785.0",Shared MultiHeuristic Greedy Best First Search,True,0.3,3939.7833118898893
53985,0.72993,"15.0, 15.0","785.0, 785.0",Shared MultiHeuristic Greedy Best First Search,True,0.3,3945.153239413324
53985,0.71919,"15.0, 15.0","785.0, 785.0",Shared MultiHeuristic Greedy Best First Search,True,0.3,3984.0490905986007
53985,0.71892,"15.0, 15.0","785.0, 785.0",Shared MultiHeuristic Greedy Best First Search,True,0.3,3903.6875668757643
53985,0.71957,"15.0, 15.0","785.0, 785.0",Shared MultiHeuristic Greedy Best First Search,True,0.3,3951.5171176187687
53985,0.71630,"15.0, 15.0","785.0, 785.0",Shared MultiHeuristic Greedy Best First Search,True,0.3,3909.038581610468
53985,0.73149,"15.0, 15.0","785.0, 785.0",Shared MultiHeuristic Greedy Best First Search,True,0.3,3942.4295659367285
53985,0.71599,"15.0, 15.0","785.0, 785.0",Shared MultiHeuristic Greedy Best First Search,True,0.3,3924.475764054058
53985,0.71684,"15.0, 15.0","785.0, 785.0",Shared MultiHeuristic Greedy Best First Search,True,0.3,3955.1034463669657
53985,0.71944,"15.0, 15.0","785.0, 785.0",Shared MultiHeuristic Greedy Best First Search,True,0.3,3907.32853954365
53985,0.72189,"15.0, 15.0","785.0, 785.0",Shared MultiHeuristic Greedy Best First Search,True,0.3,3922.9038637990966
53985,0.72092,"15.0, 15.0","785.0, 785.0",Shared MultiHeuristic Greedy Best First Search,True,0.3,3932.557898914035
53985,0.72270,"15.0, 15.0","785.0, 785.0",Shared MultiHeuristic Greedy Best First Search,True,0.3,3958.3702471785273
53985,0.72154,"15.0, 15.0","785.0, 785.0",Shared MultiHeuristic Greedy Best First Search,True,0.3,3918.4219910043507
53985,0.72085,"15.0, 15.0","785.0, 785.0",Shared MultiHeuristic Greedy Best First Search,True,0.3,3940.2750875288207
53985,0.71768,"15.0, 15.0","785.0, 785.0",Shared MultiHeuristic Greedy Best First Search,True,0.3,3905.592637281196
53985,0.72367,"15.0, 15.0","785.0, 785.0",Shared MultiHeuristic Greedy Best First Search,True,0.3,3891.084880756723
53985,0.73223,"15.0, 15.0","785.0, 785.0",Shared MultiHeuristic Greedy Best First Search,True,0.3,3919.8622623698666
12159,0.67670,"15.0, 15.0","785.0, 785.0",Individual Greedy DTS,True,0.3,5261.166734999224
10881,0.64430,"15.0, 15.0","785.0, 785.0",Individual Greedy DTS,True,0.3,5191.207396766758
10881,0.64447,"15.0, 15.0","785.0, 785.0",Individual Greedy DTS,True,0.3,5215.987192302035
10881,0.64246,"15.0, 15.0","785.0, 785.0",Individual Greedy DTS,True,0.3,5220.732805431755
10881,0.64210,"15.0, 15.0","785.0, 785.0",Individual Greedy DTS,True,0.3,5253.209917173486
10881,0.65660,"15.0, 15.0","785.0, 785.0",Individual Greedy DTS,True,0.3,5161.060993893749
10881,0.66060,"15.0, 15.0","785.0, 785.0",Individual Greedy DTS,True,0.3,5167.553656789757
10881,0.67260,"15.0, 15.0","785.0, 785.0",Individual Greedy DTS,True,0.3,5220.518484338372
10881,0.64212,"15.0, 15.0","785.0, 785.0",Individual Greedy DTS,True,0.3,5192.262984482498
10881,0.65815,"15.0, 15.0","785.0, 785.0",Individual Greedy DTS,True,0.3,5232.5636334705405
10881,0.66315,"15.0, 15.0","785.0, 785.0",Individual Greedy DTS,True,0.3,5244.290921101108
10881,0.64358,"15.0, 15.0","785.0, 785.0",Individual Greedy DTS,True,0.3,5210.88397176901
10881,0.65616,"15.0, 15.0","785.0, 785.0",Individual Greedy DTS,True,0.3,5190.706629663157
10881,0.64559,"15.0, 15.0","785.0, 785.0",Individual Greedy DTS,True,0.3,5189.126776216267
10881,0.64955,"15.0, 15.0","785.0, 785.0",Individual Greedy DTS,True,0.3,5220.192617078781
10881,0.63938,"15.0, 15.0","785.0, 785.0",Individual Greedy DTS,True,0.3,5194.850995464449
10881,0.64621,"15.0, 15.0","785.0, 785.0",Individual Greedy DTS,True,0.3,5240.396789950273
10881,0.64947,"15.0, 15.0","785.0, 785.0",Individual Greedy DTS,True,0.3,5189.866066310116
10881,0.63919,"15.0, 15.0","785.0, 785.0",Individual Greedy DTS,True,0.3,5184.026088580957
10881,0.64480,"15.0, 15.0","785.0, 785.0",Individual Greedy DTS,True,0.3,5168.205624528718
10881,0.64360,"15.0, 15.0","785.0, 785.0",Individual Greedy DTS,True,0.3,5178.250134988354
10881,0.64459,"15.0, 15.0","785.0, 785.0",Individual Greedy DTS,True,0.3,5171.812404718879
10881,0.64413,"15.0, 15.0","785.0, 785.0",Individual Greedy DTS,True,0.3,5225.667599648462
10881,0.64458,"15.0, 15.0","785.0, 785.0",Individual Greedy DTS,True,0.3,5217.140786339396
10881,0.63846,"15.0, 15.0","785.0, 785.0",Individual Greedy DTS,True,0.3,5171.605364297498
10881,0.63890,"15.0, 15.0","785.0, 785.0",Individual Greedy DTS,True,0.3,5176.837736025615
10881,0.64104,"15.0, 15.0","785.0, 785.0",Individual Greedy DTS,True,0.3,5174.600781481239
10881,0.63887,"15.0, 15.0","785.0, 785.0",Individual Greedy DTS,True,0.3,5219.627593496242
10881,0.64888,"15.0, 15.0","785.0, 785.0",Individual Greedy DTS,True,0.3,5174.75115472961
10881,0.64059,"15.0, 15.0","785.0, 785.0",Individual Greedy DTS,True,0.3,5171.976417789599
10881,0.64150,"15.0, 15.0","785.0, 785.0",Individual Greedy DTS,True,0.3,5204.933786589034
10881,0.63754,"15.0, 15.0","785.0, 785.0",Individual Greedy DTS,True,0.3,5244.700823163784
10881,0.64183,"15.0, 15.0","785.0, 785.0",Individual Greedy DTS,True,0.3,5182.757110635886
10881,0.63958,"15.0, 15.0","785.0, 785.0",Individual Greedy DTS,True,0.3,5215.789881698244
10881,0.65261,"15.0, 15.0","785.0, 785.0",Individual Greedy DTS,True,0.3,5181.795115565185
10881,0.63899,"15.0, 15.0","785.0, 785.0",Individual Greedy DTS,True,0.3,5213.895593057596
10881,0.64478,"15.0, 15.0","785.0, 785.0",Individual Greedy DTS,True,0.3,5181.586137026835
10881,0.63930,"15.0, 15.0","785.0, 785.0",Individual Greedy DTS,True,0.3,5191.863607595356
10881,0.64568,"15.0, 15.0","785.0, 785.0",Individual Greedy DTS,True,0.3,5180.241457956706
10881,0.64758,"15.0, 15.0","785.0, 785.0",Individual Greedy DTS,True,0.3,5211.012280345915
10881,0.65463,"15.0, 15.0","785.0, 785.0",Individual Greedy DTS,True,0.3,5251.936746368619
10881,0.64359,"15.0, 15.0","785.0, 785.0",Individual Greedy DTS,True,0.3,5195.846017706273
10881,0.64690,"15.0, 15.0","785.0, 785.0",Individual Greedy DTS,True,0.3,5151.505885784926
10881,0.63935,"15.0, 15.0","785.0, 785.0",Individual Greedy DTS,True,0.3,5200.859068036467
10881,0.64486,"15.0, 15.0","785.0, 785.0",Individual Greedy DTS,True,0.3,5192.398139489234
10881,0.64371,"15.0, 15.0","785.0, 785.0",Individual Greedy DTS,True,0.3,5177.177860754448
10881,0.65467,"15.0, 15.0","785.0, 785.0",Individual Greedy DTS,True,0.3,5200.389758632702
10881,0.64411,"15.0, 15.0","785.0, 785.0",Individual Greedy DTS,True,0.3,5192.721664942864
10881,0.64344,"15.0, 15.0","785.0, 785.0",Individual Greedy DTS,True,0.3,5220.854439171633
10881,0.64096,"15.0, 15.0","785.0, 785.0",Individual Greedy DTS,True,0.3,5218.8736483327075
10881,0.63882,"15.0, 15.0","785.0, 785.0",Individual Greedy DTS,True,0.3,5167.433387677916
10881,0.64119,"15.0, 15.0","785.0, 785.0",Individual Greedy DTS,True,0.3,5222.756494067059
10881,0.64693,"15.0, 15.0","785.0, 785.0",Individual Greedy DTS,True,0.3,5217.361708390877
10881,0.64309,"15.0, 15.0","785.0, 785.0",Individual Greedy DTS,True,0.3,5246.832264310724
10881,0.64554,"15.0, 15.0","785.0, 785.0",Individual Greedy DTS,True,0.3,5211.6280175484635
10881,0.64111,"15.0, 15.0","785.0, 785.0",Individual Greedy DTS,True,0.3,5215.331807178606
10881,0.63864,"15.0, 15.0","785.0, 785.0",Individual Greedy DTS,True,0.3,5166.2558259635625
10881,0.65121,"15.0, 15.0","785.0, 785.0",Individual Greedy DTS,True,0.3,5188.931179182364
10881,0.64029,"15.0, 15.0","785.0, 785.0",Individual Greedy DTS,True,0.3,5274.486578328202
10881,0.63756,"15.0, 15.0","785.0, 785.0",Individual Greedy DTS,True,0.3,5157.852237613051
10881,0.64560,"15.0, 15.0","785.0, 785.0",Individual Greedy DTS,True,0.3,5221.445021117773
10881,0.64326,"15.0, 15.0","785.0, 785.0",Individual Greedy DTS,True,0.3,5170.822497625004
10881,0.64258,"15.0, 15.0","785.0, 785.0",Individual Greedy DTS,True,0.3,5195.317226208566
10881,0.65359,"15.0, 15.0","785.0, 785.0",Individual Greedy DTS,True,0.3,5209.46967138921
10881,0.64088,"15.0, 15.0","785.0, 785.0",Individual Greedy DTS,True,0.3,5211.907855921375
10881,0.64298,"15.0, 15.0","785.0, 785.0",Individual Greedy DTS,True,0.3,5208.372900188487
10881,0.64421,"15.0, 15.0","785.0, 785.0",Individual Greedy DTS,True,0.3,5215.271433996607
10881,0.63905,"15.0, 15.0","785.0, 785.0",Individual Greedy DTS,True,0.3,5244.861217319683
10881,0.64072,"15.0, 15.0","785.0, 785.0",Individual Greedy DTS,True,0.3,5215.415890182467
10881,0.65259,"15.0, 15.0","785.0, 785.0",Individual Greedy DTS,True,0.3,5203.192233124916
10881,0.64357,"15.0, 15.0","785.0, 785.0",Individual Greedy DTS,True,0.3,5199.206171437624
10881,0.69964,"15.0, 15.0","785.0, 785.0",Individual Greedy DTS,True,0.3,5214.021161554157
10881,0.64589,"15.0, 15.0","785.0, 785.0",Individual Greedy DTS,True,0.3,5193.665969360429
10881,0.64500,"15.0, 15.0","785.0, 785.0",Individual Greedy DTS,True,0.3,5192.91620793087
10881,0.64194,"15.0, 15.0","785.0, 785.0",Individual Greedy DTS,True,0.3,5222.788946646303
10881,0.65238,"15.0, 15.0","785.0, 785.0",Individual Greedy DTS,True,0.3,5190.275347850818
10881,0.64294,"15.0, 15.0","785.0, 785.0",Individual Greedy DTS,True,0.3,5170.959154713996
10881,0.63958,"15.0, 15.0","785.0, 785.0",Individual Greedy DTS,True,0.3,5176.763931190046
10881,0.64063,"15.0, 15.0","785.0, 785.0",Individual Greedy DTS,True,0.3,5220.514783006815
10881,0.63958,"15.0, 15.0","785.0, 785.0",Individual Greedy DTS,True,0.3,5188.76767127322
10881,0.64311,"15.0, 15.0","785.0, 785.0",Individual Greedy DTS,True,0.3,5211.458073681993
10881,0.64867,"15.0, 15.0","785.0, 785.0",Individual Greedy DTS,True,0.3,5231.624059916958
10881,0.64282,"15.0, 15.0","785.0, 785.0",Individual Greedy DTS,True,0.3,5245.24230159874
10881,0.64100,"15.0, 15.0","785.0, 785.0",Individual Greedy DTS,True,0.3,5201.857655971079
10881,0.63985,"15.0, 15.0","785.0, 785.0",Individual Greedy DTS,True,0.3,5212.454948876029
10881,0.64814,"15.0, 15.0","785.0, 785.0",Individual Greedy DTS,True,0.3,5213.759921755618
10881,0.65707,"15.0, 15.0","785.0, 785.0",Individual Greedy DTS,True,0.3,5191.110038597946
10881,0.64360,"15.0, 15.0","785.0, 785.0",Individual Greedy DTS,True,0.3,5183.521763464674
10881,0.64561,"15.0, 15.0","785.0, 785.0",Individual Greedy DTS,True,0.3,5190.191984318447
10881,0.64711,"15.0, 15.0","785.0, 785.0",Individual Greedy DTS,True,0.3,5158.190337990624
10881,0.63862,"15.0, 15.0","785.0, 785.0",Individual Greedy DTS,True,0.3,5168.569450311191
10881,0.64512,"15.0, 15.0","785.0, 785.0",Individual Greedy DTS,True,0.3,5239.327697621539
10881,0.64932,"15.0, 15.0","785.0, 785.0",Individual Greedy DTS,True,0.3,5184.806155533203
10881,0.64271,"15.0, 15.0","785.0, 785.0",Individual Greedy DTS,True,0.3,5209.144302206274
10881,0.64677,"15.0, 15.0","785.0, 785.0",Individual Greedy DTS,True,0.3,5233.764763196885
10881,0.64158,"15.0, 15.0","785.0, 785.0",Individual Greedy DTS,True,0.3,5189.342498573497
10881,0.64462,"15.0, 15.0","785.0, 785.0",Individual Greedy DTS,True,0.3,5221.049110649578
10881,0.64458,"15.0, 15.0","785.0, 785.0",Individual Greedy DTS,True,0.3,5178.811743100678
10881,0.65962,"15.0, 15.0","785.0, 785.0",Individual Greedy DTS,True,0.3,5188.837108956247
10881,0.64590,"15.0, 15.0","785.0, 785.0",Individual Greedy DTS,True,0.3,5194.599302798112
14492,0.99594,"15.0, 15.0","785.0, 785.0",Individual A* DTS,True,0.3,4027.8210234492853
13804,0.96026,"15.0, 15.0","785.0, 785.0",Individual A* DTS,True,0.3,3868.296436425264
14052,0.97519,"15.0, 15.0","785.0, 785.0",Individual A* DTS,True,0.3,3977.9174668408555
14171,0.98853,"15.0, 15.0","785.0, 785.0",Individual A* DTS,True,0.3,4006.4807654073215
13878,0.95305,"15.0, 15.0","785.0, 785.0",Individual A* DTS,True,0.3,4111.798496422107
14024,0.98190,"15.0, 15.0","785.0, 785.0",Individual A* DTS,True,0.3,3937.052903578473
14030,0.97491,"15.0, 15.0","785.0, 785.0",Individual A* DTS,True,0.3,3958.309548701754
13897,0.95785,"15.0, 15.0","785.0, 785.0",Individual A* DTS,True,0.3,4111.235289418334
13865,0.95703,"15.0, 15.0","785.0, 785.0",Individual A* DTS,True,0.3,3986.1993704690185
13870,0.95788,"15.0, 15.0","785.0, 785.0",Individual A* DTS,True,0.3,4041.642319709084
14200,0.98690,"15.0, 15.0","785.0, 785.0",Individual A* DTS,True,0.3,3964.9021593452408
13980,0.96593,"15.0, 15.0","785.0, 785.0",Individual A* DTS,True,0.3,3954.692293638304
13857,0.95095,"15.0, 15.0","785.0, 785.0",Individual A* DTS,True,0.3,3929.5057141346024
13953,0.97226,"15.0, 15.0","785.0, 785.0",Individual A* DTS,True,0.3,3973.4079577027605
14032,0.97247,"15.0, 15.0","785.0, 785.0",Individual A* DTS,True,0.3,3919.890352232698
13772,0.94250,"15.0, 15.0","785.0, 785.0",Individual A* DTS,True,0.3,4053.975314290515
13932,0.96172,"15.0, 15.0","785.0, 785.0",Individual A* DTS,True,0.3,3926.5106524991706
13991,0.98493,"15.0, 15.0","785.0, 785.0",Individual A* DTS,True,0.3,4119.763403898813
14077,0.97733,"15.0, 15.0","785.0, 785.0",Individual A* DTS,True,0.3,3922.2017687576767
13937,0.96483,"15.0, 15.0","785.0, 785.0",Individual A* DTS,True,0.3,3935.30061422329
14058,0.97445,"15.0, 15.0","785.0, 785.0",Individual A* DTS,True,0.3,3890.7932300552693
14080,0.99344,"15.0, 15.0","785.0, 785.0",Individual A* DTS,True,0.3,3923.865278048634
14013,0.97412,"15.0, 15.0","785.0, 785.0",Individual A* DTS,True,0.3,4127.093334940265
13677,0.93598,"15.0, 15.0","785.0, 785.0",Individual A* DTS,True,0.3,3961.5083742786564
14065,0.97690,"15.0, 15.0","785.0, 785.0",Individual A* DTS,True,0.3,3999.579238568953
13955,0.96989,"15.0, 15.0","785.0, 785.0",Individual A* DTS,True,0.3,3959.143947826477
14150,0.98154,"15.0, 15.0","785.0, 785.0",Individual A* DTS,True,0.3,4124.954622208658
14019,0.97215,"15.0, 15.0","785.0, 785.0",Individual A* DTS,True,0.3,3910.373790417471
14069,0.97906,"15.0, 15.0","785.0, 785.0",Individual A* DTS,True,0.3,3996.6164157409985
13918,0.96433,"15.0, 15.0","785.0, 785.0",Individual A* DTS,True,0.3,3896.443004130778
14167,0.98290,"15.0, 15.0","785.0, 785.0",Individual A* DTS,True,0.3,3990.3326732769947
13943,0.95893,"15.0, 15.0","785.0, 785.0",Individual A* DTS,True,0.3,3993.943394422694
14001,0.97661,"15.0, 15.0","785.0, 785.0",Individual A* DTS,True,0.3,3984.1525459778954
13976,0.97207,"15.0, 15.0","785.0, 785.0",Individual A* DTS,True,0.3,4012.1295426384445
14060,0.97978,"15.0, 15.0","785.0, 785.0",Individual A* DTS,True,0.3,4001.441651826602
14061,0.98154,"15.0, 15.0","785.0, 785.0",Individual A* DTS,True,0.3,4007.696595627035
14097,0.98997,"15.0, 15.0","785.0, 785.0",Individual A* DTS,True,0.3,4080.1047665133274
13978,0.97123,"15.0, 15.0","785.0, 785.0",Individual A* DTS,True,0.3,3813.591370503181
14023,0.97322,"15.0, 15.0","785.0, 785.0",Individual A* DTS,True,0.3,4049.7456485954135
14093,0.97688,"15.0, 15.0","785.0, 785.0",Individual A* DTS,True,0.3,3994.101371941262
14077,0.99679,"15.0, 15.0","785.0, 785.0",Individual A* DTS,True,0.3,3918.6153740622385
14158,0.98338,"15.0, 15.0","785.0, 785.0",Individual A* DTS,True,0.3,4043.3298894699697
13984,0.97076,"15.0, 15.0","785.0, 785.0",Individual A* DTS,True,0.3,4015.3106103323807
13939,0.95920,"15.0, 15.0","785.0, 785.0",Individual A* DTS,True,0.3,4108.855379248206
13956,0.97843,"15.0, 15.0","785.0, 785.0",Individual A* DTS,True,0.3,3915.1962147038416
14130,0.97986,"15.0, 15.0","785.0, 785.0",Individual A* DTS,True,0.3,4246.994151049981
14018,0.98929,"15.0, 15.0","785.0, 785.0",Individual A* DTS,True,0.3,3967.9327534746726
13960,0.98192,"15.0, 15.0","785.0, 785.0",Individual A* DTS,True,0.3,3922.777883570563
14210,1.02146,"15.0, 15.0","785.0, 785.0",Individual A* DTS,True,0.3,3984.061585651231
13918,0.98024,"15.0, 15.0","785.0, 785.0",Individual A* DTS,True,0.3,3951.793331941935
13950,0.98177,"15.0, 15.0","785.0, 785.0",Individual A* DTS,True,0.3,4000.7894322575753
14069,1.00130,"15.0, 15.0","785.0, 785.0",Individual A* DTS,True,0.3,3952.062855523264
14026,0.98143,"15.0, 15.0","785.0, 785.0",Individual A* DTS,True,0.3,4118.089657370482
13813,0.95406,"15.0, 15.0","785.0, 785.0",Individual A* DTS,True,0.3,3910.1114835352478
14108,0.98326,"15.0, 15.0","785.0, 785.0",Individual A* DTS,True,0.3,4111.337990762957
14106,0.98280,"15.0, 15.0","785.0, 785.0",Individual A* DTS,True,0.3,3916.8410102061375
14290,1.00843,"15.0, 15.0","785.0, 785.0",Individual A* DTS,True,0.3,4069.8742019521183
14176,0.98542,"15.0, 15.0","785.0, 785.0",Individual A* DTS,True,0.3,3970.191074871744
14051,0.97491,"15.0, 15.0","785.0, 785.0",Individual A* DTS,True,0.3,4083.2506484314604
14057,0.98697,"15.0, 15.0","785.0, 785.0",Individual A* DTS,True,0.3,4079.4580012638303
14133,0.98437,"15.0, 15.0","785.0, 785.0",Individual A* DTS,True,0.3,3897.3257398883916
13982,0.96218,"15.0, 15.0","785.0, 785.0",Individual A* DTS,True,0.3,3902.6486554067633
14020,0.97504,"15.0, 15.0","785.0, 785.0",Individual A* DTS,True,0.3,3901.5109616797463
13988,0.97451,"15.0, 15.0","785.0, 785.0",Individual A* DTS,True,0.3,4118.285743385022
14181,0.98952,"15.0, 15.0","785.0, 785.0",Individual A* DTS,True,0.3,4063.062087791298
13843,0.95741,"15.0, 15.0","785.0, 785.0",Individual A* DTS,True,0.3,3913.5153466471697
13781,0.94947,"15.0, 15.0","785.0, 785.0",Individual A* DTS,True,0.3,3878.369394557859
14127,0.99551,"15.0, 15.0","785.0, 785.0",Individual A* DTS,True,0.3,4050.897087864804
14064,0.97689,"15.0, 15.0","785.0, 785.0",Individual A* DTS,True,0.3,4019.624935277887
13939,0.96691,"15.0, 15.0","785.0, 785.0",Individual A* DTS,True,0.3,4003.5096010577254
14049,0.98421,"15.0, 15.0","785.0, 785.0",Individual A* DTS,True,0.3,3921.8888107999774
13871,0.96190,"15.0, 15.0","785.0, 785.0",Individual A* DTS,True,0.3,4021.0264352106383
13861,0.95424,"15.0, 15.0","785.0, 785.0",Individual A* DTS,True,0.3,3974.426522441506
13916,0.95642,"15.0, 15.0","785.0, 785.0",Individual A* DTS,True,0.3,3895.7108681442496
14103,0.98544,"15.0, 15.0","785.0, 785.0",Individual A* DTS,True,0.3,3842.3968712697365
14077,0.98542,"15.0, 15.0","785.0, 785.0",Individual A* DTS,True,0.3,3853.763954516336
14033,0.97422,"15.0, 15.0","785.0, 785.0",Individual A* DTS,True,0.3,3929.1132971751617
13932,0.96838,"15.0, 15.0","785.0, 785.0",Individual A* DTS,True,0.3,4084.37640644507
14014,0.96866,"15.0, 15.0","785.0, 785.0",Individual A* DTS,True,0.3,3890.7554074749837
14070,0.97826,"15.0, 15.0","785.0, 785.0",Individual A* DTS,True,0.3,4003.200621493198
13962,0.95912,"15.0, 15.0","785.0, 785.0",Individual A* DTS,True,0.3,3974.2673066036627
13908,0.96435,"15.0, 15.0","785.0, 785.0",Individual A* DTS,True,0.3,4119.360402906958
14067,0.97413,"15.0, 15.0","785.0, 785.0",Individual A* DTS,True,0.3,4090.1294704222355
14013,0.97739,"15.0, 15.0","785.0, 785.0",Individual A* DTS,True,0.3,4028.665228529037
13881,0.95587,"15.0, 15.0","785.0, 785.0",Individual A* DTS,True,0.3,3979.7629255184047
14127,0.99466,"15.0, 15.0","785.0, 785.0",Individual A* DTS,True,0.3,3991.910820578692
13817,0.95079,"15.0, 15.0","785.0, 785.0",Individual A* DTS,True,0.3,3976.2029467091297
13853,0.96217,"15.0, 15.0","785.0, 785.0",Individual A* DTS,True,0.3,3927.2528320162455
13876,0.97008,"15.0, 15.0","785.0, 785.0",Individual A* DTS,True,0.3,3910.5098604625396
14136,0.98688,"15.0, 15.0","785.0, 785.0",Individual A* DTS,True,0.3,3942.3771412564097
14095,0.97590,"15.0, 15.0","785.0, 785.0",Individual A* DTS,True,0.3,3984.5929628567105
13971,0.97244,"15.0, 15.0","785.0, 785.0",Individual A* DTS,True,0.3,4056.235273418588
13898,0.95469,"15.0, 15.0","785.0, 785.0",Individual A* DTS,True,0.3,3897.6126916091202
14040,0.97749,"15.0, 15.0","785.0, 785.0",Individual A* DTS,True,0.3,4051.719899097006
13987,0.98677,"15.0, 15.0","785.0, 785.0",Individual A* DTS,True,0.3,3916.87392409932
14080,0.97941,"15.0, 15.0","785.0, 785.0",Individual A* DTS,True,0.3,4051.1559594787964
13960,0.96167,"15.0, 15.0","785.0, 785.0",Individual A* DTS,True,0.3,3823.651296016073
14218,0.99240,"15.0, 15.0","785.0, 785.0",Individual A* DTS,True,0.3,4009.810065650208
14111,0.99443,"15.0, 15.0","785.0, 785.0",Individual A* DTS,True,0.3,4209.724210840369
13898,0.96239,"15.0, 15.0","785.0, 785.0",Individual A* DTS,True,0.3,4011.264576932713
13996,0.98959,"15.0, 15.0","785.0, 785.0",EISMHA,True,0.0,3368.82317536171
13951,0.96024,"15.0, 15.0","785.0, 785.0",EISMHA,True,0.0,3385.8677859073123
13982,0.99251,"15.0, 15.0","785.0, 785.0",EISMHA,True,0.0,3384.7828995444506
14033,1.00243,"15.0, 15.0","785.0, 785.0",EISMHA,True,0.0,3419.422855976459
14049,0.97258,"15.0, 15.0","785.0, 785.0",EISMHA,True,0.0,3393.7874233075286
13926,0.96024,"15.0, 15.0","785.0, 785.0",EISMHA,True,0.0,3373.3960492170418
14105,0.98796,"15.0, 15.0","785.0, 785.0",EISMHA,True,0.0,3377.2283271780443
14064,0.97489,"15.0, 15.0","785.0, 785.0",EISMHA,True,0.0,3428.3982036512766
14075,0.98293,"15.0, 15.0","785.0, 785.0",EISMHA,True,0.0,3391.3887632873393
13968,0.96594,"15.0, 15.0","785.0, 785.0",EISMHA,True,0.0,3362.0003992078446
14059,0.98704,"15.0, 15.0","785.0, 785.0",EISMHA,True,0.0,3377.8469008570705
13982,0.97016,"15.0, 15.0","785.0, 785.0",EISMHA,True,0.0,3391.3399858858884
14025,0.97590,"15.0, 15.0","785.0, 785.0",EISMHA,True,0.0,3398.1404233705885
14083,0.98285,"15.0, 15.0","785.0, 785.0",EISMHA,True,0.0,3403.5517268675917
14023,0.98542,"15.0, 15.0","785.0, 785.0",EISMHA,True,0.0,3416.5559686474235
13992,0.97033,"15.0, 15.0","785.0, 785.0",EISMHA,True,0.0,3350.9137710485284
14134,0.98737,"15.0, 15.0","785.0, 785.0",EISMHA,True,0.0,3384.6072546228365
14007,0.97104,"15.0, 15.0","785.0, 785.0",EISMHA,True,0.0,3409.223721084672
13991,0.97093,"15.0, 15.0","785.0, 785.0",EISMHA,True,0.0,3385.483338432174
13976,0.96289,"15.0, 15.0","785.0, 785.0",EISMHA,True,0.0,3410.2657348577095
14043,0.97382,"15.0, 15.0","785.0, 785.0",EISMHA,True,0.0,3431.388358865539
14039,0.97078,"15.0, 15.0","785.0, 785.0",EISMHA,True,0.0,3411.785237353507
14048,0.97897,"15.0, 15.0","785.0, 785.0",EISMHA,True,0.0,3409.7516039827483
14044,0.96902,"15.0, 15.0","785.0, 785.0",EISMHA,True,0.0,3411.8967620124745
14015,0.97270,"15.0, 15.0","785.0, 785.0",EISMHA,True,0.0,3405.056139197715
13982,0.97590,"15.0, 15.0","785.0, 785.0",EISMHA,True,0.0,3385.880333134951
14011,0.98108,"15.0, 15.0","785.0, 785.0",EISMHA,True,0.0,3416.7028940448904
13978,0.97026,"15.0, 15.0","785.0, 785.0",EISMHA,True,0.0,3401.3395172349306
13971,0.97575,"15.0, 15.0","785.0, 785.0",EISMHA,True,0.0,3363.484940544183
13931,0.99141,"15.0, 15.0","785.0, 785.0",EISMHA,True,0.0,3343.250739945205
14036,0.96886,"15.0, 15.0","785.0, 785.0",EISMHA,True,0.0,3396.2045636160983
14143,0.98859,"15.0, 15.0","785.0, 785.0",EISMHA,True,0.0,3415.2728306742083
13965,0.96832,"15.0, 15.0","785.0, 785.0",EISMHA,True,0.0,3395.7800133098062
14091,0.99677,"15.0, 15.0","785.0, 785.0",EISMHA,True,0.0,3410.0006697943395
14044,0.97953,"15.0, 15.0","785.0, 785.0",EISMHA,True,0.0,3410.618118794829
14005,0.97189,"15.0, 15.0","785.0, 785.0",EISMHA,True,0.0,3385.9906762961286
13989,0.96563,"15.0, 15.0","785.0, 785.0",EISMHA,True,0.0,3388.368482931341
14026,0.98535,"15.0, 15.0","785.0, 785.0",EISMHA,True,0.0,3414.107194552602
14111,0.98580,"15.0, 15.0","785.0, 785.0",EISMHA,True,0.0,3388.98292290267
14120,0.98503,"15.0, 15.0","785.0, 785.0",EISMHA,True,0.0,3424.9673156325366
14106,0.98690,"15.0, 15.0","785.0, 785.0",EISMHA,True,0.0,3391.7830136142206
14093,0.99162,"15.0, 15.0","785.0, 785.0",EISMHA,True,0.0,3401.5158819476533
13962,0.97135,"15.0, 15.0","785.0, 785.0",EISMHA,True,0.0,3359.213806120623
14056,0.98225,"15.0, 15.0","785.0, 785.0",EISMHA,True,0.0,3417.282796022701
14026,0.97632,"15.0, 15.0","785.0, 785.0",EISMHA,True,0.0,3427.012660232991
14066,0.99479,"15.0, 15.0","785.0, 785.0",EISMHA,True,0.0,3411.0241971379596
14079,0.97523,"15.0, 15.0","785.0, 785.0",EISMHA,True,0.0,3382.245078679007
14023,0.97388,"15.0, 15.0","785.0, 785.0",EISMHA,True,0.0,3362.9449843349717
14063,0.97697,"15.0, 15.0","785.0, 785.0",EISMHA,True,0.0,3393.311539858619
14103,0.99000,"15.0, 15.0","785.0, 785.0",EISMHA,True,0.0,3409.236622320324
14022,0.97414,"15.0, 15.0","785.0, 785.0",EISMHA,True,0.0,3364.979057891119
13989,0.96845,"15.0, 15.0","785.0, 785.0",EISMHA,True,0.0,3406.00828174874
14039,0.97136,"15.0, 15.0","785.0, 785.0",EISMHA,True,0.0,3396.8545143894644
13993,0.97924,"15.0, 15.0","785.0, 785.0",EISMHA,True,0.0,3414.928925797364
14034,0.97602,"15.0, 15.0","785.0, 785.0",EISMHA,True,0.0,3402.7573848368634
14048,0.97344,"15.0, 15.0","785.0, 785.0",EISMHA,True,0.0,3401.2512245932835
14002,0.96481,"15.0, 15.0","785.0, 785.0",EISMHA,True,0.0,3400.024999983555
14074,0.98689,"15.0, 15.0","785.0, 785.0",EISMHA,True,0.0,3405.829781669268
14055,0.97190,"15.0, 15.0","785.0, 785.0",EISMHA,True,0.0,3402.4566580453697
13944,0.96188,"15.0, 15.0","785.0, 785.0",EISMHA,True,0.0,3386.8618690695644
13992,0.96830,"15.0, 15.0","785.0, 785.0",EISMHA,True,0.0,3381.2807095574617
14059,1.00209,"15.0, 15.0","785.0, 785.0",EISMHA,True,0.0,3385.8478975953108
13914,0.96189,"15.0, 15.0","785.0, 785.0",EISMHA,True,0.0,3366.6914860286392
14063,0.98242,"15.0, 15.0","785.0, 785.0",EISMHA,True,0.0,3405.0994836130876
13973,0.96991,"15.0, 15.0","785.0, 785.0",EISMHA,True,0.0,3404.1833689568834
14038,0.98706,"15.0, 15.0","785.0, 785.0",EISMHA,True,0.0,3373.7215735198047
13929,0.99102,"15.0, 15.0","785.0, 785.0",EISMHA,True,0.0,3382.168074669475
14062,0.98622,"15.0, 15.0","785.0, 785.0",EISMHA,True,0.0,3434.7058253354685
14083,0.99390,"15.0, 15.0","785.0, 785.0",EISMHA,True,0.0,3394.0800799503886
13945,1.00043,"15.0, 15.0","785.0, 785.0",EISMHA,True,0.0,3341.908870102618
13921,0.97420,"15.0, 15.0","785.0, 785.0",EISMHA,True,0.0,3396.9347294987865
14040,0.97022,"15.0, 15.0","785.0, 785.0",EISMHA,True,0.0,3392.9139989705354
13995,0.97274,"15.0, 15.0","785.0, 785.0",EISMHA,True,0.0,3408.3834364106556
14022,0.97664,"15.0, 15.0","785.0, 785.0",EISMHA,True,0.0,3397.346449325551
14021,0.97518,"15.0, 15.0","785.0, 785.0",EISMHA,True,0.0,3380.347142873707
14034,0.97264,"15.0, 15.0","785.0, 785.0",EISMHA,True,0.0,3421.9354341626745
14032,0.97759,"15.0, 15.0","785.0, 785.0",EISMHA,True,0.0,3372.970236507604
14051,0.99728,"15.0, 15.0","785.0, 785.0",EISMHA,True,0.0,3399.427362980006
13999,0.96783,"15.0, 15.0","785.0, 785.0",EISMHA,True,0.0,3335.8372873262156
14088,0.98454,"15.0, 15.0","785.0, 785.0",EISMHA,True,0.0,3407.0842538097772
14071,0.98152,"15.0, 15.0","785.0, 785.0",EISMHA,True,0.0,3385.6138511858767
14010,1.01098,"15.0, 15.0","785.0, 785.0",EISMHA,True,0.0,3418.7391502751984
14083,0.98625,"15.0, 15.0","785.0, 785.0",EISMHA,True,0.0,3403.140514971544
14018,0.99590,"15.0, 15.0","785.0, 785.0",EISMHA,True,0.0,3423.1077293157905
14004,0.96945,"15.0, 15.0","785.0, 785.0",EISMHA,True,0.0,3386.2420677735204
14064,0.98739,"15.0, 15.0","785.0, 785.0",EISMHA,True,0.0,3421.062785616228
13964,0.96514,"15.0, 15.0","785.0, 785.0",EISMHA,True,0.0,3355.5071099037223
13929,0.96437,"15.0, 15.0","785.0, 785.0",EISMHA,True,0.0,3396.60939108897
14069,0.97914,"15.0, 15.0","785.0, 785.0",EISMHA,True,0.0,3382.8504054205446
13973,0.97639,"15.0, 15.0","785.0, 785.0",EISMHA,True,0.0,3395.746050997005
14034,0.96691,"15.0, 15.0","785.0, 785.0",EISMHA,True,0.0,3403.2768592551074
13927,0.96127,"15.0, 15.0","785.0, 785.0",EISMHA,True,0.0,3382.229510311862
13914,0.96330,"15.0, 15.0","785.0, 785.0",EISMHA,True,0.0,3387.076051753819
13982,0.97938,"15.0, 15.0","785.0, 785.0",EISMHA,True,0.0,3379.2356653921265
14083,0.98044,"15.0, 15.0","785.0, 785.0",EISMHA,True,0.0,3423.3943002303395
13955,0.96240,"15.0, 15.0","785.0, 785.0",EISMHA,True,0.0,3380.22821819883
13983,0.97634,"15.0, 15.0","785.0, 785.0",EISMHA,True,0.0,3413.3389960258655
14160,1.00006,"15.0, 15.0","785.0, 785.0",EISMHA,True,0.0,3429.94315100351
13988,0.96689,"15.0, 15.0","785.0, 785.0",EISMHA,True,0.0,3359.133867769218
13953,0.96791,"15.0, 15.0","785.0, 785.0",EISMHA,True,0.0,3394.220662090992
13873,0.97319,"15.0, 15.0","785.0, 785.0",EISMHA,True,0.25,3999.830927904682
14022,0.98055,"15.0, 15.0","785.0, 785.0",EISMHA,True,0.25,3978.3925040255654
14301,1.01023,"15.0, 15.0","785.0, 785.0",EISMHA,True,0.25,4147.598086035197
13915,0.96318,"15.0, 15.0","785.0, 785.0",EISMHA,True,0.25,4038.7570953272325
14180,1.00934,"15.0, 15.0","785.0, 785.0",EISMHA,True,0.25,4088.1251368585895
14147,0.99969,"15.0, 15.0","785.0, 785.0",EISMHA,True,0.25,3994.5953205385176
14131,0.98571,"15.0, 15.0","785.0, 785.0",EISMHA,True,0.25,4082.1947799855793
14064,1.00495,"15.0, 15.0","785.0, 785.0",EISMHA,True,0.25,4039.9165673080706
14117,1.01044,"15.0, 15.0","785.0, 785.0",EISMHA,True,0.25,3993.682106580716
13954,1.01291,"15.0, 15.0","785.0, 785.0",EISMHA,True,0.25,4066.9781017586474
14159,1.01129,"15.0, 15.0","785.0, 785.0",EISMHA,True,0.25,4081.0671540147096
14056,0.99544,"15.0, 15.0","785.0, 785.0",EISMHA,True,0.25,4044.79237312863
13943,0.98321,"15.0, 15.0","785.0, 785.0",EISMHA,True,0.25,3966.68976790664
14162,0.99563,"15.0, 15.0","785.0, 785.0",EISMHA,True,0.25,3953.75937972864
14112,0.98797,"15.0, 15.0","785.0, 785.0",EISMHA,True,0.25,3973.8428271609005
13984,0.99490,"15.0, 15.0","785.0, 785.0",EISMHA,True,0.25,4058.356453477967
14111,0.99523,"15.0, 15.0","785.0, 785.0",EISMHA,True,0.25,4078.4289755729187
14128,0.99341,"15.0, 15.0","785.0, 785.0",EISMHA,True,0.25,3961.142548772744
14212,0.99891,"15.0, 15.0","785.0, 785.0",EISMHA,True,0.25,3957.7982472028402
13975,0.98349,"15.0, 15.0","785.0, 785.0",EISMHA,True,0.25,4071.3925465637467
13945,0.97307,"15.0, 15.0","785.0, 785.0",EISMHA,True,0.25,4115.822394129383
14140,0.99403,"15.0, 15.0","785.0, 785.0",EISMHA,True,0.25,3936.712236453889
14114,0.98395,"15.0, 15.0","785.0, 785.0",EISMHA,True,0.25,4064.296423199618
13905,0.97554,"15.0, 15.0","785.0, 785.0",EISMHA,True,0.25,3925.6828313307565
14001,0.97456,"15.0, 15.0","785.0, 785.0",EISMHA,True,0.25,3986.767506071946
14186,0.99328,"15.0, 15.0","785.0, 785.0",EISMHA,True,0.25,4150.471846516967
13953,0.96820,"15.0, 15.0","785.0, 785.0",EISMHA,True,0.25,3885.0020663355504
13983,0.98271,"15.0, 15.0","785.0, 785.0",EISMHA,True,0.25,4057.29873601064
13851,0.95888,"15.0, 15.0","785.0, 785.0",EISMHA,True,0.25,3914.7528598910253
14087,0.98736,"15.0, 15.0","785.0, 785.0",EISMHA,True,0.25,4005.3358579214446
14031,0.98142,"15.0, 15.0","785.0, 785.0",EISMHA,True,0.25,4012.8910392605753
14276,1.02043,"15.0, 15.0","785.0, 785.0",EISMHA,True,0.25,3983.666944625097
14100,0.98791,"15.0, 15.0","785.0, 785.0",EISMHA,True,0.25,4073.137330191311
14038,0.98232,"15.0, 15.0","785.0, 785.0",EISMHA,True,0.25,3990.4366755371548
14127,0.98914,"15.0, 15.0","785.0, 785.0",EISMHA,True,0.25,4054.0596912919286
14192,1.01343,"15.0, 15.0","785.0, 785.0",EISMHA,True,0.25,3954.988824868058
14109,0.99391,"15.0, 15.0","785.0, 785.0",EISMHA,True,0.25,4061.563071192166
14075,0.98386,"15.0, 15.0","785.0, 785.0",EISMHA,True,0.25,4150.750855375683
14132,0.99379,"15.0, 15.0","785.0, 785.0",EISMHA,True,0.25,4003.9544377281663
13992,0.98225,"15.0, 15.0","785.0, 785.0",EISMHA,True,0.25,3902.0103081113693
13912,0.96788,"15.0, 15.0","785.0, 785.0",EISMHA,True,0.25,3977.046757382612
14120,0.98690,"15.0, 15.0","785.0, 785.0",EISMHA,True,0.25,4221.384743937528
14155,0.98895,"15.0, 15.0","785.0, 785.0",EISMHA,True,0.25,4029.5939677709557
13996,0.98692,"15.0, 15.0","785.0, 785.0",EISMHA,True,0.25,4107.7305939403905
13914,0.96252,"15.0, 15.0","785.0, 785.0",EISMHA,True,0.25,3927.487883658272
13991,0.97814,"15.0, 15.0","785.0, 785.0",EISMHA,True,0.25,3919.9351348230093
14079,0.99206,"15.0, 15.0","785.0, 785.0",EISMHA,True,0.25,3947.152667975893
14161,1.00244,"15.0, 15.0","785.0, 785.0",EISMHA,True,0.25,4086.0692626225505
13971,0.97622,"15.0, 15.0","785.0, 785.0",EISMHA,True,0.25,3898.1219213565887
13964,0.97983,"15.0, 15.0","785.0, 785.0",EISMHA,True,0.25,3955.1175171746077
14134,0.99726,"15.0, 15.0","785.0, 785.0",EISMHA,True,0.25,3966.4464901581473
14106,1.00095,"15.0, 15.0","785.0, 785.0",EISMHA,True,0.25,3995.3297605802245
14091,0.98958,"15.0, 15.0","785.0, 785.0",EISMHA,True,0.25,3970.534620053935
14027,0.98835,"15.0, 15.0","785.0, 785.0",EISMHA,True,0.25,3938.0739843022325
14205,1.00053,"15.0, 15.0","785.0, 785.0",EISMHA,True,0.25,4050.7959350144606
14001,0.98783,"15.0, 15.0","785.0, 785.0",EISMHA,True,0.25,4054.291377356185
14003,0.97845,"15.0, 15.0","785.0, 785.0",EISMHA,True,0.25,4052.268757313717
14115,0.99091,"15.0, 15.0","785.0, 785.0",EISMHA,True,0.25,4134.222382961605
14062,0.97989,"15.0, 15.0","785.0, 785.0",EISMHA,True,0.25,3922.438746429889
14178,1.00456,"15.0, 15.0","785.0, 785.0",EISMHA,True,0.25,4115.0735684241145
14279,1.00772,"15.0, 15.0","785.0, 785.0",EISMHA,True,0.25,4121.796756838018
14110,0.98991,"15.0, 15.0","785.0, 785.0",EISMHA,True,0.25,4004.0742799639897
14111,0.99791,"15.0, 15.0","785.0, 785.0",EISMHA,True,0.25,4122.38636304808
14273,1.01132,"15.0, 15.0","785.0, 785.0",EISMHA,True,0.25,4055.350457190319
14041,0.98534,"15.0, 15.0","785.0, 785.0",EISMHA,True,0.25,4031.912412685473
14211,1.00346,"15.0, 15.0","785.0, 785.0",EISMHA,True,0.25,4127.14121840042
14056,0.99590,"15.0, 15.0","785.0, 785.0",EISMHA,True,0.25,4094.436132302346
14235,1.00693,"15.0, 15.0","785.0, 785.0",EISMHA,True,0.25,4023.4671732465567
14143,0.99591,"15.0, 15.0","785.0, 785.0",EISMHA,True,0.25,4006.5673750609085
14060,0.98991,"15.0, 15.0","785.0, 785.0",EISMHA,True,0.25,4047.228217231512
14221,1.01159,"15.0, 15.0","785.0, 785.0",EISMHA,True,0.25,3937.3145901981593
13977,0.97156,"15.0, 15.0","785.0, 785.0",EISMHA,True,0.25,4063.394665227853
13979,0.97005,"15.0, 15.0","785.0, 785.0",EISMHA,True,0.25,4014.9772443745387
14007,0.99394,"15.0, 15.0","785.0, 785.0",EISMHA,True,0.25,4095.3034311578413
14205,1.04367,"15.0, 15.0","785.0, 785.0",EISMHA,True,0.25,4164.911345559163
14120,1.00308,"15.0, 15.0","785.0, 785.0",EISMHA,True,0.25,4045.3370162606934
14131,1.00876,"15.0, 15.0","785.0, 785.0",EISMHA,True,0.25,4113.500147303653
14080,1.00311,"15.0, 15.0","785.0, 785.0",EISMHA,True,0.25,3962.4527558229324
14035,0.98510,"15.0, 15.0","785.0, 785.0",EISMHA,True,0.25,4109.01528252763
14009,0.98193,"15.0, 15.0","785.0, 785.0",EISMHA,True,0.25,4012.511172506864
13975,0.98505,"15.0, 15.0","785.0, 785.0",EISMHA,True,0.25,4067.5192033831113
14156,1.00459,"15.0, 15.0","785.0, 785.0",EISMHA,True,0.25,4138.994723213371
13974,0.97377,"15.0, 15.0","785.0, 785.0",EISMHA,True,0.25,3869.136222727692
14246,1.00327,"15.0, 15.0","785.0, 785.0",EISMHA,True,0.25,4142.141060941396
14097,0.98489,"15.0, 15.0","785.0, 785.0",EISMHA,True,0.25,4054.5342694374076
14149,1.01291,"15.0, 15.0","785.0, 785.0",EISMHA,True,0.25,3855.150968959627
14041,0.98093,"15.0, 15.0","785.0, 785.0",EISMHA,True,0.25,3967.2909800738735
14160,1.00504,"15.0, 15.0","785.0, 785.0",EISMHA,True,0.25,4097.561372736513
14003,0.97672,"15.0, 15.0","785.0, 785.0",EISMHA,True,0.25,3861.4513519544053
13988,0.98553,"15.0, 15.0","785.0, 785.0",EISMHA,True,0.25,4064.0230212306838
14361,1.01425,"15.0, 15.0","785.0, 785.0",EISMHA,True,0.25,4147.533006754281
14046,0.97691,"15.0, 15.0","785.0, 785.0",EISMHA,True,0.25,4007.995866377565
14190,1.00042,"15.0, 15.0","785.0, 785.0",EISMHA,True,0.25,4078.749696671183
14126,0.99628,"15.0, 15.0","785.0, 785.0",EISMHA,True,0.25,4120.280782115656
14051,0.98645,"15.0, 15.0","785.0, 785.0",EISMHA,True,0.25,4012.6303469535187
14167,0.99828,"15.0, 15.0","785.0, 785.0",EISMHA,True,0.25,4019.645312961905
14105,0.99490,"15.0, 15.0","785.0, 785.0",EISMHA,True,0.25,4167.073180291836
14297,1.02800,"15.0, 15.0","785.0, 785.0",EISMHA,True,0.25,4000.044358761862
13859,0.96040,"15.0, 15.0","785.0, 785.0",EISMHA,True,0.25,3919.6875707395643
14124,0.99248,"15.0, 15.0","785.0, 785.0",EISMHA,True,0.25,4023.416257470242
14239,1.00941,"15.0, 15.0","785.0, 785.0",EISMHA,True,0.5,4330.6380994134715
14478,1.03698,"15.0, 15.0","785.0, 785.0",EISMHA,True,0.5,4168.705093046957
14347,1.03845,"15.0, 15.0","785.0, 785.0",EISMHA,True,0.5,4222.453921417213
14211,1.00883,"15.0, 15.0","785.0, 785.0",EISMHA,True,0.5,4280.949048147524
14189,1.00993,"15.0, 15.0","785.0, 785.0",EISMHA,True,0.5,4217.457517598788
14281,1.02537,"15.0, 15.0","785.0, 785.0",EISMHA,True,0.5,4215.061310696461
14201,1.02984,"15.0, 15.0","785.0, 785.0",EISMHA,True,0.5,4016.2024733050625
14342,1.02980,"15.0, 15.0","785.0, 785.0",EISMHA,True,0.5,4239.14612138355
14236,1.01931,"15.0, 15.0","785.0, 785.0",EISMHA,True,0.5,4164.622829661326
14369,1.03401,"15.0, 15.0","785.0, 785.0",EISMHA,True,0.5,4150.046911266703
14254,1.03285,"15.0, 15.0","785.0, 785.0",EISMHA,True,0.5,4142.602070909996
14260,1.01802,"15.0, 15.0","785.0, 785.0",EISMHA,True,0.5,4241.582151490557
14102,0.99473,"15.0, 15.0","785.0, 785.0",EISMHA,True,0.5,4276.354329514616
14162,1.00193,"15.0, 15.0","785.0, 785.0",EISMHA,True,0.5,4345.154757341069
14239,1.01648,"15.0, 15.0","785.0, 785.0",EISMHA,True,0.5,4156.512965248279
14412,1.02901,"15.0, 15.0","785.0, 785.0",EISMHA,True,0.5,4291.831780489685
14268,1.01371,"15.0, 15.0","785.0, 785.0",EISMHA,True,0.5,4290.099951488192
14338,1.02067,"15.0, 15.0","785.0, 785.0",EISMHA,True,0.5,4199.952015386321
14259,1.02447,"15.0, 15.0","785.0, 785.0",EISMHA,True,0.5,4286.701101859353
14246,1.01481,"15.0, 15.0","785.0, 785.0",EISMHA,True,0.5,4203.055564493852
14296,1.01760,"15.0, 15.0","785.0, 785.0",EISMHA,True,0.5,4133.574869796232
14281,1.04096,"15.0, 15.0","785.0, 785.0",EISMHA,True,0.5,4123.446591324352
14209,1.01549,"15.0, 15.0","785.0, 785.0",EISMHA,True,0.5,4229.545127898942
14287,1.02052,"15.0, 15.0","785.0, 785.0",EISMHA,True,0.5,4213.985593718905
14459,1.04547,"15.0, 15.0","785.0, 785.0",EISMHA,True,0.5,4181.973431171045
14293,1.03800,"15.0, 15.0","785.0, 785.0",EISMHA,True,0.5,4301.7353446245925
14231,1.01538,"15.0, 15.0","785.0, 785.0",EISMHA,True,0.5,4202.922594301101
14241,1.01715,"15.0, 15.0","785.0, 785.0",EISMHA,True,0.5,4234.436821155318
14293,1.04999,"15.0, 15.0","785.0, 785.0",EISMHA,True,0.5,4302.689681145202
14255,1.03991,"15.0, 15.0","785.0, 785.0",EISMHA,True,0.5,4289.244815021679
14366,1.04239,"15.0, 15.0","785.0, 785.0",EISMHA,True,0.5,4154.862524682737
14206,1.02412,"15.0, 15.0","785.0, 785.0",EISMHA,True,0.5,4226.132891386077
14367,1.05696,"15.0, 15.0","785.0, 785.0",EISMHA,True,0.5,4289.4735425346025
14353,1.03275,"15.0, 15.0","785.0, 785.0",EISMHA,True,0.5,4219.049073887931
14351,1.02891,"15.0, 15.0","785.0, 785.0",EISMHA,True,0.5,4261.318749737785
14316,1.02036,"15.0, 15.0","785.0, 785.0",EISMHA,True,0.5,4254.692174598222
14305,1.03444,"15.0, 15.0","785.0, 785.0",EISMHA,True,0.5,4153.372985805069
14360,1.03463,"15.0, 15.0","785.0, 785.0",EISMHA,True,0.5,4292.496467078682
14357,1.02906,"15.0, 15.0","785.0, 785.0",EISMHA,True,0.5,4236.990779356886
14218,1.01329,"15.0, 15.0","785.0, 785.0",EISMHA,True,0.5,4112.638830599488
14373,1.04554,"15.0, 15.0","785.0, 785.0",EISMHA,True,0.5,4249.2347205564265
14171,1.00949,"15.0, 15.0","785.0, 785.0",EISMHA,True,0.5,4198.626618745486
14108,1.00151,"15.0, 15.0","785.0, 785.0",EISMHA,True,0.5,4102.829890266705
14274,1.01679,"15.0, 15.0","785.0, 785.0",EISMHA,True,0.5,4253.9335248102025
14313,1.04852,"15.0, 15.0","785.0, 785.0",EISMHA,True,0.5,4247.732067277679
14407,1.02693,"15.0, 15.0","785.0, 785.0",EISMHA,True,0.5,4322.154523681425
14268,1.01767,"15.0, 15.0","785.0, 785.0",EISMHA,True,0.5,4142.245952563444
14297,1.01792,"15.0, 15.0","785.0, 785.0",EISMHA,True,0.5,4191.253094306754
14306,1.03038,"15.0, 15.0","785.0, 785.0",EISMHA,True,0.5,4246.483896613275
14269,1.01157,"15.0, 15.0","785.0, 785.0",EISMHA,True,0.5,4248.833038309053
14316,1.02497,"15.0, 15.0","785.0, 785.0",EISMHA,True,0.5,4107.5395278686665
14448,1.03549,"15.0, 15.0","785.0, 785.0",EISMHA,True,0.5,4257.780573044991
14356,1.05105,"15.0, 15.0","785.0, 785.0",EISMHA,True,0.5,4123.356542900526
14337,1.02821,"15.0, 15.0","785.0, 785.0",EISMHA,True,0.5,4277.925330325598
14222,1.01394,"15.0, 15.0","785.0, 785.0",EISMHA,True,0.5,4145.944891067282
14290,1.03486,"15.0, 15.0","785.0, 785.0",EISMHA,True,0.5,4245.437125978494
14098,0.99645,"15.0, 15.0","785.0, 785.0",EISMHA,True,0.5,4158.6517384411245
14384,1.02496,"15.0, 15.0","785.0, 785.0",EISMHA,True,0.5,4304.990429826374
14260,1.01777,"15.0, 15.0","785.0, 785.0",EISMHA,True,0.5,4197.902618071642
14023,0.99832,"15.0, 15.0","785.0, 785.0",EISMHA,True,0.5,4116.210332965993
14334,1.02015,"15.0, 15.0","785.0, 785.0",EISMHA,True,0.5,4212.196445428616
14294,1.01492,"15.0, 15.0","785.0, 785.0",EISMHA,True,0.5,4249.631887616983
14369,1.02994,"15.0, 15.0","785.0, 785.0",EISMHA,True,0.5,4159.96419028918
14258,1.02229,"15.0, 15.0","785.0, 785.0",EISMHA,True,0.5,4126.065999620572
14275,1.02015,"15.0, 15.0","785.0, 785.0",EISMHA,True,0.5,4192.069679857229
14194,1.00356,"15.0, 15.0","785.0, 785.0",EISMHA,True,0.5,4252.506223643541
14300,1.01646,"15.0, 15.0","785.0, 785.0",EISMHA,True,0.5,4218.945675711348
14321,1.02901,"15.0, 15.0","785.0, 785.0",EISMHA,True,0.5,4321.738249361936
14408,1.03930,"15.0, 15.0","785.0, 785.0",EISMHA,True,0.5,4365.6752818883215
14251,1.01631,"15.0, 15.0","785.0, 785.0",EISMHA,True,0.5,4267.01596085084
14298,1.03307,"15.0, 15.0","785.0, 785.0",EISMHA,True,0.5,4181.44833253041
14456,1.05200,"15.0, 15.0","785.0, 785.0",EISMHA,True,0.5,4303.823938517116
14295,1.02373,"15.0, 15.0","785.0, 785.0",EISMHA,True,0.5,4238.535367846335
14442,1.03621,"15.0, 15.0","785.0, 785.0",EISMHA,True,0.5,4242.496662649433
14215,1.01260,"15.0, 15.0","785.0, 785.0",EISMHA,True,0.5,4169.43461817
14409,1.04146,"15.0, 15.0","785.0, 785.0",EISMHA,True,0.5,4178.106541496927
14273,1.01528,"15.0, 15.0","785.0, 785.0",EISMHA,True,0.5,4112.831063078669
14335,1.02201,"15.0, 15.0","785.0, 785.0",EISMHA,True,0.5,4304.0600957341685
14299,1.02970,"15.0, 15.0","785.0, 785.0",EISMHA,True,0.5,4268.135075096531
14166,1.00609,"15.0, 15.0","785.0, 785.0",EISMHA,True,0.5,4116.621804286919
14407,1.02986,"15.0, 15.0","785.0, 785.0",EISMHA,True,0.5,4315.898651729735
14317,1.02433,"15.0, 15.0","785.0, 785.0",EISMHA,True,0.5,4385.928031736187
14260,1.02493,"15.0, 15.0","785.0, 785.0",EISMHA,True,0.5,4183.028459926987
14115,1.00507,"15.0, 15.0","785.0, 785.0",EISMHA,True,0.5,4107.279628536855
14386,1.03649,"15.0, 15.0","785.0, 785.0",EISMHA,True,0.5,4122.941744405286
14306,1.02626,"15.0, 15.0","785.0, 785.0",EISMHA,True,0.5,4182.887501016723
14432,1.04948,"15.0, 15.0","785.0, 785.0",EISMHA,True,0.5,4254.3155169346355
14229,1.01972,"15.0, 15.0","785.0, 785.0",EISMHA,True,0.5,4282.51196267842
14219,1.00928,"15.0, 15.0","785.0, 785.0",EISMHA,True,0.5,4259.731834229416
14169,1.00623,"15.0, 15.0","785.0, 785.0",EISMHA,True,0.5,4321.921901924774
14114,1.01195,"15.0, 15.0","785.0, 785.0",EISMHA,True,0.5,4311.332309871499
14414,1.03609,"15.0, 15.0","785.0, 785.0",EISMHA,True,0.5,4275.735013116666
14283,1.04712,"15.0, 15.0","785.0, 785.0",EISMHA,True,0.5,4301.365382758622
14230,1.03907,"15.0, 15.0","785.0, 785.0",EISMHA,True,0.5,4209.377886114927
14280,1.03621,"15.0, 15.0","785.0, 785.0",EISMHA,True,0.5,4197.325894663215
14202,1.02337,"15.0, 15.0","785.0, 785.0",EISMHA,True,0.5,4264.924109243754
14276,1.03069,"15.0, 15.0","785.0, 785.0",EISMHA,True,0.5,4181.597641965846
14440,1.04953,"15.0, 15.0","785.0, 785.0",EISMHA,True,0.5,4200.266495406637
14213,1.01166,"15.0, 15.0","785.0, 785.0",EISMHA,True,0.5,4218.650570940646
14263,1.04695,"15.0, 15.0","785.0, 785.0",EISMHA,True,0.5,4317.527541328039
14289,1.01792,"15.0, 15.0","785.0, 785.0",EISMHA,True,0.75,3756.982085759983
14169,0.99711,"15.0, 15.0","785.0, 785.0",EISMHA,True,0.75,3833.7288988786954
14232,1.01688,"15.0, 15.0","785.0, 785.0",EISMHA,True,0.75,3704.9640332293925
14075,0.99152,"15.0, 15.0","785.0, 785.0",EISMHA,True,0.75,3709.3309005830756
14149,0.99667,"15.0, 15.0","785.0, 785.0",EISMHA,True,0.75,3763.5934270375224
14246,1.00777,"15.0, 15.0","785.0, 785.0",EISMHA,True,0.75,3704.9271417357427
14265,1.01447,"15.0, 15.0","785.0, 785.0",EISMHA,True,0.75,3753.867706708453
14309,1.01280,"15.0, 15.0","785.0, 785.0",EISMHA,True,0.75,3690.2570476299898
14312,1.01092,"15.0, 15.0","785.0, 785.0",EISMHA,True,0.75,3757.873326070401
14231,1.00461,"15.0, 15.0","785.0, 785.0",EISMHA,True,0.75,3699.4095402564067
14165,1.01017,"15.0, 15.0","785.0, 785.0",EISMHA,True,0.75,3780.411408905287
14327,1.01413,"15.0, 15.0","785.0, 785.0",EISMHA,True,0.75,3751.2534556880933
14314,1.01503,"15.0, 15.0","785.0, 785.0",EISMHA,True,0.75,3748.2976728447265
14145,0.99352,"15.0, 15.0","785.0, 785.0",EISMHA,True,0.75,3745.364643309531
14232,1.01695,"15.0, 15.0","785.0, 785.0",EISMHA,True,0.75,3771.7991404070513
14265,1.02495,"15.0, 15.0","785.0, 785.0",EISMHA,True,0.75,3770.4676235754337
14157,1.00589,"15.0, 15.0","785.0, 785.0",EISMHA,True,0.75,3757.0468390319797
14263,1.01614,"15.0, 15.0","785.0, 785.0",EISMHA,True,0.75,3807.377274886512
14279,1.00992,"15.0, 15.0","785.0, 785.0",EISMHA,True,0.75,3711.828869322666
14269,1.01192,"15.0, 15.0","785.0, 785.0",EISMHA,True,0.75,3711.7945437781614
14147,0.99349,"15.0, 15.0","785.0, 785.0",EISMHA,True,0.75,3750.6692432999857
14389,1.03946,"15.0, 15.0","785.0, 785.0",EISMHA,True,0.75,3781.268922197317
14224,0.99916,"15.0, 15.0","785.0, 785.0",EISMHA,True,0.75,3702.7050302167686
14216,0.99979,"15.0, 15.0","785.0, 785.0",EISMHA,True,0.75,3748.62853518134
14200,1.00093,"15.0, 15.0","785.0, 785.0",EISMHA,True,0.75,3831.1162850370833
14079,0.99848,"15.0, 15.0","785.0, 785.0",EISMHA,True,0.75,3690.4413204600155
14163,0.99247,"15.0, 15.0","785.0, 785.0",EISMHA,True,0.75,3729.8464014908086
14189,0.99947,"15.0, 15.0","785.0, 785.0",EISMHA,True,0.75,3820.0684526312252
14111,0.98914,"15.0, 15.0","785.0, 785.0",EISMHA,True,0.75,3670.2269879574255
14221,1.01635,"15.0, 15.0","785.0, 785.0",EISMHA,True,0.75,3747.4907337192417
14323,1.04447,"15.0, 15.0","785.0, 785.0",EISMHA,True,0.75,3809.8249307937203
14210,1.02269,"15.0, 15.0","785.0, 785.0",EISMHA,True,0.75,3764.1197560558385
14369,1.04296,"15.0, 15.0","785.0, 785.0",EISMHA,True,0.75,3810.7880460396195
14108,1.03558,"15.0, 15.0","785.0, 785.0",EISMHA,True,0.75,3723.2356339456337
14258,1.03093,"15.0, 15.0","785.0, 785.0",EISMHA,True,0.75,3795.0096433894755
14310,1.02139,"15.0, 15.0","785.0, 785.0",EISMHA,True,0.75,3731.3324380447407
14142,0.99930,"15.0, 15.0","785.0, 785.0",EISMHA,True,0.75,3731.004115372922
14205,1.00803,"15.0, 15.0","785.0, 785.0",EISMHA,True,0.75,3805.2575815027885
14169,0.99693,"15.0, 15.0","785.0, 785.0",EISMHA,True,0.75,3700.134858300338
14028,0.98289,"15.0, 15.0","785.0, 785.0",EISMHA,True,0.75,3785.4568496624915
14057,0.98990,"15.0, 15.0","785.0, 785.0",EISMHA,True,0.75,3681.0704283461464
14363,1.02910,"15.0, 15.0","785.0, 785.0",EISMHA,True,0.75,3759.159621563535
14224,1.00157,"15.0, 15.0","785.0, 785.0",EISMHA,True,0.75,3648.4494985766723
14215,1.00073,"15.0, 15.0","785.0, 785.0",EISMHA,True,0.75,3715.5115117349574
14243,1.01292,"15.0, 15.0","785.0, 785.0",EISMHA,True,0.75,3692.423499608427
14175,1.00493,"15.0, 15.0","785.0, 785.0",EISMHA,True,0.75,3714.2311882862314
14257,1.01018,"15.0, 15.0","785.0, 785.0",EISMHA,True,0.75,3790.9379782080337
14225,1.00166,"15.0, 15.0","785.0, 785.0",EISMHA,True,0.75,3667.782479009178
14184,1.00718,"15.0, 15.0","785.0, 785.0",EISMHA,True,0.75,3759.5040670760977
14166,0.99859,"15.0, 15.0","785.0, 785.0",EISMHA,True,0.75,3687.546245928967
14260,1.01268,"15.0, 15.0","785.0, 785.0",EISMHA,True,0.75,3711.9757430102186
14090,0.98927,"15.0, 15.0","785.0, 785.0",EISMHA,True,0.75,3770.6082038355316
14092,1.00613,"15.0, 15.0","785.0, 785.0",EISMHA,True,0.75,3687.758859021346
14213,1.00461,"15.0, 15.0","785.0, 785.0",EISMHA,True,0.75,3699.45499082897
14311,1.00945,"15.0, 15.0","785.0, 785.0",EISMHA,True,0.75,3903.571465512616
14242,1.00755,"15.0, 15.0","785.0, 785.0",EISMHA,True,0.75,3726.2953841166154
14368,1.03399,"15.0, 15.0","785.0, 785.0",EISMHA,True,0.75,3674.517310326475
14246,1.00957,"15.0, 15.0","785.0, 785.0",EISMHA,True,0.75,3845.3306702329996
14128,0.99191,"15.0, 15.0","785.0, 785.0",EISMHA,True,0.75,3710.78908193781
14165,1.00096,"15.0, 15.0","785.0, 785.0",EISMHA,True,0.75,3699.3985892188357
14234,1.02242,"15.0, 15.0","785.0, 785.0",EISMHA,True,0.75,3669.148554803476
14263,1.01299,"15.0, 15.0","785.0, 785.0",EISMHA,True,0.75,3720.072224009012
14127,0.99822,"15.0, 15.0","785.0, 785.0",EISMHA,True,0.75,3651.753868466168
14091,0.99617,"15.0, 15.0","785.0, 785.0",EISMHA,True,0.75,3747.298875665465
14258,1.01480,"15.0, 15.0","785.0, 785.0",EISMHA,True,0.75,3791.0279418361447
14164,1.00446,"15.0, 15.0","785.0, 785.0",EISMHA,True,0.75,3789.6094445639515
14241,1.00612,"15.0, 15.0","785.0, 785.0",EISMHA,True,0.75,3707.4766888071954
14185,1.00091,"15.0, 15.0","785.0, 785.0",EISMHA,True,0.75,3731.9793905166503
14029,0.98827,"15.0, 15.0","785.0, 785.0",EISMHA,True,0.75,3706.113297993075
14152,1.00197,"15.0, 15.0","785.0, 785.0",EISMHA,True,0.75,3711.3754293660304
14253,1.00370,"15.0, 15.0","785.0, 785.0",EISMHA,True,0.75,3692.1695042410206
14174,1.00371,"15.0, 15.0","785.0, 785.0",EISMHA,True,0.75,3759.1274255893145
14152,0.99872,"15.0, 15.0","785.0, 785.0",EISMHA,True,0.75,3711.8490114450665
14196,1.01080,"15.0, 15.0","785.0, 785.0",EISMHA,True,0.75,3782.0608931145402
14198,1.00491,"15.0, 15.0","785.0, 785.0",EISMHA,True,0.75,3717.0413901283277
14120,0.99400,"15.0, 15.0","785.0, 785.0",EISMHA,True,0.75,3705.863436125419
14267,1.00795,"15.0, 15.0","785.0, 785.0",EISMHA,True,0.75,3706.5772804936496
14190,1.01746,"15.0, 15.0","785.0, 785.0",EISMHA,True,0.75,3708.179795238659
14234,1.01289,"15.0, 15.0","785.0, 785.0",EISMHA,True,0.75,3721.3427991693165
14290,1.01947,"15.0, 15.0","785.0, 785.0",EISMHA,True,0.75,3794.6397661459555
14328,1.01699,"15.0, 15.0","785.0, 785.0",EISMHA,True,0.75,3772.360897000517
14086,0.99889,"15.0, 15.0","785.0, 785.0",EISMHA,True,0.75,3738.4829717983434
14332,1.02092,"15.0, 15.0","785.0, 785.0",EISMHA,True,0.75,3735.71004289447
14246,1.01049,"15.0, 15.0","785.0, 785.0",EISMHA,True,0.75,3751.579022426394
14243,1.01451,"15.0, 15.0","785.0, 785.0",EISMHA,True,0.75,3732.1406522014363
14316,1.01573,"15.0, 15.0","785.0, 785.0",EISMHA,True,0.75,3746.588252539283
14063,0.98593,"15.0, 15.0","785.0, 785.0",EISMHA,True,0.75,3689.4219976368854
14374,1.02093,"15.0, 15.0","785.0, 785.0",EISMHA,True,0.75,3730.444620783318
14182,1.00637,"15.0, 15.0","785.0, 785.0",EISMHA,True,0.75,3739.441280951053
14173,0.99379,"15.0, 15.0","785.0, 785.0",EISMHA,True,0.75,3776.0179832251965
14205,1.00131,"15.0, 15.0","785.0, 785.0",EISMHA,True,0.75,3760.214539567586
14133,1.00661,"15.0, 15.0","785.0, 785.0",EISMHA,True,0.75,3681.5038811101113
14154,1.00182,"15.0, 15.0","785.0, 785.0",EISMHA,True,0.75,3720.872404414297
14290,1.01157,"15.0, 15.0","785.0, 785.0",EISMHA,True,0.75,3792.6351430089867
14172,1.00398,"15.0, 15.0","785.0, 785.0",EISMHA,True,0.75,3780.0551667237
14132,1.01526,"15.0, 15.0","785.0, 785.0",EISMHA,True,0.75,3700.0471008584636
14341,1.05049,"15.0, 15.0","785.0, 785.0",EISMHA,True,0.75,3693.435481265461
14282,1.04948,"15.0, 15.0","785.0, 785.0",EISMHA,True,0.75,3743.9761533153846
14223,1.02540,"15.0, 15.0","785.0, 785.0",EISMHA,True,0.75,3756.0782683357966
14216,1.01633,"15.0, 15.0","785.0, 785.0",EISMHA,True,0.75,3787.6468267615173
13976,0.98847,"15.0, 15.0","785.0, 785.0",EISMHA,True,1.0,3442.2971649149144
13981,0.98968,"15.0, 15.0","785.0, 785.0",EISMHA,True,1.0,3456.785348373974
14116,1.00251,"15.0, 15.0","785.0, 785.0",EISMHA,True,1.0,3474.8804402771784
13990,0.98694,"15.0, 15.0","785.0, 785.0",EISMHA,True,1.0,3512.047761551059
13969,0.99502,"15.0, 15.0","785.0, 785.0",EISMHA,True,1.0,3470.093175002044
14128,1.00691,"15.0, 15.0","785.0, 785.0",EISMHA,True,1.0,3477.303663873066
14070,1.00536,"15.0, 15.0","785.0, 785.0",EISMHA,True,1.0,3420.686262335863
13986,0.99658,"15.0, 15.0","785.0, 785.0",EISMHA,True,1.0,3496.3450685766716
14064,1.00945,"15.0, 15.0","785.0, 785.0",EISMHA,True,1.0,3476.275276769826
14023,0.99457,"15.0, 15.0","785.0, 785.0",EISMHA,True,1.0,3466.8392047734246
13899,0.98398,"15.0, 15.0","785.0, 785.0",EISMHA,True,1.0,3459.108270072134
13968,1.00084,"15.0, 15.0","785.0, 785.0",EISMHA,True,1.0,3447.598822440234
14089,1.01078,"15.0, 15.0","785.0, 785.0",EISMHA,True,1.0,3490.3017330305483
14031,0.99816,"15.0, 15.0","785.0, 785.0",EISMHA,True,1.0,3475.3774050462694
14076,1.00515,"15.0, 15.0","785.0, 785.0",EISMHA,True,1.0,3438.4881695368904
13936,1.00499,"15.0, 15.0","785.0, 785.0",EISMHA,True,1.0,3496.164784399174
14002,0.99243,"15.0, 15.0","785.0, 785.0",EISMHA,True,1.0,3477.66162707804
13975,0.99571,"15.0, 15.0","785.0, 785.0",EISMHA,True,1.0,3481.0194524378726
13966,1.01455,"15.0, 15.0","785.0, 785.0",EISMHA,True,1.0,3417.238329440457
13917,1.01117,"15.0, 15.0","785.0, 785.0",EISMHA,True,1.0,3429.392480784203
13957,1.00694,"15.0, 15.0","785.0, 785.0",EISMHA,True,1.0,3511.766932660011
14150,1.02593,"15.0, 15.0","785.0, 785.0",EISMHA,True,1.0,3500.796163720257
14084,1.02424,"15.0, 15.0","785.0, 785.0",EISMHA,True,1.0,3445.125787757797
13883,1.00346,"15.0, 15.0","785.0, 785.0",EISMHA,True,1.0,3457.313470370231
13971,0.99364,"15.0, 15.0","785.0, 785.0",EISMHA,True,1.0,3523.1049536358123
14134,1.00994,"15.0, 15.0","785.0, 785.0",EISMHA,True,1.0,3483.710903822909
13957,0.99096,"15.0, 15.0","785.0, 785.0",EISMHA,True,1.0,3418.108906437009
14034,1.01179,"15.0, 15.0","785.0, 785.0",EISMHA,True,1.0,3485.9632390180154
13916,0.98682,"15.0, 15.0","785.0, 785.0",EISMHA,True,1.0,3501.7974882862427
13992,0.99924,"15.0, 15.0","785.0, 785.0",EISMHA,True,1.0,3487.052766462002
14035,0.99304,"15.0, 15.0","785.0, 785.0",EISMHA,True,1.0,3516.9180252923798
13954,1.00809,"15.0, 15.0","785.0, 785.0",EISMHA,True,1.0,3427.6848921698925
14110,1.00591,"15.0, 15.0","785.0, 785.0",EISMHA,True,1.0,3523.990878294501
13909,0.98391,"15.0, 15.0","785.0, 785.0",EISMHA,True,1.0,3441.9382420372194
14011,0.99428,"15.0, 15.0","785.0, 785.0",EISMHA,True,1.0,3462.548336825702
13984,1.00511,"15.0, 15.0","785.0, 785.0",EISMHA,True,1.0,3429.548888925005
14094,1.00769,"15.0, 15.0","785.0, 785.0",EISMHA,True,1.0,3491.2292122189588
13888,0.98027,"15.0, 15.0","785.0, 785.0",EISMHA,True,1.0,3430.5075957296926
13988,0.99845,"15.0, 15.0","785.0, 785.0",EISMHA,True,1.0,3441.0383714200384
14052,1.00889,"15.0, 15.0","785.0, 785.0",EISMHA,True,1.0,3463.4546084072067
14020,0.99617,"15.0, 15.0","785.0, 785.0",EISMHA,True,1.0,3480.651791739144
14031,1.00214,"15.0, 15.0","785.0, 785.0",EISMHA,True,1.0,3458.5439964469547
14097,1.00696,"15.0, 15.0","785.0, 785.0",EISMHA,True,1.0,3477.9384418229515
14048,1.01544,"15.0, 15.0","785.0, 785.0",EISMHA,True,1.0,3474.873014231886
13960,0.98720,"15.0, 15.0","785.0, 785.0",EISMHA,True,1.0,3459.0924108229515
14010,0.99310,"15.0, 15.0","785.0, 785.0",EISMHA,True,1.0,3486.7234640068914
14025,0.99511,"15.0, 15.0","785.0, 785.0",EISMHA,True,1.0,3475.331837328611
14046,1.00544,"15.0, 15.0","785.0, 785.0",EISMHA,True,1.0,3543.441040865598
13862,0.98089,"15.0, 15.0","785.0, 785.0",EISMHA,True,1.0,3429.076500621429
14052,1.00848,"15.0, 15.0","785.0, 785.0",EISMHA,True,1.0,3443.7730225619125
14076,1.00862,"15.0, 15.0","785.0, 785.0",EISMHA,True,1.0,3446.191709493343
13946,0.99112,"15.0, 15.0","785.0, 785.0",EISMHA,True,1.0,3456.6810406529003
13959,0.99343,"15.0, 15.0","785.0, 785.0",EISMHA,True,1.0,3447.004966390902
13998,1.00044,"15.0, 15.0","785.0, 785.0",EISMHA,True,1.0,3413.498668008162
13910,1.00063,"15.0, 15.0","785.0, 785.0",EISMHA,True,1.0,3457.199443979261
14047,1.00523,"15.0, 15.0","785.0, 785.0",EISMHA,True,1.0,3469.6225129813693
14035,1.00222,"15.0, 15.0","785.0, 785.0",EISMHA,True,1.0,3479.1227893103032
13950,0.98638,"15.0, 15.0","785.0, 785.0",EISMHA,True,1.0,3458.8101320087017
14024,1.00613,"15.0, 15.0","785.0, 785.0",EISMHA,True,1.0,3451.0763197917177
14125,1.01447,"15.0, 15.0","785.0, 785.0",EISMHA,True,1.0,3479.6434825982687
14008,0.99752,"15.0, 15.0","785.0, 785.0",EISMHA,True,1.0,3455.051569654212
14039,0.99916,"15.0, 15.0","785.0, 785.0",EISMHA,True,1.0,3469.6517571490444
13998,1.00327,"15.0, 15.0","785.0, 785.0",EISMHA,True,1.0,3466.9945513980583
13972,0.99490,"15.0, 15.0","785.0, 785.0",EISMHA,True,1.0,3420.1009650964124
14045,0.99344,"15.0, 15.0","785.0, 785.0",EISMHA,True,1.0,3530.7004169930206
14013,0.99039,"15.0, 15.0","785.0, 785.0",EISMHA,True,1.0,3501.911492574587
14066,1.01208,"15.0, 15.0","785.0, 785.0",EISMHA,True,1.0,3498.1059192374682
13934,0.98995,"15.0, 15.0","785.0, 785.0",EISMHA,True,1.0,3480.301399647347
13984,0.99292,"15.0, 15.0","785.0, 785.0",EISMHA,True,1.0,3477.4590065161196
14062,1.00147,"15.0, 15.0","785.0, 785.0",EISMHA,True,1.0,3501.81023544497
13995,1.01656,"15.0, 15.0","785.0, 785.0",EISMHA,True,1.0,3492.007292698235
13964,0.99614,"15.0, 15.0","785.0, 785.0",EISMHA,True,1.0,3483.965717188746
13995,0.99569,"15.0, 15.0","785.0, 785.0",EISMHA,True,1.0,3488.016952136709
14029,1.00543,"15.0, 15.0","785.0, 785.0",EISMHA,True,1.0,3482.476939448713
14006,1.01825,"15.0, 15.0","785.0, 785.0",EISMHA,True,1.0,3498.2604897154947
14058,1.00691,"15.0, 15.0","785.0, 785.0",EISMHA,True,1.0,3475.019464046242
14109,1.00694,"15.0, 15.0","785.0, 785.0",EISMHA,True,1.0,3518.8631224303467
14009,0.99872,"15.0, 15.0","785.0, 785.0",EISMHA,True,1.0,3470.9976042501803
14015,1.00379,"15.0, 15.0","785.0, 785.0",EISMHA,True,1.0,3464.866818432636
14017,0.99492,"15.0, 15.0","785.0, 785.0",EISMHA,True,1.0,3458.610234742046
14037,0.99495,"15.0, 15.0","785.0, 785.0",EISMHA,True,1.0,3505.173207539005
14125,1.00897,"15.0, 15.0","785.0, 785.0",EISMHA,True,1.0,3461.5356830720702
13992,1.00889,"15.0, 15.0","785.0, 785.0",EISMHA,True,1.0,3443.0727223344184
14004,1.01201,"15.0, 15.0","785.0, 785.0",EISMHA,True,1.0,3484.880830033034
13975,1.00904,"15.0, 15.0","785.0, 785.0",EISMHA,True,1.0,3464.707321748963
14070,1.02195,"15.0, 15.0","785.0, 785.0",EISMHA,True,1.0,3474.626999933419
13957,1.02093,"15.0, 15.0","785.0, 785.0",EISMHA,True,1.0,3436.150380653704
13951,1.01746,"15.0, 15.0","785.0, 785.0",EISMHA,True,1.0,3488.290480023
14068,1.01113,"15.0, 15.0","785.0, 785.0",EISMHA,True,1.0,3459.2320402342193
14099,1.00725,"15.0, 15.0","785.0, 785.0",EISMHA,True,1.0,3480.6246250991394
13954,1.00487,"15.0, 15.0","785.0, 785.0",EISMHA,True,1.0,3478.310940621017
14065,1.00092,"15.0, 15.0","785.0, 785.0",EISMHA,True,1.0,3455.369714237806
13947,0.98623,"15.0, 15.0","785.0, 785.0",EISMHA,True,1.0,3442.9656198849016
13959,0.99200,"15.0, 15.0","785.0, 785.0",EISMHA,True,1.0,3407.8177381644014
14059,1.01447,"15.0, 15.0","785.0, 785.0",EISMHA,True,1.0,3464.058893258716
14003,0.99299,"15.0, 15.0","785.0, 785.0",EISMHA,True,1.0,3475.19079936272
13985,0.98873,"15.0, 15.0","785.0, 785.0",EISMHA,True,1.0,3468.3065263214294
13979,0.99225,"15.0, 15.0","785.0, 785.0",EISMHA,True,1.0,3476.5798191192857
14029,1.00177,"15.0, 15.0","785.0, 785.0",EISMHA,True,1.0,3458.383191437679
14057,0.99954,"15.0, 15.0","785.0, 785.0",EISMHA,True,1.0,3458.7339143988415
